ProcesoSancionId,Expediente,ProcesoSancionTipoNombre,ProcesoSancionEstado,FechaInicio,FechaTermino,ConfirmaPdC,MultaTotalUTA,LinkSNIFA,UnidadFiscalizableId,Nombre,RegionNombre,ComunaNombre,Latitud,Longitud,CategoriaEconomicaNombre,SubCategoriaEconomicaNombre,LinkSNIFA_UF,FechaActualizacion,DuracionDias
2,F-002-2013,Fiscalización,Terminado - Sanción,2013-04-01,2013-08-13,No,94.0,https://snifa.sma.gob.cl/Sancionatorio/Ficha/2                             ,162,MALL PLAZA EGAÑA - LA REINA,Región Metropolitana,La Reina,-33.453,-70.57,Equipamiento,Centro comercial,http://snifa.sma.gob.cl/UnidadFiscalizable/Ficha/162                           ,2026-09-12,134.0
4,D-004-2013,Denuncia,Terminado - Sanción,2013-05-02,2013-10-11,No,25.0,https://snifa.sma.gob.cl/Sancionatorio/Ficha/4                             ,2488,VERTEDERO DICHAM,Región de los Lagos,Chonchi,-42.6271413736787,-73.8412979119647,Saneamiento Ambiental,Vertedero,http://snifa.sma.gob.cl/UnidadFiscalizable/Ficha/2488                          ,2026-09-12,162.0
9,D-003-2013,Denuncia,Terminado - Sanción,2013-03-13,2013-08-19,No,12.0,https://snifa.sma.gob.cl/Sancionatorio/Ficha/9                             ,10211,ALIMENTOS RILA,Región de Arica y Parinacota,Arica,-18.3984,-70.2906,Agroindustrias,Planta procesadora de productos agrícolas,http://snifa.sma.gob.cl/UnidadFiscalizable/Ficha/10211                         ,2026-09-12,159.0
12,D-005-2013,Denuncia,Terminado - Sanción,2013-06-03,2015-03-26,No,1.0,https://snifa.sma.gob.cl/Sancionatorio/Ficha/12                            ,307,PLANTA PROCESADORA DE PRODUCTOS DEL MAR,Región de Arica y Parinacota,Arica,-18.3947,-70.2945,Pesca y Acuicultura,Elaboración y procesado de recursos hidrobiológicos,http://snifa.sma.gob.cl/UnidadFiscalizable/Ficha/307                           ,2026-09-12,661.0
13,F-007-2013,Fiscalización,Terminado - Sanción,2013-06-03,2013-11-27,No,865.0,https://snifa.sma.gob.cl/Sancionatorio/Ficha/13                            ,2435,REFINERIA ENAP BIOBIO,Región del Biobío,Hualpén,-36.7753266,-73.1168416,Instalación fabril,Planta de Refinería,http://snifa.sma.gob.cl/UnidadFiscalizable/Ficha/2435                          ,2026-09-12,177.0
16,F-009-2013,Fiscalización,Terminado - Sanción,2013-06-05,2013-11-15,No,38.0,https://snifa.sma.gob.cl/Sancionatorio/Ficha/16                            ,2455,PLANTEL LECHERO-ANCALI,Región del Biobío,Los Ángeles,-37.5905,-72.2995,Agroindustrias,Elaboración de productos lácteos,http://snifa.sma.gob.cl/UnidadFiscalizable/Ficha/2455                          ,2026-09-12,163.0
17,F-010-2013,Fiscalización,Terminado - Sanción,2013-06-07,2013-07-29,No,132.0,https://snifa.sma.gob.cl/Sancionatorio/Ficha/17                            ,1615,PUERTO VENTANAS,Región de Valparaíso,Puchuncaví,-32.753152,-71.479373,Infraestructura Portuaria,Terminal marítimo,http://snifa.sma.gob.cl/UnidadFiscalizable/Ficha/1615                          ,2026-09-12,52.0
20,D-007-2013,Denuncia,Terminado - Sanción,2013-06-10,2014-01-17,No,6.0,https://snifa.sma.gob.cl/Sancionatorio/Ficha/20                            ,13290,EDIFICIOCONSTRUCTORA INARCO S.A.,Región Metropolitana,Recoleta,-33.4319422,-70.6388136,Vivienda e Inmobiliarios,Edificio Habitacional,http://snifa.sma.gob.cl/UnidadFiscalizable/Ficha/13290                         ,2026-09-12,221.0
22,D-010-2013,Denuncia,Terminado - Sanción,2013-06-10,2013-12-30,No,20.0,https://snifa.sma.gob.cl/Sancionatorio/Ficha/22                            ,13319,SERVICIOSTELEFONICA CHILE S.A.,Región del Libertador General Bernardo O'Higgins,Rancagua,-34.1667754,-70.7457414,Otras categorías,Servicios,http://snifa.sma.gob.cl/UnidadFiscalizable/Ficha/13319                         ,2026-09-12,203.0
23,D-001-2013,Denuncia,Terminado - Sanción,2013-03-06,2013-10-15,No,59.0,https://snifa.sma.gob.cl/Sancionatorio/Ficha/23                            ,13343,MINERA NO METÁLICAÁRIDOS EN PARCELA PANGUECO SECTOR CHACAICO,Región de la Araucanía,Angol,-37.871,-72.6862,Minería,Áridos,http://snifa.sma.gob.cl/UnidadFiscalizable/Ficha/13343                         ,2026-09-12,223.0
26,F-011-2013,Fiscalización,Terminado - Sanción,2013-07-01,2022-09-20,No,21.0,https://snifa.sma.gob.cl/Sancionatorio/Ficha/26                            ,2470,PTAS TEMUCO,Región de la Araucanía,Temuco,-38.7602735384694,-72.7086698231539,Saneamiento Ambiental,Planta de Tratamiento de Aguas Servidas,http://snifa.sma.gob.cl/UnidadFiscalizable/Ficha/2470                          ,2026-09-12,3368.0
27,D-011-2013,Denuncia,Terminado - Sanción,2013-07-12,2017-06-01,No,2326.0,https://snifa.sma.gob.cl/Sancionatorio/Ficha/27                            ,1344,MINERA LOS PELAMBRES,Región de Coquimbo,Illapel,-31.7426,-70.4956,Minería,Minera metálica,http://snifa.sma.gob.cl/UnidadFiscalizable/Ficha/1344                          ,2026-09-12,1420.0
28,F-013-2013,Fiscalización,Terminado - Sanción,2013-07-30,2014-02-13,No,193.0,https://snifa.sma.gob.cl/Sancionatorio/Ficha/28                            ,2594,PASO FRONTERIZO CHUNGARA,Región de Arica y Parinacota,Putre,-18.2813954312374,-69.1376762472884,Otras categorías,Actividades y/o proyectos en sitios protegidos,http://snifa.sma.gob.cl/UnidadFiscalizable/Ficha/2594                          ,2026-09-12,198.0
33,D-012-2013,Denuncia,Terminado - Sanción,2013-08-13,2015-05-07,No,440.0,https://snifa.sma.gob.cl/Sancionatorio/Ficha/33                            ,1338,RUTA D-705 SECTOR: ILLAPEL-AUCO-LOS POZOS IV REGION,Región de Coquimbo,Canela,-31.5171,-71.097,Infraestructura de Transporte,Vía terrestre,http://snifa.sma.gob.cl/UnidadFiscalizable/Ficha/1338                          ,2026-09-12,632.0
35,F-017-2013,Fiscalización,Terminado - Sanción,2013-08-16,2013-12-04,No,17.0,https://snifa.sma.gob.cl/Sancionatorio/Ficha/35                            ,2797,ALIMENTOS FRUNA LTDA.,Región Metropolitana,Isla de Maipo,-33.7186,-70.9197,Agroindustrias,Planta procesadora de productos agrícolas,http://snifa.sma.gob.cl/UnidadFiscalizable/Ficha/2797                          ,2026-09-12,110.0
38,D-014-2013,Denuncia,Terminado - Sanción,2013-08-29,2014-11-24,No,175.0,https://snifa.sma.gob.cl/Sancionatorio/Ficha/38                            ,1849,PLANTA DE RECICLAJE DE BATERIAS  EMASA TECNOREC,Región de Valparaíso,San Antonio,-33.5665893974071,-71.5598279312134,Instalación fabril,Reciclaje de residuos y sustancias peligrosas,http://snifa.sma.gob.cl/UnidadFiscalizable/Ficha/1849                          ,2026-09-12,452.0
39,D-015-2013,Denuncia,Terminado - Sanción,2013-08-29,2015-03-27,No,8640.400000000001,https://snifa.sma.gob.cl/Sancionatorio/Ficha/39                            ,2436,CT BOCAMINA,Región del Biobío,Coronel,-37.022789,-73.16584,Energía,Central termoeléctrica,http://snifa.sma.gob.cl/UnidadFiscalizable/Ficha/2436                          ,2026-09-12,575.0
41,D-016-2013,Denuncia,Terminado - Sanción,2013-09-06,2018-04-18,No,398.0,https://snifa.sma.gob.cl/Sancionatorio/Ficha/41                            ,2603,KINROSS -REFUGIO,Región de Atacama,Tierra Amarilla,-27.5677,-69.2679,Minería,Minera metálica,http://snifa.sma.gob.cl/UnidadFiscalizable/Ficha/2603                          ,2026-09-12,1685.0
43,F-019-2013,Fiscalización,Terminado - Sanción,2013-09-10,2014-08-29,No,5299.4,https://snifa.sma.gob.cl/Sancionatorio/Ficha/43                            ,1610,MINA EL SOLDADO,Región de Valparaíso,Nogales,-32.666912,-71.169739,Minería,Minera metálica,http://snifa.sma.gob.cl/UnidadFiscalizable/Ficha/1610                          ,2026-09-12,353.0
44,D-017-2013,Denuncia,Terminado - Sanción,2013-09-11,2017-06-27,No,3575.9,https://snifa.sma.gob.cl/Sancionatorio/Ficha/44                            ,11166,MINERA PAMPA CAMARONES,Región de Arica y Parinacota,Camarones,-18.922242,-70.230519,Minería,Minera metálica,http://snifa.sma.gob.cl/UnidadFiscalizable/Ficha/11166                         ,2026-09-12,1385.0
46,D-019-2013,Denuncia,Terminado - Sanción,2013-09-13,2014-09-02,No,1.0,https://snifa.sma.gob.cl/Sancionatorio/Ficha/46                            ,13327,EDIFICIOTERRAZA TOESCA,Región Metropolitana,Santiago,-33.4549298,-70.6628963,Vivienda e Inmobiliarios,Edificio Habitacional,http://snifa.sma.gob.cl/UnidadFiscalizable/Ficha/13327                         ,2026-09-12,354.0
50,D-020-2013,Denuncia,Terminado - Sanción,2013-09-25,2014-02-07,No,304.0,https://snifa.sma.gob.cl/Sancionatorio/Ficha/50                            ,220,CERDOS PORKLAND,Región Metropolitana,Til til,-32.930183,-70.822776,Agroindustrias,Plantel de cerdos,http://snifa.sma.gob.cl/UnidadFiscalizable/Ficha/220                           ,2026-09-12,135.0
51,F-024-2013,Fiscalización,Terminado - Sanción,2013-09-27,2014-09-12,No,253.0,https://snifa.sma.gob.cl/Sancionatorio/Ficha/51                            ,233,GENERADORA METROPOLITANA SPA CENTRAL NUEVA RENCA (EX AES GENER S.A. - CENTRAL RENCA),Región Metropolitana,Renca,-33.4167,-70.6874,Energía,Central termoeléctrica,http://snifa.sma.gob.cl/UnidadFiscalizable/Ficha/233                           ,2026-09-12,350.0
59,D-021-2013,Denuncia,Terminado - Sanción,2013-10-18,2014-12-29,No,244.0,https://snifa.sma.gob.cl/Sancionatorio/Ficha/59                            ,7875,MINA INVIERNO,Región de Magallanes y la Antártica Chilena,Río Verde,-52.854671,-71.631388,Minería,Minera no metálica,http://snifa.sma.gob.cl/UnidadFiscalizable/Ficha/7875                          ,2026-09-12,437.0
61,F-025-2013,Fiscalización,Terminado - Sanción,2013-11-05,2015-03-18,No,14745.0,https://snifa.sma.gob.cl/Sancionatorio/Ficha/61                            ,2610,CASERONES,Región de Atacama,Tierra Amarilla,-28.1685345170313,-69.5603375143005,Minería,Minera metálica,http://snifa.sma.gob.cl/UnidadFiscalizable/Ficha/2610                          ,2026-09-12,498.0
62,D-023-2013,Denuncia,Terminado - Sanción,2013-11-20,2014-02-06,No,101.0,https://snifa.sma.gob.cl/Sancionatorio/Ficha/62                            ,11794,CERVECERIA KROSS- CURACAVI,Región Metropolitana,Curacaví,-33.3633,-71.1551,Agroindustrias,Vinificación / producción de alcohol,http://snifa.sma.gob.cl/UnidadFiscalizable/Ficha/11794                         ,2026-09-12,78.0
63,D-024-2013,Denuncia,Terminado - Sanción,2013-11-21,2014-02-14,No,8.0,https://snifa.sma.gob.cl/Sancionatorio/Ficha/63                            ,2899,SUPERMERCADO 10,Región Metropolitana,Peñalolén,-33.506269,-70.57961,Equipamiento,Centro comercial,http://snifa.sma.gob.cl/UnidadFiscalizable/Ficha/2899                          ,2026-09-12,85.0
64,F-026-2013,Fiscalización,Terminado - Sanción,2013-11-22,2015-10-26,No,42.0,https://snifa.sma.gob.cl/Sancionatorio/Ficha/64                            ,2535,TURBERA GRAZZIA SAN JUAN,Región de Magallanes y la Antártica Chilena,Punta Arenas,-53.6626,-70.968,Minería,Minera no metálica,http://snifa.sma.gob.cl/UnidadFiscalizable/Ficha/2535                          ,2026-09-12,703.0
65,D-025-2013,Denuncia,Terminado - Sanción,2013-11-21,2014-02-18,No,6.0,https://snifa.sma.gob.cl/Sancionatorio/Ficha/65                            ,13305,OTRA FÁBRICAFABRICA DE ESTRUCTURAS METÁLICAS Y SERVICIO DE OXICORTE,Región Metropolitana,San Miguel,-33.5142188,-70.6594195,Instalación fabril,Otras,http://snifa.sma.gob.cl/UnidadFiscalizable/Ficha/13305                         ,2026-09-12,89.0
68,F-028-2013,Fiscalización,Terminado - Sanción,2013-11-27,2014-02-25,No,0.2,https://snifa.sma.gob.cl/Sancionatorio/Ficha/68                            ,13287,LEÑERÍAESTABLECIMIENTO 500,Región de la Araucanía,Temuco,-38.7402096040632,-72.6112420333504,Equipamiento,Centro de comercialización de leña,http://snifa.sma.gob.cl/UnidadFiscalizable/Ficha/13287                         ,2026-09-12,90.0
69,F-029-2013,Fiscalización,Terminado - Sanción,2013-11-27,2014-02-25,No,0.25,https://snifa.sma.gob.cl/Sancionatorio/Ficha/69                            ,13289,FERIA AGRÍCOLAFRUTAS Y VERDURAS LA GRANJA,Región de la Araucanía,Temuco,-38.7378794,-72.6321228,Agroindustrias,Feria agrícola,http://snifa.sma.gob.cl/UnidadFiscalizable/Ficha/13289                         ,2026-09-12,90.0
70,F-036-2013,Fiscalización,Terminado - Sanción,2013-11-27,2014-03-27,No,0.2,https://snifa.sma.gob.cl/Sancionatorio/Ficha/70                            ,13331,LEÑERÍASAN CRISTÓBAL,Región de la Araucanía,Temuco,-38.7401717368111,-72.5779469269837,Equipamiento,Centro de comercialización de leña,http://snifa.sma.gob.cl/UnidadFiscalizable/Ficha/13331                         ,2026-09-12,120.0
76,F-034-2013,Fiscalización,Terminado - Sanción,2013-11-27,2014-02-25,No,0.2,https://snifa.sma.gob.cl/Sancionatorio/Ficha/76                            ,13310,UNIDAD MÓVILCAMIÓN PATENTE FTLB20,Región de la Araucanía,Temuco,-38.7359018,-72.5903739,Otras categorías,Unidades o equipos móviles,http://snifa.sma.gob.cl/UnidadFiscalizable/Ficha/13310                         ,2026-09-12,90.0
79,F-038-2013,Fiscalización,Terminado - Sanción,2013-12-09,2017-10-25,No,320.0,https://snifa.sma.gob.cl/Sancionatorio/Ficha/79                            ,2476,VERTEDERO TEMUCO,Región de la Araucanía,Temuco,-38.6615579083929,-72.7202278201294,Saneamiento Ambiental,Vertedero,http://snifa.sma.gob.cl/UnidadFiscalizable/Ficha/2476                          ,2026-09-12,1416.0
82,F-002-2014,Fiscalización,Terminado - Sanción,2014-01-14,2015-02-26,No,9.0,https://snifa.sma.gob.cl/Sancionatorio/Ficha/82                            ,2433,PLANTA VIDRIOS LIRQUEN,Región del Biobío,Penco,-36.7146,-72.9761,Instalación fabril,Planta de cristalería,http://snifa.sma.gob.cl/UnidadFiscalizable/Ficha/2433                          ,2026-09-12,408.0
1088,D-004-2014,Denuncia,Terminado - Sanción,2014-02-21,2016-07-29,No,1.0,https://snifa.sma.gob.cl/Sancionatorio/Ficha/1088                          ,11163,LOTEO RIBERA DE LA DEHESA,Región de Los Ríos,Valdivia,-39.7295585762704,-73.2325726722314,Vivienda e Inmobiliarios,Conjunto habitacional,http://snifa.sma.gob.cl/UnidadFiscalizable/Ficha/11163                         ,2026-09-12,889.0
1092,F-008-2014,Fiscalización,Terminado - Sanción,2014-02-26,2014-09-05,No,14.0,https://snifa.sma.gob.cl/Sancionatorio/Ficha/1092                          ,11196,QUESERA ARQUENCO,Región de la Araucanía,Vilcún,-38.6849,-72.3473,Agroindustrias,Elaboración de productos lácteos,http://snifa.sma.gob.cl/UnidadFiscalizable/Ficha/11196                         ,2026-09-12,191.0
1097,F-013-2014,Fiscalización,Terminado - Sanción,2014-02-26,2015-03-10,No,10.0,https://snifa.sma.gob.cl/Sancionatorio/Ficha/1097                          ,11331,FILOMENA NARVAEZ ELGUETA,Región de Valparaíso,Casablanca,-33.3505,-71.3438,Agroindustrias,Elaboración de productos lácteos,http://snifa.sma.gob.cl/UnidadFiscalizable/Ficha/11331                         ,2026-09-12,377.0
1102,F-018-2014,Fiscalización,Terminado - Sanción,2014-02-26,2014-09-05,No,13.0,https://snifa.sma.gob.cl/Sancionatorio/Ficha/1102                          ,2692,TALLER SERVICIOS DEL SUR,Región de Aysén del General Carlos Ibáñez del Campo,Aysén,-45.3799,-72.7105,Pesca y Acuicultura,Centro de redes,http://snifa.sma.gob.cl/UnidadFiscalizable/Ficha/2692                          ,2026-09-12,191.0
1104,F-020-2014,Fiscalización,Terminado - Sanción,2014-02-26,2014-09-05,No,13.0,https://snifa.sma.gob.cl/Sancionatorio/Ficha/1104                          ,11487,SOCIEDAD INVERSIONES MELIPILLA S.A.,Región Metropolitana,Melipilla,-33.6893298698153,-71.226775272844,Equipamiento,Restorán / Servicio de comidas,http://snifa.sma.gob.cl/UnidadFiscalizable/Ficha/11487                         ,2026-09-12,191.0
1107,F-023-2014,Fiscalización,Terminado - Sanción,2014-02-26,2014-09-05,No,13.0,https://snifa.sma.gob.cl/Sancionatorio/Ficha/1107                          ,2260,VIÑA CAMINO REAL,Región del Libertador General Bernardo O'Higgins,Mostazal,-34.053615639183,-70.6905609679249,Agroindustrias,Vinificación / producción de alcohol,http://snifa.sma.gob.cl/UnidadFiscalizable/Ficha/2260                          ,2026-09-12,191.0
1108,F-024-2014,Fiscalización,Terminado - Sanción,2014-02-27,2014-08-25,No,1.0,https://snifa.sma.gob.cl/Sancionatorio/Ficha/1108                          ,10540,PORTAL LA FLORIDA,Región Metropolitana,La Florida,-33.511445,-70.61049,Vivienda e Inmobiliarios,Edificio Habitacional,http://snifa.sma.gob.cl/UnidadFiscalizable/Ficha/10540                         ,2026-09-12,179.0
1111,F-027-2014,Fiscalización,Terminado - Sanción,2014-02-27,2014-08-25,No,1.0,https://snifa.sma.gob.cl/Sancionatorio/Ficha/1111                          ,10550,COMUNIDAD EDIFICIO JOSE DOMINGO CAÑAS,Región Metropolitana,Ñuñoa,-33.456605,-70.610515,Vivienda e Inmobiliarios,Edificio Habitacional,http://snifa.sma.gob.cl/UnidadFiscalizable/Ficha/10550                         ,2026-09-12,179.0
1112,F-028-2014,Fiscalización,Terminado - Sanción,2014-02-27,2014-08-25,No,1.0,https://snifa.sma.gob.cl/Sancionatorio/Ficha/1112                          ,10551,COMUNIDAD EDIFICIO NEOURBANO,Región Metropolitana,Ñuñoa,-33.454201,-70.576754,Vivienda e Inmobiliarios,Edificio Habitacional,http://snifa.sma.gob.cl/UnidadFiscalizable/Ficha/10551                         ,2026-09-12,179.0
1113,F-029-2014,Fiscalización,Terminado - Sanción,2014-02-27,2014-08-25,No,1.0,https://snifa.sma.gob.cl/Sancionatorio/Ficha/1113                          ,10552,COMUNIDAD EDIFICIO ORIGEN,Región Metropolitana,Ñuñoa,-33.451549,-70.601423,Vivienda e Inmobiliarios,Edificio Habitacional,http://snifa.sma.gob.cl/UnidadFiscalizable/Ficha/10552                         ,2026-09-12,179.0
1114,F-030-2014,Fiscalización,Terminado - Sanción,2014-02-27,2014-08-25,No,1.0,https://snifa.sma.gob.cl/Sancionatorio/Ficha/1114                          ,10557,EDIFICIO RIO BAKER,Región Metropolitana,Vitacura,-33.399905,-70.580035,Vivienda e Inmobiliarios,Edificio Habitacional,http://snifa.sma.gob.cl/UnidadFiscalizable/Ficha/10557                         ,2026-09-12,179.0
1115,F-031-2014,Fiscalización,Terminado - Sanción,2014-02-27,2014-08-25,No,1.0,https://snifa.sma.gob.cl/Sancionatorio/Ficha/1115                          ,10554,EDIFICIO MIRADOR EL LLANO,Región Metropolitana,San Miguel,-33.4873,-70.6534,Vivienda e Inmobiliarios,Edificio Habitacional,http://snifa.sma.gob.cl/UnidadFiscalizable/Ficha/10554                         ,2026-09-12,179.0
1116,F-032-2014,Fiscalización,Terminado - Sanción,2014-02-27,2014-08-25,No,1.0,https://snifa.sma.gob.cl/Sancionatorio/Ficha/1116                          ,10558,EDIFICIO VITACURA PLAZA,Región Metropolitana,Vitacura,-33.383513,-70.553136,Vivienda e Inmobiliarios,Edificio Habitacional,http://snifa.sma.gob.cl/UnidadFiscalizable/Ficha/10558                         ,2026-09-12,179.0
1138,D-007-2014,Denuncia,Terminado - Sanción,2014-06-03,2015-03-12,No,106.0,https://snifa.sma.gob.cl/Sancionatorio/Ficha/1138                          ,10002,VALBI LTDA. (PLANTA PROCESADORA DE NUECES) - BUIN,Región Metropolitana,Buin,-33.7289,-70.764,Agroindustrias,Planta procesadora de productos agrícolas,http://snifa.sma.gob.cl/UnidadFiscalizable/Ficha/10002                         ,2026-09-12,282.0
1139,D-008-2014,Denuncia,Terminado - Sanción,2014-06-03,2015-04-06,No,48.0,https://snifa.sma.gob.cl/Sancionatorio/Ficha/1139                          ,2964,ALIMENTOS ANTILLAL,Región del Maule,Linares,-35.8563,-71.5148,Agroindustrias,Planta procesadora de productos agrícolas,http://snifa.sma.gob.cl/UnidadFiscalizable/Ficha/2964                          ,2026-09-12,307.0
1140,D-009-2014,Denuncia,Terminado - Sanción,2014-06-11,2015-02-05,No,124.4,https://snifa.sma.gob.cl/Sancionatorio/Ficha/1140                          ,7864,METRO S.A. LINEA 4,Región Metropolitana,Peñalolén,-33.488108,-70.580222,Infraestructura de Transporte,Metro,http://snifa.sma.gob.cl/UnidadFiscalizable/Ficha/7864                          ,2026-09-12,239.0
1141,D-010-2014,Denuncia,Terminado - Sanción,2014-06-11,2014-12-23,No,1.0,https://snifa.sma.gob.cl/Sancionatorio/Ficha/1141                          ,10566,ELECTRICIDAD INDUSTRIAL,Región Metropolitana,Santiago,-33.45078,-70.634575,Instalación fabril,Otras,http://snifa.sma.gob.cl/UnidadFiscalizable/Ficha/10566                         ,2026-09-12,195.0
1142,D-011-2014,Denuncia,Terminado - Sanción,2014-06-11,2014-12-23,No,81.0,https://snifa.sma.gob.cl/Sancionatorio/Ficha/1142                          ,10567,EDIFICIO BELLET 2,Región Metropolitana,Providencia,-33.425061,-70.618744,Vivienda e Inmobiliarios,Edificio Habitacional,http://snifa.sma.gob.cl/UnidadFiscalizable/Ficha/10567                         ,2026-09-12,195.0
1143,F-054-2014,Fiscalización,Terminado - Sanción,2014-06-12,2015-05-04,No,6554.0,https://snifa.sma.gob.cl/Sancionatorio/Ficha/1143                          ,229,LOS BRONCES - ANGLO AMERICAN SUR S.A.,Región Metropolitana,Lo Barnechea,-33.1674435,-70.3244411,Minería,Minera metálica,http://snifa.sma.gob.cl/UnidadFiscalizable/Ficha/229                           ,2026-09-12,326.0
1146,D-013-2014,Denuncia,Terminado - Sanción,2014-06-27,2015-12-21,No,221.0,https://snifa.sma.gob.cl/Sancionatorio/Ficha/1146                          ,2880,ACOPIO DE CONCHAS Y PLANTA DE CAL AGRICOLA CHILOE,Región de los Lagos,Castro,-42.3972170052789,-73.7053900145405,Pesca y Acuicultura,Elaboración y procesado de recursos hidrobiológicos,http://snifa.sma.gob.cl/UnidadFiscalizable/Ficha/2880                          ,2026-09-12,542.0
1149,F-057-2014,Fiscalización,Terminado - Sanción,2014-08-06,2022-11-21,No,270.0,https://snifa.sma.gob.cl/Sancionatorio/Ficha/1149                          ,6369,EAGON LAUTARO,Región de la Araucanía,Lautaro,-38.5367996625786,-72.4593275238037,Forestal,Aserradero / procesadora de madera,http://snifa.sma.gob.cl/UnidadFiscalizable/Ficha/6369                          ,2026-09-12,3029.0
1151,F-059-2014,Fiscalización,Terminado - Sanción,2014-08-14,2015-05-04,No,807.0,https://snifa.sma.gob.cl/Sancionatorio/Ficha/1151                          ,229,LOS BRONCES - ANGLO AMERICAN SUR S.A.,Región Metropolitana,Lo Barnechea,-33.1674435,-70.3244411,Minería,Minera metálica,http://snifa.sma.gob.cl/UnidadFiscalizable/Ficha/229                           ,2026-09-12,263.0
1153,D-015-2014,Denuncia,Terminado - Sanción,2014-09-08,2015-09-15,No,1.0,https://snifa.sma.gob.cl/Sancionatorio/Ficha/1153                          ,13286,CENTRO RELIGIOSOIGLESIA MINISTERIO RESTAURACIÓN EN ACCIÓN,Región Metropolitana,La Granja,-33.5447122260055,-70.6123194583359,Equipamiento,Centro de culto religioso / espiritual,http://snifa.sma.gob.cl/UnidadFiscalizable/Ficha/13286                         ,2026-09-12,372.0
1165,F-064-2014,Fiscalización,Terminado - Sanción,2014-11-05,2015-05-14,No,1.6,https://snifa.sma.gob.cl/Sancionatorio/Ficha/1165                          ,13281,LEÑERÍAWESTMILL,Región de la Araucanía,Temuco,-38.7425,-72.6357251,Equipamiento,Centro de comercialización de leña,http://snifa.sma.gob.cl/UnidadFiscalizable/Ficha/13281                         ,2026-09-12,190.0
1166,F-065-2014,Fiscalización,Terminado - Sanción,2014-11-05,2015-05-25,No,3.4,https://snifa.sma.gob.cl/Sancionatorio/Ficha/1166                          ,13294,LEÑERÍASECA-SECA,Región de la Araucanía,Temuco,-38.7389203736498,-72.6144757310066,Equipamiento,Centro de comercialización de leña,http://snifa.sma.gob.cl/UnidadFiscalizable/Ficha/13294                         ,2026-09-12,201.0
1174,D-027-2014,Denuncia,Terminado - Sanción,2014-12-30,2021-07-30,No,451.9,https://snifa.sma.gob.cl/Sancionatorio/Ficha/1174                          ,2214,AUTODROMO CODEGUA,Región del Libertador General Bernardo O'Higgins,Codegua,-34.0368111674017,-70.6313437379324,Equipamiento,Centro deportivo / gimnasio,http://snifa.sma.gob.cl/UnidadFiscalizable/Ficha/2214                          ,2026-09-12,2404.0
1178,F-072-2014,Fiscalización,Terminado - Sanción,2014-12-30,2015-06-10,No,1.2,https://snifa.sma.gob.cl/Sancionatorio/Ficha/1178                          ,13313,LEÑERÍAESTABLECIMIENTO 502,Región de la Araucanía,Padre las Casas,-38.7912276602273,-72.5688204914331,Equipamiento,Centro de comercialización de leña,http://snifa.sma.gob.cl/UnidadFiscalizable/Ficha/13313                         ,2026-09-12,162.0
1187,F-078-2014,Fiscalización,Terminado - Sanción,2014-12-31,2015-06-05,No,2.1,https://snifa.sma.gob.cl/Sancionatorio/Ficha/1187                          ,13332,LEÑERÍAESTABLECIMIENTO 515,Región de la Araucanía,Temuco,-38.7328819,-72.5712144,Equipamiento,Centro de comercialización de leña,http://snifa.sma.gob.cl/UnidadFiscalizable/Ficha/13332                         ,2026-09-12,156.0
1192,F-002-2015,Fiscalización,Terminado - Sanción,2015-01-12,2017-06-20,No,3142.0,https://snifa.sma.gob.cl/Sancionatorio/Ficha/1192                          ,3713,CES CANALAD 1 (RNA 110669),Región de Aysén del General Carlos Ibáñez del Campo,Cisnes,-44.5261895,-73.3132435,Pesca y Acuicultura,Centro de engorda de salmones,http://snifa.sma.gob.cl/UnidadFiscalizable/Ficha/3713                          ,2026-09-12,890.0
1192,F-002-2015,Fiscalización,Terminado - Sanción,2015-01-12,2017-06-20,No,3142.0,https://snifa.sma.gob.cl/Sancionatorio/Ficha/1192                          ,4951,CES VALVERDE 5 (RNA 110688),Región de Aysén del General Carlos Ibáñez del Campo,Cisnes,-44.3465361111111,-73.8713305555556,Pesca y Acuicultura,Centro de engorda de salmones,http://snifa.sma.gob.cl/UnidadFiscalizable/Ficha/4951                          ,2026-09-12,890.0
1192,F-002-2015,Fiscalización,Terminado - Sanción,2015-01-12,2017-06-20,No,3142.0,https://snifa.sma.gob.cl/Sancionatorio/Ficha/1192                          ,4952,CES LUNA 2 (RNA 110556),Región de Aysén del General Carlos Ibáñez del Campo,Cisnes,-44.459366,-73.140483,Pesca y Acuicultura,Centro de engorda de salmones,http://snifa.sma.gob.cl/UnidadFiscalizable/Ficha/4952                          ,2026-09-12,890.0
1192,F-002-2015,Fiscalización,Terminado - Sanción,2015-01-12,2017-06-20,No,3142.0,https://snifa.sma.gob.cl/Sancionatorio/Ficha/1192                          ,4979,CES SENO VERA (RNA 110488),Región de Aysén del General Carlos Ibáñez del Campo,Aysén,-45.074966,-73.277942,Pesca y Acuicultura,Centro de engorda de salmones,http://snifa.sma.gob.cl/UnidadFiscalizable/Ficha/4979                          ,2026-09-12,890.0
1192,F-002-2015,Fiscalización,Terminado - Sanción,2015-01-12,2017-06-20,No,3142.0,https://snifa.sma.gob.cl/Sancionatorio/Ficha/1192                          ,5003,CES VALVERDE 1 (RNA 110524),Región de Aysén del General Carlos Ibáñez del Campo,Cisnes,-44.32875208333333,-73.93547152777778,Pesca y Acuicultura,Centro de engorda de salmones,http://snifa.sma.gob.cl/UnidadFiscalizable/Ficha/5003                          ,2026-09-12,890.0
1192,F-002-2015,Fiscalización,Terminado - Sanción,2015-01-12,2017-06-20,No,3142.0,https://snifa.sma.gob.cl/Sancionatorio/Ficha/1192                          ,5004,CES VALVERDE 2 (RNA 110549),Región de Aysén del General Carlos Ibáñez del Campo,Cisnes,-44.34599791666667,-73.86209791666667,Pesca y Acuicultura,Centro de engorda de salmones,http://snifa.sma.gob.cl/UnidadFiscalizable/Ficha/5004                          ,2026-09-12,890.0
1192,F-002-2015,Fiscalización,Terminado - Sanción,2015-01-12,2017-06-20,No,3142.0,https://snifa.sma.gob.cl/Sancionatorio/Ficha/1192                          ,5018,CES GRAFFER (RNA 110069),Región de Aysén del General Carlos Ibáñez del Campo,Cisnes,-44.78897,-72.935768,Pesca y Acuicultura,Centro de engorda de salmones,http://snifa.sma.gob.cl/UnidadFiscalizable/Ficha/5018                          ,2026-09-12,890.0
1192,F-002-2015,Fiscalización,Terminado - Sanción,2015-01-12,2017-06-20,No,3142.0,https://snifa.sma.gob.cl/Sancionatorio/Ficha/1192                          ,5020,CES PUNTA PAREDES (RNA 110201),Región de Aysén del General Carlos Ibáñez del Campo,Cisnes,-44.607511,-72.92248,Pesca y Acuicultura,Centro de engorda de salmones,http://snifa.sma.gob.cl/UnidadFiscalizable/Ficha/5020                          ,2026-09-12,890.0
1192,F-002-2015,Fiscalización,Terminado - Sanción,2015-01-12,2017-06-20,No,3142.0,https://snifa.sma.gob.cl/Sancionatorio/Ficha/1192                          ,5034,CES ESTERO SOTO (RNA 110060),Región de Aysén del General Carlos Ibáñez del Campo,Cisnes,-44.630396,-72.889093,Pesca y Acuicultura,Centro de engorda de salmones,http://snifa.sma.gob.cl/UnidadFiscalizable/Ficha/5034                          ,2026-09-12,890.0
1192,F-002-2015,Fiscalización,Terminado - Sanción,2015-01-12,2017-06-20,No,3142.0,https://snifa.sma.gob.cl/Sancionatorio/Ficha/1192                          ,5154,CES SUR PUYUHUAPI (RNA 110839),Región de Aysén del General Carlos Ibáñez del Campo,Cisnes,-44.939766,-73.155947,Pesca y Acuicultura,Centro de engorda de salmones,http://snifa.sma.gob.cl/UnidadFiscalizable/Ficha/5154                          ,2026-09-12,890.0
1192,F-002-2015,Fiscalización,Terminado - Sanción,2015-01-12,2017-06-20,No,3142.0,https://snifa.sma.gob.cl/Sancionatorio/Ficha/1192                          ,5256,CES HARRY (RNA 110691),Región de Aysén del General Carlos Ibáñez del Campo,Cisnes,-44.233327,-73.204166,Pesca y Acuicultura,Centro de engorda de salmones,http://snifa.sma.gob.cl/UnidadFiscalizable/Ficha/5256                          ,2026-09-12,890.0
1192,F-002-2015,Fiscalización,Terminado - Sanción,2015-01-12,2017-06-20,No,3142.0,https://snifa.sma.gob.cl/Sancionatorio/Ficha/1192                          ,5366,CES CUPTANA 2 (RNA 110254),Región de Aysén del General Carlos Ibáñez del Campo,Cisnes,-44.578588,-73.64485,Pesca y Acuicultura,Centro de engorda de salmones,http://snifa.sma.gob.cl/UnidadFiscalizable/Ficha/5366                          ,2026-09-12,890.0
1192,F-002-2015,Fiscalización,Terminado - Sanción,2015-01-12,2017-06-20,No,3142.0,https://snifa.sma.gob.cl/Sancionatorio/Ficha/1192                          ,7516,CES CUPTANA 1 (RNA 110643),Región de Aysén del General Carlos Ibáñez del Campo,Cisnes,-44.614979,-73.81061933333332,Pesca y Acuicultura,Centro de engorda de salmones,http://snifa.sma.gob.cl/UnidadFiscalizable/Ficha/7516                          ,2026-09-12,890.0
1192,F-002-2015,Fiscalización,Terminado - Sanción,2015-01-12,2017-06-20,No,3142.0,https://snifa.sma.gob.cl/Sancionatorio/Ficha/1192                          ,9588,CES BAHIA ANITA (RNA 110742),Región de Aysén del General Carlos Ibáñez del Campo,Cisnes,-44.8996765,-73.0302865,Pesca y Acuicultura,Centro de engorda de salmones,http://snifa.sma.gob.cl/UnidadFiscalizable/Ficha/9588                          ,2026-09-12,890.0
1192,F-002-2015,Fiscalización,Terminado - Sanción,2015-01-12,2017-06-20,No,3142.0,https://snifa.sma.gob.cl/Sancionatorio/Ficha/1192                          ,9797,CER PUNTA GANSO (RNA 110703),Región de Aysén del General Carlos Ibáñez del Campo,Cisnes,-44.761231,-72.77618033333333,Pesca y Acuicultura,Centro de engorda de salmones,http://snifa.sma.gob.cl/UnidadFiscalizable/Ficha/9797                          ,2026-09-12,890.0
1192,F-002-2015,Fiscalización,Terminado - Sanción,2015-01-12,2017-06-20,No,3142.0,https://snifa.sma.gob.cl/Sancionatorio/Ficha/1192                          ,11965,CES GERTRUDIS 1 (RNA 110708),Región de Aysén del General Carlos Ibáñez del Campo,Cisnes,-44.5843,-73.9683,Pesca y Acuicultura,Centro de engorda de salmones,http://snifa.sma.gob.cl/UnidadFiscalizable/Ficha/11965                         ,2026-09-12,890.0
1192,F-002-2015,Fiscalización,Terminado - Sanción,2015-01-12,2017-06-20,No,3142.0,https://snifa.sma.gob.cl/Sancionatorio/Ficha/1192                          ,11966,CES QUETROS 1 (RNA 110656),Región de Aysén del General Carlos Ibáñez del Campo,Cisnes,-44.524453,-73.786,Pesca y Acuicultura,Centro de engorda de salmones,http://snifa.sma.gob.cl/UnidadFiscalizable/Ficha/11966                         ,2026-09-12,890.0
1192,F-002-2015,Fiscalización,Terminado - Sanción,2015-01-12,2017-06-20,No,3142.0,https://snifa.sma.gob.cl/Sancionatorio/Ficha/1192                          ,17183,CES MARTA (RNA 110071),Región de Aysén del General Carlos Ibáñez del Campo,Cisnes,-44.833028,-73.00125,Pesca y Acuicultura,Centro de engorda de salmones,http://snifa.sma.gob.cl/UnidadFiscalizable/Ficha/17183                         ,2026-09-12,890.0
1194,F-004-2015,Fiscalización,Terminado - Sanción,2015-01-20,2015-07-31,No,3.1,https://snifa.sma.gob.cl/Sancionatorio/Ficha/1194                          ,13342,*RESERVADO*,Región de la Araucanía,Padre las Casas,,,Vivienda e Inmobiliarios,Casa habitación,http://snifa.sma.gob.cl/UnidadFiscalizable/Ficha/13342                         ,2026-09-12,192.0
1204,D-006-2015,Denuncia,Terminado - Sanción,2015-03-17,2016-01-27,No,26.0,https://snifa.sma.gob.cl/Sancionatorio/Ficha/1204                          ,11161,EDIFICIO SMARTLIFE,Región Metropolitana,Ñuñoa,-33.455591,-70.598008,Vivienda e Inmobiliarios,Edificio Habitacional,http://snifa.sma.gob.cl/UnidadFiscalizable/Ficha/11161                         ,2026-09-12,316.0
1206,F-008-2015,Fiscalización,Terminado - Sanción,2015-04-20,2016-01-07,No,60.0,https://snifa.sma.gob.cl/Sancionatorio/Ficha/1206                          ,227,CEMENTOS POLPAICO S.A. - TIL TIL,Región Metropolitana,Til til,-33.1492301,-70.8337067,Instalación fabril,Planta cementera,http://snifa.sma.gob.cl/UnidadFiscalizable/Ficha/227                           ,2026-09-12,262.0
1208,D-009-2015,Denuncia,Terminado - Sanción,2015-04-21,2016-02-03,No,1.0,https://snifa.sma.gob.cl/Sancionatorio/Ficha/1208                          ,11303,RESTOBAR BRUTTU'S,Región de Los Ríos,La Unión,-40.296696,-73.082564,Equipamiento,Restorán / Servicio de comidas,http://snifa.sma.gob.cl/UnidadFiscalizable/Ficha/11303                         ,2026-09-12,288.0
1212,F-010-2015,Fiscalización,Terminado - Sanción,2015-04-24,2016-04-07,No,10.0,https://snifa.sma.gob.cl/Sancionatorio/Ficha/1212                          ,13318,LEÑERÍAESTABLECIMIENTO 517,Región del Libertador General Bernardo O'Higgins,Rengo,-34.404622916274,-70.8525822318189,Equipamiento,Centro de comercialización de leña,http://snifa.sma.gob.cl/UnidadFiscalizable/Ficha/13318                         ,2026-09-12,349.0
1213,D-012-2015,Denuncia,Terminado - Sanción,2015-04-24,2015-11-02,No,16.0,https://snifa.sma.gob.cl/Sancionatorio/Ficha/1213                          ,11258,BO PACKAGING,Región Metropolitana,Quilicura,-33.3722378,-70.7257229,Instalación fabril,Otras,http://snifa.sma.gob.cl/UnidadFiscalizable/Ficha/11258                         ,2026-09-12,192.0
1216,D-015-2015,Denuncia,Terminado - Sanción,2015-05-15,2016-11-07,No,3.5,https://snifa.sma.gob.cl/Sancionatorio/Ficha/1216                          ,11309,RESTAURANT EL TORO,Región Metropolitana,Recoleta,-33.433428,-70.642423,Equipamiento,Restorán / Servicio de comidas,http://snifa.sma.gob.cl/UnidadFiscalizable/Ficha/11309                         ,2026-09-12,542.0
1219,D-016-2015,Denuncia,Terminado - Sanción,2015-05-15,2017-05-17,No,157.0,https://snifa.sma.gob.cl/Sancionatorio/Ficha/1219                          ,2668,CURTIEMBRE BAS S.A. - SAN JOAQUIN,Región Metropolitana,San Joaquín,-33.486608,-70.621873,Instalación fabril,Planta de curtiembre,http://snifa.sma.gob.cl/UnidadFiscalizable/Ficha/2668                          ,2026-09-12,733.0
1220,D-018-2015,Denuncia,Terminado - Sanción,2015-05-26,2017-03-22,No,5049.0,https://snifa.sma.gob.cl/Sancionatorio/Ficha/1220                          ,10295,CANDELARIA,Región de Atacama,Tierra Amarilla,-27.5217,-70.3088,Minería,Minera metálica,http://snifa.sma.gob.cl/UnidadFiscalizable/Ficha/10295                         ,2026-09-12,666.0
1221,D-019-2015,Denuncia,Terminado - Sanción,2015-05-26,2023-05-30,No,50.4,https://snifa.sma.gob.cl/Sancionatorio/Ficha/1221                          ,6916,FRIGORIFICO SIMUNOVIC,Región de Magallanes y la Antártica Chilena,Punta Arenas,-53.0530891275927,-70.8551497783628,Agroindustrias,Matadero / frigorífico,http://snifa.sma.gob.cl/UnidadFiscalizable/Ficha/6916                          ,2026-09-12,2926.0
1224,F-014-2015,Fiscalización,Terminado - Sanción,2015-06-09,2016-01-14,No,76.0,https://snifa.sma.gob.cl/Sancionatorio/Ficha/1224                          ,344,CENTRAL TERMOELECTRICA TARAPACA,Región de Tarapacá,Iquique,-20.8059,-70.1932,Energía,Central termoeléctrica,http://snifa.sma.gob.cl/UnidadFiscalizable/Ficha/344                           ,2026-09-12,219.0
1226,F-015-2015,Fiscalización,Terminado - Sanción,2015-06-09,2016-01-27,No,750.0,https://snifa.sma.gob.cl/Sancionatorio/Ficha/1226                          ,2970,CENTRAL TERMOELECTRICA DIEGO DE ALMAGRO,Región de Atacama,Diego de Almagro,-26.3994861905333,-70.0388802052142,Energía,Central termoeléctrica,http://snifa.sma.gob.cl/UnidadFiscalizable/Ficha/2970                          ,2026-09-12,232.0
1228,F-016-2015,Fiscalización,Terminado - Sanción,2015-06-09,2017-03-24,No,1032.0,https://snifa.sma.gob.cl/Sancionatorio/Ficha/1228                          ,2436,CT BOCAMINA,Región del Biobío,Coronel,-37.022789,-73.16584,Energía,Central termoeléctrica,http://snifa.sma.gob.cl/UnidadFiscalizable/Ficha/2436                          ,2026-09-12,654.0
1229,F-017-2015,Fiscalización,Terminado - Sanción,2015-06-09,2016-03-04,No,15.0,https://snifa.sma.gob.cl/Sancionatorio/Ficha/1229                          ,1719,CENTRAL SAN ISIDRO,Región de Valparaíso,Quillota,-32.936543,-71.3162416219711,Energía,Central termoeléctrica,http://snifa.sma.gob.cl/UnidadFiscalizable/Ficha/1719                          ,2026-09-12,269.0
1234,D-024-2015,Denuncia,Terminado - Sanción,2015-06-19,2016-03-17,No,75.0,https://snifa.sma.gob.cl/Sancionatorio/Ficha/1234                          ,1381,TECK CARMEN DE ANDACOLLO,Región de Coquimbo,Andacollo,-30.2462,-71.0965,Minería,Minera metálica,http://snifa.sma.gob.cl/UnidadFiscalizable/Ficha/1381                          ,2026-09-12,272.0
1239,D-025-2015,Denuncia,Terminado - Sanción,2015-06-30,2015-12-23,No,1.0,https://snifa.sma.gob.cl/Sancionatorio/Ficha/1239                          ,11554,RESTAURANT NUEVOS PASOS,Región de los Lagos,Puerto Montt,-41.4864,-72.9021,Equipamiento,Restorán / Servicio de comidas,http://snifa.sma.gob.cl/UnidadFiscalizable/Ficha/11554                         ,2026-09-12,176.0
1241,D-027-2015,Denuncia,Terminado - Sanción,2015-07-02,2016-11-07,No,283.0,https://snifa.sma.gob.cl/Sancionatorio/Ficha/1241                          ,1623,MINA EL TURCO,Región de Valparaíso,Cartagena,-33.539785,-71.481372,Minería,Minera metálica,http://snifa.sma.gob.cl/UnidadFiscalizable/Ficha/1623                          ,2026-09-12,494.0
1242,D-029-2015,Denuncia,Terminado - Sanción,2015-07-09,2017-07-04,No,14.0,https://snifa.sma.gob.cl/Sancionatorio/Ficha/1242                          ,11302,EDIFICIO NOVENA AVENIDA RVC INMOBILIARIA,Región Metropolitana,San Miguel,-33.512034,-70.659568,Vivienda e Inmobiliarios,Edificio Habitacional,http://snifa.sma.gob.cl/UnidadFiscalizable/Ficha/11302                         ,2026-09-12,726.0
1243,D-028-2015,Denuncia,Terminado - Sanción,2015-07-09,2016-03-31,No,23.0,https://snifa.sma.gob.cl/Sancionatorio/Ficha/1243                          ,11299,CONSTRUCTORA UPC S.A SAN MIGUEL,Región Metropolitana,San Miguel,-33.513226,-70.659998,Vivienda e Inmobiliarios,Edificio Habitacional,http://snifa.sma.gob.cl/UnidadFiscalizable/Ficha/11299                         ,2026-09-12,266.0
1250,D-034-2015,Denuncia,Terminado - Sanción,2015-08-11,2017-08-07,No,2.0,https://snifa.sma.gob.cl/Sancionatorio/Ficha/1250                          ,11308,COLEGIO GRACE COLLEGE,Región Metropolitana,Huechuraba,-33.354284,-70.677609,Equipamiento,Establecimiento educacional,http://snifa.sma.gob.cl/UnidadFiscalizable/Ficha/11308                         ,2026-09-12,727.0
1256,D-038-2015,Denuncia,Terminado - Sanción,2015-08-12,2016-11-16,No,1.0,https://snifa.sma.gob.cl/Sancionatorio/Ficha/1256                          ,13302,CENTRO DE CULTIVOPLANTA COSTA SUR S.A.,Región de Valparaíso,Valparaíso,-33.0353937,-71.5886752,Pesca y Acuicultura,Elaboración y procesado de recursos hidrobiológicos,http://snifa.sma.gob.cl/UnidadFiscalizable/Ficha/13302                         ,2026-09-12,462.0
1259,D-041-2015,Denuncia,Terminado - Sanción,2015-08-19,2016-06-14,No,8.2,https://snifa.sma.gob.cl/Sancionatorio/Ficha/1259                          ,2663,PISCICULTURA LA ESPERANZA,Región de la Araucanía,Cunco,-39.0940608,-71.9105543,Pesca y Acuicultura,Centro de cultivo de peces,http://snifa.sma.gob.cl/UnidadFiscalizable/Ficha/2663                          ,2026-09-12,300.0
1260,D-042-2015,Denuncia,Terminado - Sanción,2015-08-25,2016-05-17,No,4.0,https://snifa.sma.gob.cl/Sancionatorio/Ficha/1260                          ,10580,RESTAURANT AJI SECO II,Región Metropolitana,La Florida,-33.524549,-70.597327,Equipamiento,Restorán / Servicio de comidas,http://snifa.sma.gob.cl/UnidadFiscalizable/Ficha/10580                         ,2026-09-12,266.0
1263,D-045-2015,Denuncia,Terminado - Sanción,2015-09-01,2016-04-19,No,1.0,https://snifa.sma.gob.cl/Sancionatorio/Ficha/1263                          ,11603,PUB DISCOTHEQUE VERDE AMARELA,Región del Maule,San Javier,-35.596066,-71.728374,Equipamiento,Discoteca / pub,http://snifa.sma.gob.cl/UnidadFiscalizable/Ficha/11603                         ,2026-09-12,231.0
1264,D-046-2015,Denuncia,Terminado - Sanción,2015-09-01,2016-06-01,No,5.8,https://snifa.sma.gob.cl/Sancionatorio/Ficha/1264                          ,12084,HOSTERIA CHAÑARAL,Región de Atacama,Chañaral,-26.347977,-70.62462,Equipamiento,Establecimiento / Infraestructura para turismo,http://snifa.sma.gob.cl/UnidadFiscalizable/Ficha/12084                         ,2026-09-12,274.0
1265,D-048-2015,Denuncia,Terminado - Sanción,2015-09-10,2019-10-07,No,488.0,https://snifa.sma.gob.cl/Sancionatorio/Ficha/1265                          ,11263,CANTERAS LONCO,Región del Biobío,Chiguayante,-36.867819,-73.031126,Minería,Áridos,http://snifa.sma.gob.cl/UnidadFiscalizable/Ficha/11263                         ,2026-09-12,1488.0
1267,D-049-2015,Denuncia,Terminado - Sanción,2015-09-14,2016-12-30,No,20.0,https://snifa.sma.gob.cl/Sancionatorio/Ficha/1267                          ,13347,EMBALSERAFAEL PRIETO MORENO,Región Metropolitana,Alhué,-34.0428,-71.0475,Infraestructura Hidráulica,Embalse / presa / tranque,http://snifa.sma.gob.cl/UnidadFiscalizable/Ficha/13347                         ,2026-09-12,473.0
1269,D-051-2015,Denuncia,Terminado - Sanción,2015-09-14,2016-07-13,No,1.0,https://snifa.sma.gob.cl/Sancionatorio/Ficha/1269                          ,11570,DISCOTHEQUE EX_BOULEVARD,Región del Maule,Talca,-35.406972,-71.642885,Equipamiento,Discoteca / pub,http://snifa.sma.gob.cl/UnidadFiscalizable/Ficha/11570                         ,2026-09-12,303.0
1272,D-052-2015,Denuncia,Terminado - Sanción,2015-09-25,2016-11-30,No,14.0,https://snifa.sma.gob.cl/Sancionatorio/Ficha/1272                          ,11600,INCINERADOR INGEMEDICAL,Región de la Araucanía,Gorbea,-39.2628718139725,-72.5609687301636,Transportes y almacenajes,Transporte de sustancias peligrosas,http://snifa.sma.gob.cl/UnidadFiscalizable/Ficha/11600                         ,2026-09-12,432.0
1274,D-053-2015,Denuncia,Terminado - Sanción,2015-09-29,2017-12-01,No,28.0,https://snifa.sma.gob.cl/Sancionatorio/Ficha/1274                          ,1606,PLAN REGULADOR COMUNAL DE VALPARAISO,Región de Valparaíso,Valparaíso,-33.0848,-71.5944,Otras categorías,Instrumentos de Planificación Territorial,http://snifa.sma.gob.cl/UnidadFiscalizable/Ficha/1606                          ,2026-09-12,794.0
1275,D-055-2015,Denuncia,Terminado - Sanción,2015-09-30,2016-06-20,No,118.0,https://snifa.sma.gob.cl/Sancionatorio/Ficha/1275                          ,3898,CENTRAL DE PASADA CARILAFQUEN-MALALCAHUELLO,Región de la Araucanía,Melipeuco,-38.8917427572743,-71.5034575154255,Energía,Central hidroeléctrica de pasada,http://snifa.sma.gob.cl/UnidadFiscalizable/Ficha/3898                          ,2026-09-12,264.0
1279,D-057-2015,Denuncia,Terminado - Sanción,2015-10-14,2016-02-12,No,3.0,https://snifa.sma.gob.cl/Sancionatorio/Ficha/1279                          ,11580,IGLESIA GENERAL ARRIAGADA,Región Metropolitana,La Pintana,-33.56204,-70.619315,Equipamiento,Centro de culto religioso / espiritual,http://snifa.sma.gob.cl/UnidadFiscalizable/Ficha/11580                         ,2026-09-12,121.0
1286,F-027-2015,Fiscalización,Terminado - Sanción,2015-10-26,2016-09-16,No,250.0,https://snifa.sma.gob.cl/Sancionatorio/Ficha/1286                          ,2419,EMBALSE ANCOA MOP,Región del Maule,Colbún,-35.8519,-71.188,Infraestructura Hidráulica,Embalse / presa / tranque,http://snifa.sma.gob.cl/UnidadFiscalizable/Ficha/2419                          ,2026-09-12,326.0
1288,D-061-2015,Denuncia,Terminado - Sanción,2015-10-28,2016-07-07,No,1.0,https://snifa.sma.gob.cl/Sancionatorio/Ficha/1288                          ,11550,SCHOPERIA DOLAR,Región de Arica y Parinacota,Arica,-18.4768,-70.3189,Equipamiento,Discoteca / pub,http://snifa.sma.gob.cl/UnidadFiscalizable/Ficha/11550                         ,2026-09-12,253.0
1295,F-033-2015,Fiscalización,Terminado - Sanción,2015-11-11,2016-07-29,No,21.0,https://snifa.sma.gob.cl/Sancionatorio/Ficha/1295                          ,8335,PISCICULTURA LAS QUEMAS,Región de los Lagos,Osorno,-40.6937638888889,-73.0935555555556,Pesca y Acuicultura,Centro de cultivo de peces,http://snifa.sma.gob.cl/UnidadFiscalizable/Ficha/8335                          ,2026-09-12,261.0
1303,F-038-2015,Fiscalización,Terminado - Sanción,2015-11-17,2017-01-04,No,139.2,https://snifa.sma.gob.cl/Sancionatorio/Ficha/1303                          ,156,CMPC TISSUE S.A. - TALAGANTE,Región Metropolitana,Talagante,-33.7027137356399,-70.9350947486877,Instalación fabril,Planta de papeles y cartones,http://snifa.sma.gob.cl/UnidadFiscalizable/Ficha/156                           ,2026-09-12,414.0
1304,F-044-2015,Fiscalización,Terminado - Sanción,2015-11-20,2019-02-27,No,5.0,https://snifa.sma.gob.cl/Sancionatorio/Ficha/1304                          ,11337,AGRICOLA PUNTA DE CORTES LTDA. (PACKING KOKALY),Región del Libertador General Bernardo O'Higgins,Rancagua,-34.1818,-70.836,Agroindustrias,Planta procesadora de productos agrícolas,http://snifa.sma.gob.cl/UnidadFiscalizable/Ficha/11337                         ,2026-09-12,1195.0
1306,F-046-2015,Fiscalización,Terminado - Sanción,2015-11-20,2017-06-15,No,36.0,https://snifa.sma.gob.cl/Sancionatorio/Ficha/1306                          ,11361,AGRICOLA Y COMERCIAL ANDINA S.A. (CURICO),Región del Maule,Curicó,-35.0357,-71.1871,Agroindustrias,Planta procesadora de productos agrícolas,http://snifa.sma.gob.cl/UnidadFiscalizable/Ficha/11361                         ,2026-09-12,573.0
1311,F-036-2015,Fiscalización,Terminado - Sanción,2015-11-11,2016-08-05,No,9.5,https://snifa.sma.gob.cl/Sancionatorio/Ficha/1311                          ,155,PAPELES CORDILLERA SPA - PUENTE ALTO,Región Metropolitana,Puente Alto,-33.6114,-70.5669,Instalación fabril,Planta de papeles y cartones,http://snifa.sma.gob.cl/UnidadFiscalizable/Ficha/155                           ,2026-09-12,268.0
1314,D-064-2015,Denuncia,Terminado - Sanción,2015-11-25,2019-10-02,No,17.0,https://snifa.sma.gob.cl/Sancionatorio/Ficha/1314                          ,13094,CARNICERIA KARD,Región de Arica y Parinacota,Arica,-18.4787381901404,-70.3184217820126,Agroindustrias,Matadero / frigorífico,http://snifa.sma.gob.cl/UnidadFiscalizable/Ficha/13094                         ,2026-09-12,1407.0
1319,F-053-2015,Fiscalización,Terminado - Sanción,2015-12-03,2019-12-03,No,55.0,https://snifa.sma.gob.cl/Sancionatorio/Ficha/1319                          ,2260,VIÑA CAMINO REAL,Región del Libertador General Bernardo O'Higgins,Mostazal,-34.053615639183,-70.6905609679249,Agroindustrias,Vinificación / producción de alcohol,http://snifa.sma.gob.cl/UnidadFiscalizable/Ficha/2260                          ,2026-09-12,1461.0
1322,D-071-2015,Denuncia,Terminado - Sanción,2015-12-04,2016-08-31,No,1.5,https://snifa.sma.gob.cl/Sancionatorio/Ficha/1322                          ,13170,DISCOTECA PALO SANTO,Región del Biobío,Concepción,-36.815015,-73.058773,Equipamiento,Discoteca / pub,http://snifa.sma.gob.cl/UnidadFiscalizable/Ficha/13170                         ,2026-09-12,271.0
1325,D-069-2015,Denuncia,Terminado - Sanción,2015-12-09,2016-07-07,No,1.0,https://snifa.sma.gob.cl/Sancionatorio/Ficha/1325                          ,11618,BAR BARBUDOS,Región de la Araucanía,Temuco,-38.742253,-72.599964,Equipamiento,Discoteca / pub,http://snifa.sma.gob.cl/UnidadFiscalizable/Ficha/11618                         ,2026-09-12,211.0
1326,F-051-2015,Fiscalización,Terminado - Sanción,2015-12-10,2022-10-25,No,45.6,https://snifa.sma.gob.cl/Sancionatorio/Ficha/1326                          ,1670,PLANTA DE TRATAMIENTO DE BATERIAS CHILE-METAL LTDA.,Región de Valparaíso,San Antonio,-33.577,-71.5345,Instalación fabril,Reciclaje de residuos y sustancias peligrosas,http://snifa.sma.gob.cl/UnidadFiscalizable/Ficha/1670                          ,2026-09-12,2511.0
1330,F-057-2015,Fiscalización,Terminado - Sanción,2015-12-24,2018-06-29,No,2637.0,https://snifa.sma.gob.cl/Sancionatorio/Ficha/1330                          ,2509,MINERA EL TOQUI,Región de Aysén del General Carlos Ibáñez del Campo,Coyhaique,-45.0325849806398,-71.9432167695387,Minería,Minera metálica,http://snifa.sma.gob.cl/UnidadFiscalizable/Ficha/2509                          ,2026-09-12,918.0
1333,F-060-2015,Fiscalización,Terminado - Sanción,2015-12-30,2016-09-26,No,80.1,https://snifa.sma.gob.cl/Sancionatorio/Ficha/1333                          ,2264,VIÑA SELENTIA,Región del Libertador General Bernardo O'Higgins,San Fernando,-34.5408,-70.9696,Agroindustrias,Vinificación / producción de alcohol,http://snifa.sma.gob.cl/UnidadFiscalizable/Ficha/2264                          ,2026-09-12,271.0
1340,F-004-2016,Fiscalización,Terminado - Sanción,2016-01-14,2016-12-19,No,24.3,https://snifa.sma.gob.cl/Sancionatorio/Ficha/1340                          ,11473,CHEVRITA S.A.,Región Metropolitana,Colina,-33.0916696742859,-70.7306965595245,Agroindustrias,Elaboración de productos lácteos,http://snifa.sma.gob.cl/UnidadFiscalizable/Ficha/11473                         ,2026-09-12,340.0
1342,D-003-2016,Denuncia,Terminado - Sanción,2016-01-18,2016-10-04,No,5.0,https://snifa.sma.gob.cl/Sancionatorio/Ficha/1342                          ,13172,PUB LA COCINA,Región del Biobío,Concepción,-36.825759,-73.040559,Equipamiento,Discoteca / pub,http://snifa.sma.gob.cl/UnidadFiscalizable/Ficha/13172                         ,2026-09-12,260.0
1345,D-006-2016,Denuncia,Terminado - Sanción,2016-01-19,2016-11-15,No,9.0,https://snifa.sma.gob.cl/Sancionatorio/Ficha/1345                          ,13245,CASONA PEREZ OSSA,Región Metropolitana,San Bernardo,-33.5517344047252,-70.7303599167757,Equipamiento,Otros equipamientos,http://snifa.sma.gob.cl/UnidadFiscalizable/Ficha/13245                         ,2026-09-12,301.0
1346,F-005-2016,Fiscalización,Terminado - Sanción,2016-01-21,2016-10-04,No,23.7,https://snifa.sma.gob.cl/Sancionatorio/Ficha/1346                          ,2998,AGRICOLA DON POLLO LTDA. - LA PINTANA,Región Metropolitana,La Pintana,-33.604509,-70.656545,Agroindustrias,Plantel de aves,http://snifa.sma.gob.cl/UnidadFiscalizable/Ficha/2998                          ,2026-09-12,257.0
1347,F-006-2016,Fiscalización,Terminado - Sanción,2016-01-21,2016-12-30,No,129.7,https://snifa.sma.gob.cl/Sancionatorio/Ficha/1347                          ,9524,RILES VIÑA Y BODEGA BOTALCURA,Región del Maule,Pencahue,-35.282886,-71.773597,Agroindustrias,Vinificación / producción de alcohol,http://snifa.sma.gob.cl/UnidadFiscalizable/Ficha/9524                          ,2026-09-12,344.0
1348,D-063-2015,Denuncia,Terminado - Sanción,2016-01-27,2016-09-21,No,1.3,https://snifa.sma.gob.cl/Sancionatorio/Ficha/1348                          ,12083,PUB LA FRAGA,Región de Atacama,Copiapó,-27.36230288319819,-70.34187381036804,Equipamiento,Discoteca / pub,http://snifa.sma.gob.cl/UnidadFiscalizable/Ficha/12083                         ,2026-09-12,238.0
1350,F-007-2016,Fiscalización,Terminado - Sanción,2016-02-05,2016-11-30,No,8.6,https://snifa.sma.gob.cl/Sancionatorio/Ficha/1350                          ,11343,DAVID DEL CURTO S.A. (REQUINOA),Región del Libertador General Bernardo O'Higgins,Requínoa,-34.291525,-70.822052,Agroindustrias,Planta procesadora de productos agrícolas,http://snifa.sma.gob.cl/UnidadFiscalizable/Ficha/11343                         ,2026-09-12,299.0
1351,F-008-2016,Fiscalización,Terminado - Sanción,2016-02-05,2016-12-05,No,2.4,https://snifa.sma.gob.cl/Sancionatorio/Ficha/1351                          ,6202,DAVID DEL CURTO S.A. (PLANTA KALINKA) - CALERA DE TANGO,Región Metropolitana,Calera de Tango,-33.61093966666667,-70.821191,Agroindustrias,Planta procesadora de productos agrícolas,http://snifa.sma.gob.cl/UnidadFiscalizable/Ficha/6202                          ,2026-09-12,304.0
1352,F-009-2016,Fiscalización,Terminado - Sanción,2016-02-05,2016-11-07,No,37.1,https://snifa.sma.gob.cl/Sancionatorio/Ficha/1352                          ,11329,DAVID DEL CURTO S.A. (SAN FELIPE),Región de Valparaíso,San Felipe,-32.756415,-70.721487,Agroindustrias,Planta procesadora de productos agrícolas,http://snifa.sma.gob.cl/UnidadFiscalizable/Ficha/11329                         ,2026-09-12,276.0
1373,D-019-2016,Denuncia,Terminado - Sanción,2016-05-06,2017-01-30,No,23.2,https://snifa.sma.gob.cl/Sancionatorio/Ficha/1373                          ,2741,PISCICULTURA CALIBORO STH,Región del Biobío,Los Ángeles,-37.278106,-72.140486,Pesca y Acuicultura,Centro de cultivo de peces,http://snifa.sma.gob.cl/UnidadFiscalizable/Ficha/2741                          ,2026-09-12,269.0
1374,F-020-2016,Fiscalización,Terminado - Sanción,2016-05-06,2017-08-02,No,182.0,https://snifa.sma.gob.cl/Sancionatorio/Ficha/1374                          ,2415,LICANCEL,Región del Maule,Licantén,-34.97896299999999,-72.042294,Instalación fabril,Planta de papeles y cartones,http://snifa.sma.gob.cl/UnidadFiscalizable/Ficha/2415                          ,2026-09-12,453.0
1376,A-001-2016,Denuncia,Terminado - Sanción,2016-05-10,2018-05-28,No,120.3,https://snifa.sma.gob.cl/Sancionatorio/Ficha/1376                          ,2607,SOLENOR,Región de Atacama,Copiapó,-27.3321922,-70.1766002,Instalación fabril,Reciclaje de residuos y sustancias peligrosas,http://snifa.sma.gob.cl/UnidadFiscalizable/Ficha/2607                          ,2026-09-12,748.0
1385,D-026-2016,Denuncia,Terminado - Sanción,2016-06-07,2017-01-11,No,5.0,https://snifa.sma.gob.cl/Sancionatorio/Ficha/1385                          ,13278,PUB TASCA BRAVA,Región de Ñuble,San Carlos,-36.426686,-71.958704,Equipamiento,Discoteca / pub,http://snifa.sma.gob.cl/UnidadFiscalizable/Ficha/13278                         ,2026-09-12,218.0
1387,F-024-2016,Fiscalización,Terminado - Sanción,2016-06-16,2017-01-11,No,1.0,https://snifa.sma.gob.cl/Sancionatorio/Ficha/1387                          ,13655,EDIFICIOCOMUNIDAD EDIFICIO CASTILLA,Región de la Araucanía,Temuco,-38.7335274,-72.61187330000001,Vivienda e Inmobiliarios,Edificio Habitacional,http://snifa.sma.gob.cl/UnidadFiscalizable/Ficha/13655                         ,2026-09-12,209.0
1392,F-025-2016,Fiscalización,Terminado - Sanción,2016-06-22,2017-11-10,No,3.0,https://snifa.sma.gob.cl/Sancionatorio/Ficha/1392                          ,13730,EDIFICIO LONQUIMAY DE TEMUCO,Región de la Araucanía,Temuco,-38.73464,-72.58914,Vivienda e Inmobiliarios,Edificio Habitacional,http://snifa.sma.gob.cl/UnidadFiscalizable/Ficha/13730                         ,2026-09-12,506.0
1395,D-033-2016,Denuncia,Terminado - Sanción,2016-06-28,2018-06-04,No,302.0,https://snifa.sma.gob.cl/Sancionatorio/Ficha/1395                          ,248,EMBALSE CAREN EL TENIENTE,Región Metropolitana,Alhué,-34.0939805,-71.18439375,Minería,Disposición de residuos y estériles mineros,http://snifa.sma.gob.cl/UnidadFiscalizable/Ficha/248                           ,2026-09-12,706.0
1396,D-034-2016,Denuncia,Terminado - Sanción,2016-07-06,2019-02-07,No,630.0,https://snifa.sma.gob.cl/Sancionatorio/Ficha/1396                          ,2212,PLANTA RENDERING CHILE MINK,Región del Libertador General Bernardo O'Higgins,Mostazal,-33.964,-70.6896,Agroindustrias,Planta procesadora de productos agrícolas,http://snifa.sma.gob.cl/UnidadFiscalizable/Ficha/2212                          ,2026-09-12,946.0
1400,D-038-2016,Denuncia,Terminado - Sanción,2016-07-11,2026-06-23,No,1332.0,https://snifa.sma.gob.cl/Sancionatorio/Ficha/1400                          ,2665,MALTERIAS UNIDAS S.A. - TALAGANTE,Región Metropolitana,Talagante,-33.6574695,-70.927254,Agroindustrias,Vinificación / producción de alcohol,http://snifa.sma.gob.cl/UnidadFiscalizable/Ficha/2665                          ,2026-09-12,3634.0
1408,D-044-2016,Denuncia,Terminado - Sanción,2016-08-03,2017-10-23,No,9.8,https://snifa.sma.gob.cl/Sancionatorio/Ficha/1408                          ,13206,SOCIEDAD AGRICOLA HUERTOS CAROLINA,Región Metropolitana,Colina,-33.218200956937,-70.7049018724828,Agroindustrias,Producción agrícola / cultivos,http://snifa.sma.gob.cl/UnidadFiscalizable/Ficha/13206                         ,2026-09-12,446.0
1411,D-048-2016,Denuncia,Terminado - Sanción,2016-08-09,2017-05-08,No,11.0,https://snifa.sma.gob.cl/Sancionatorio/Ficha/1411                          ,13613,SIDDHARTHA LOUNGE,Región de Tarapacá,Iquique,-20.2364816,-70.1501534,Equipamiento,Discoteca / pub,http://snifa.sma.gob.cl/UnidadFiscalizable/Ficha/13613                         ,2026-09-12,272.0
1413,D-049-2016,Denuncia,Terminado - Sanción,2016-08-09,2017-03-09,No,5.0,https://snifa.sma.gob.cl/Sancionatorio/Ficha/1413                          ,11576,DIVASTO LOUNGE,Región de Tarapacá,Iquique,-20.236,-70.1512,Equipamiento,Discoteca / pub,http://snifa.sma.gob.cl/UnidadFiscalizable/Ficha/11576                         ,2026-09-12,212.0
1416,D-052-2016,Denuncia,Terminado - Sanción,2016-08-12,2018-02-14,No,45.0,https://snifa.sma.gob.cl/Sancionatorio/Ficha/1416                          ,13243,TERRA INNOVA CHILE S.A.,Región Metropolitana,La Pintana,-33.5855516854833,-70.6611701823323,Saneamiento Ambiental,Planta de reciclaje,http://snifa.sma.gob.cl/UnidadFiscalizable/Ficha/13243                         ,2026-09-12,551.0
1417,D-053-2016,Denuncia,Terminado - Sanción,2016-08-12,2017-05-11,No,15.0,https://snifa.sma.gob.cl/Sancionatorio/Ficha/1417                          ,13102,DISCOTEC CLUB CAMALEON,Región Metropolitana,Melipilla,-33.692747,-71.214989,Equipamiento,Discoteca / pub,http://snifa.sma.gob.cl/UnidadFiscalizable/Ficha/13102                         ,2026-09-12,272.0
1419,D-054-2016,Denuncia,Terminado - Sanción,2016-08-24,2017-01-24,No,8.0,https://snifa.sma.gob.cl/Sancionatorio/Ficha/1419                          ,11577,INVERSIONES PARADISE S.A.,Región de Tarapacá,Iquique,-20.2361,-70.1508,Equipamiento,Discoteca / pub,http://snifa.sma.gob.cl/UnidadFiscalizable/Ficha/11577                         ,2026-09-12,153.0
1420,D-055-2016,Denuncia,Terminado - Sanción,2016-08-22,2017-05-17,No,10.3,https://snifa.sma.gob.cl/Sancionatorio/Ficha/1420                          ,13612,PUB SALADERO,Región de Tarapacá,Iquique,-20.2364816,-70.1501534,Equipamiento,Discoteca / pub,http://snifa.sma.gob.cl/UnidadFiscalizable/Ficha/13612                         ,2026-09-12,268.0
1423,D-056-2016,Denuncia,Terminado - Sanción,2016-09-07,2017-06-08,No,3.3,https://snifa.sma.gob.cl/Sancionatorio/Ficha/1423                          ,13601,FÁBRICA DE VIBRADOS QUELHUE,Región de la Araucanía,Pucón,-39.2722541,-71.97762849999998,Instalación fabril,Otras,http://snifa.sma.gob.cl/UnidadFiscalizable/Ficha/13601                         ,2026-09-12,274.0
1424,D-057-2016,Denuncia,Terminado - Sanción,2016-09-07,2017-06-08,No,5.9,https://snifa.sma.gob.cl/Sancionatorio/Ficha/1424                          ,13600,TALLER MECÁNICO PADRE DE LAS CASAS,Región de la Araucanía,Padre las Casas,-38.7603246,-72.5964381,Instalación fabril,Otras,http://snifa.sma.gob.cl/UnidadFiscalizable/Ficha/13600                         ,2026-09-12,274.0
1436,F-036-2016,Fiscalización,Terminado - Sanción,2016-10-12,2018-01-09,No,150.9,https://snifa.sma.gob.cl/Sancionatorio/Ficha/1436                          ,2484,SALMON LIBRE DE ENFERMEDADES,Región de los Lagos,Puerto Varas,-41.235534,-72.47752675,Pesca y Acuicultura,Centro de cultivo de peces,http://snifa.sma.gob.cl/UnidadFiscalizable/Ficha/2484                          ,2026-09-12,454.0
1446,D-065-2016,Denuncia,Terminado - Sanción,2016-10-20,2022-09-05,No,5.0,https://snifa.sma.gob.cl/Sancionatorio/Ficha/1446                          ,13235,STRIP CENTER PLAZA DON CARLOS,Región Metropolitana,La Reina,-33.4411511297102,-70.5427924824719,Equipamiento,Centro comercial,http://snifa.sma.gob.cl/UnidadFiscalizable/Ficha/13235                         ,2026-09-12,2146.0
1449,D-068-2016,Denuncia,Terminado - Sanción,2016-11-08,2017-07-20,No,26.0,https://snifa.sma.gob.cl/Sancionatorio/Ficha/1449                          ,13869,PROYECTO INMOBILIARIO ALMIRAL,Región del Biobío,Concepción,-36.81478202406682,-73.08345794677734,Vivienda e Inmobiliarios,Proyecto Inmobiliario,http://snifa.sma.gob.cl/UnidadFiscalizable/Ficha/13869                         ,2026-09-12,254.0
1465,D-079-2016,Denuncia,Terminado - Sanción,2016-12-05,2017-08-29,No,11.0,https://snifa.sma.gob.cl/Sancionatorio/Ficha/1465                          ,13580,PUB KUNZA,Región de Atacama,Copiapó,-27.36597433316848,-70.32211303710938,Equipamiento,Discoteca / pub,http://snifa.sma.gob.cl/UnidadFiscalizable/Ficha/13580                         ,2026-09-12,267.0
1471,D-084-2016,Denuncia,Terminado - Sanción,2016-12-16,2017-09-12,No,19.0,https://snifa.sma.gob.cl/Sancionatorio/Ficha/1471                          ,3268,CES ISLA GUAR (RNA 100974),Región de los Lagos,Calbuco,-41.706022,-72.9533,Pesca y Acuicultura,Centro de engorda de salmones,http://snifa.sma.gob.cl/UnidadFiscalizable/Ficha/3268                          ,2026-09-12,270.0
1471,D-084-2016,Denuncia,Terminado - Sanción,2016-12-16,2017-09-12,No,19.0,https://snifa.sma.gob.cl/Sancionatorio/Ficha/1471                          ,4190,CES CAPERA (RNA 101295),Región de los Lagos,Puerto Montt,-41.59928,-73.01096,Pesca y Acuicultura,Centro de engorda de salmones,http://snifa.sma.gob.cl/UnidadFiscalizable/Ficha/4190                          ,2026-09-12,270.0
1475,D-083-2016,Denuncia,Terminado - Sanción,2016-12-16,2021-03-15,No,29.0,https://snifa.sma.gob.cl/Sancionatorio/Ficha/1475                          ,9983,UNILEVER CHILE S.A. - QUINTA NORMAL,Región Metropolitana,Quinta Normal,-33.4226515,-70.68383349999999,Instalación fabril,Planta procesadora de productos químicos,http://snifa.sma.gob.cl/UnidadFiscalizable/Ficha/9983                          ,2026-09-12,1550.0
1479,F-047-2016,Fiscalización,Terminado - Sanción,2016-12-21,2022-07-12,No,27.0,https://snifa.sma.gob.cl/Sancionatorio/Ficha/1479                          ,2907,PLANTEL PORCINO TAMAR 2,Región Metropolitana,Paine,-33.832628,-70.784204,Agroindustrias,Plantel de cerdos,http://snifa.sma.gob.cl/UnidadFiscalizable/Ficha/2907                          ,2026-09-12,2029.0
1485,F-051-2016,Fiscalización,Terminado - Sanción,2016-12-23,2017-09-21,No,6.5,https://snifa.sma.gob.cl/Sancionatorio/Ficha/1485                          ,11558,MUNICIPALIDAD DE LAUTARO- PISCICULTURA LAUTARO,Región de la Araucanía,Lautaro,-38.531062,-72.439477,Pesca y Acuicultura,Centro de cultivo de peces,http://snifa.sma.gob.cl/UnidadFiscalizable/Ficha/11558                         ,2026-09-12,272.0
1486,F-055-2016,Fiscalización,Terminado - Sanción,2016-12-29,2019-07-01,No,197.0,https://snifa.sma.gob.cl/Sancionatorio/Ficha/1486                          ,401,RELLENO SANITARIO IQUIQUE,Región de Tarapacá,Alto Hospicio,-20.234443,-70.08457,Saneamiento Ambiental,Relleno sanitario,http://snifa.sma.gob.cl/UnidadFiscalizable/Ficha/401                           ,2026-09-12,914.0
1487,F-054-2016,Fiscalización,Terminado - Sanción,2016-12-29,2017-09-25,No,1.0,https://snifa.sma.gob.cl/Sancionatorio/Ficha/1487                          ,13788,LEÑERIA LAS LOMAS,Región de la Araucanía,Temuco,-38.7354092,-72.63298889999999,Equipamiento,Centro de comercialización de leña,http://snifa.sma.gob.cl/UnidadFiscalizable/Ficha/13788                         ,2026-09-12,270.0
1488,D-086-2016,Denuncia,Terminado - Sanción,2016-12-26,2018-08-02,No,3.8,https://snifa.sma.gob.cl/Sancionatorio/Ficha/1488                          ,13635,PUB RESTAURANTE QUITRAHUE,Región del Biobío,Cañete,-37.78374010522721,-73.4161376953125,Equipamiento,Restorán / Servicio de comidas,http://snifa.sma.gob.cl/UnidadFiscalizable/Ficha/13635                         ,2026-09-12,584.0
1490,F-053-2016,Fiscalización,Terminado - Sanción,2016-12-30,2018-02-05,No,47.3,https://snifa.sma.gob.cl/Sancionatorio/Ficha/1490                          ,11455,MATADERO INDUCAR COYHAIQUE,Región de Aysén del General Carlos Ibáñez del Campo,Coyhaique,-45.58683293,-72.0150094,Agroindustrias,Matadero / frigorífico,http://snifa.sma.gob.cl/UnidadFiscalizable/Ficha/11455                         ,2026-09-12,402.0
1492,D-088-2016,Denuncia,Terminado - Sanción,2016-12-29,2017-09-28,No,5.0,https://snifa.sma.gob.cl/Sancionatorio/Ficha/1492                          ,13827,GIMNASIO LUDUS MAGNUS ARENA,Región Metropolitana,Santiago,-33.4522316,-70.66498409999997,Equipamiento,Centro deportivo / gimnasio,http://snifa.sma.gob.cl/UnidadFiscalizable/Ficha/13827                         ,2026-09-12,273.0
1495,F-001-2017,Fiscalización,Terminado - Sanción,2017-01-05,2017-10-17,No,26.0,https://snifa.sma.gob.cl/Sancionatorio/Ficha/1495                          ,11453,SOCIEDAD COMERCIAL RIO PANGAL LTDA. (PUERTO AYSEN),Región de Aysén del General Carlos Ibáñez del Campo,Aysén,-45.391709,-72.700745,Agroindustrias,Matadero / frigorífico,http://snifa.sma.gob.cl/UnidadFiscalizable/Ficha/11453                         ,2026-09-12,285.0
1496,F-002-2017,Fiscalización,Terminado - Sanción,2017-01-10,2017-10-03,No,57.1,https://snifa.sma.gob.cl/Sancionatorio/Ficha/1496                          ,11371,DAVID DEL CURTO S.A. (RETIRO),Región del Maule,Retiro,-36.047982,-71.766241,Agroindustrias,Planta procesadora de productos agrícolas,http://snifa.sma.gob.cl/UnidadFiscalizable/Ficha/11371                         ,2026-09-12,266.0
1500,D-005-2017,Denuncia,Terminado - Sanción,2017-01-27,2022-10-27,No,16.0,https://snifa.sma.gob.cl/Sancionatorio/Ficha/1500                          ,11296,STRIP CENTER PLAZA SAN PIO,Región Metropolitana,Vitacura,-33.397494,-70.582672,Equipamiento,Discoteca / pub,http://snifa.sma.gob.cl/UnidadFiscalizable/Ficha/11296                         ,2026-09-12,2099.0
1507,D-010-2017,Denuncia,Terminado - Sanción,2017-02-21,2017-11-20,No,32.34,https://snifa.sma.gob.cl/Sancionatorio/Ficha/1507                          ,13944,RESTAURANT COSTA AZUL,Región Metropolitana,Quilicura,-33.3674471,-70.733562,Equipamiento,Restorán / Servicio de comidas,http://snifa.sma.gob.cl/UnidadFiscalizable/Ficha/13944                         ,2026-09-12,272.0
1510,F-006-2017,Fiscalización,Terminado - Sanción,2017-03-02,2017-12-01,No,40.1,https://snifa.sma.gob.cl/Sancionatorio/Ficha/1510                          ,11404,QUESOS FAJA MAISAN (PITRUFQUEN I),Región de la Araucanía,Villarrica,-39.057932,-72.920163,Agroindustrias,Elaboración de productos lácteos,http://snifa.sma.gob.cl/UnidadFiscalizable/Ficha/11404                         ,2026-09-12,274.0
1512,F-007-2017,Fiscalización,Terminado - Sanción,2017-03-08,2024-08-12,No,96.2,https://snifa.sma.gob.cl/Sancionatorio/Ficha/1512                          ,2594,PASO FRONTERIZO CHUNGARA,Región de Arica y Parinacota,Putre,-18.2813954312374,-69.1376762472884,Otras categorías,Actividades y/o proyectos en sitios protegidos,http://snifa.sma.gob.cl/UnidadFiscalizable/Ficha/2594                          ,2026-09-12,2714.0
1513,F-008-2017,Fiscalización,Terminado - Sanción,2017-03-09,2019-03-20,No,354.6,https://snifa.sma.gob.cl/Sancionatorio/Ficha/1513                          ,2570,ECOSOLUCION PAILLACO,Región de Los Ríos,Paillaco,-40.061598,-72.892053,Saneamiento Ambiental,Planta de tratamiento de residuos peligrosos,http://snifa.sma.gob.cl/UnidadFiscalizable/Ficha/2570                          ,2026-09-12,741.0
1516,F-010-2017,Fiscalización,Terminado - Sanción,2017-03-16,2017-12-07,No,6.0,https://snifa.sma.gob.cl/Sancionatorio/Ficha/1516                          ,6994,HIDROELECTRICA SAN ANDRES,Región del Libertador General Bernardo O'Higgins,San Fernando,-34.766154,-70.43455420000001,Energía,Central hidroeléctrica de pasada,http://snifa.sma.gob.cl/UnidadFiscalizable/Ficha/6994                          ,2026-09-12,266.0
1518,D-014-2017,Denuncia,Terminado - Sanción,2017-03-28,2019-01-11,No,1.1,https://snifa.sma.gob.cl/Sancionatorio/Ficha/1518                          ,13218,FABRICA DE HIELO CUBER,Región Metropolitana,Quinta Normal,-33.4405101224861,-70.7002603705762,Equipamiento,Otros equipamientos,http://snifa.sma.gob.cl/UnidadFiscalizable/Ficha/13218                         ,2026-09-12,654.0
1520,D-016-2017,Denuncia,Terminado - Sanción,2017-04-05,2019-12-13,No,36.0,https://snifa.sma.gob.cl/Sancionatorio/Ficha/1520                          ,2964,ALIMENTOS ANTILLAL,Región del Maule,Linares,-35.8563,-71.5148,Agroindustrias,Planta procesadora de productos agrícolas,http://snifa.sma.gob.cl/UnidadFiscalizable/Ficha/2964                          ,2026-09-12,982.0
1525,D-019-2017,Denuncia,Terminado - Sanción,2017-04-13,2018-01-10,No,21.6,https://snifa.sma.gob.cl/Sancionatorio/Ficha/1525                          ,13623,LA PILETA PUB RESTAURANT,Región de Atacama,Copiapó,-27.364469,-70.3383397,Equipamiento,Discoteca / pub,http://snifa.sma.gob.cl/UnidadFiscalizable/Ficha/13623                         ,2026-09-12,272.0
1527,D-020-2017,Denuncia,Terminado - Sanción,2017-04-24,2020-12-30,No,43.0,https://snifa.sma.gob.cl/Sancionatorio/Ficha/1527                          ,13904,PARQUEADERO DE BUSES TURBUS,Región de Valparaíso,Valparaíso,-33.0478782,-71.60907279999998,Otras categorías,Otros,http://snifa.sma.gob.cl/UnidadFiscalizable/Ficha/13904                         ,2026-09-12,1346.0
1530,D-021-2017,Denuncia,Terminado - Sanción,2017-04-21,2018-03-13,No,20.0,https://snifa.sma.gob.cl/Sancionatorio/Ficha/1530                          ,13738,RESTORÁNPICCOLA ITALIA PROVIDENCIA,Región Metropolitana,Providencia,-33.4239213,-70.6091788,Equipamiento,Restorán / Servicio de comidas,http://snifa.sma.gob.cl/UnidadFiscalizable/Ficha/13738                         ,2026-09-12,326.0
1531,D-024-2017,Denuncia,Terminado - Sanción,2017-05-04,2018-03-12,No,1.0,https://snifa.sma.gob.cl/Sancionatorio/Ficha/1531                          ,14037,EDIFICIOTORO MAZOTTE 115,Región Metropolitana,Estación Central,-33.4559679,-70.69158099999999,Vivienda e Inmobiliarios,Proyecto Inmobiliario,http://snifa.sma.gob.cl/UnidadFiscalizable/Ficha/14037                         ,2026-09-12,312.0
1533,F-018-2017,Fiscalización,Terminado - Sanción,2017-05-05,2018-02-05,No,39.0,https://snifa.sma.gob.cl/Sancionatorio/Ficha/1533                          ,8510,PLANTA ALIMENTOS Y FRUTOS SA,Región de Ñuble,Chillán,-36.5883521035809,-72.0505096890163,Agroindustrias,Planta procesadora de productos agrícolas,http://snifa.sma.gob.cl/UnidadFiscalizable/Ficha/8510                          ,2026-09-12,276.0
1535,D-026-2017,Denuncia,Terminado - Sanción,2017-05-09,2018-06-11,No,65.0,https://snifa.sma.gob.cl/Sancionatorio/Ficha/1535                          ,2517,RELLENO SANITARIOCOYHAIQUE,Región de Aysén del General Carlos Ibáñez del Campo,Coyhaique,-45.563002,-71.974366,Saneamiento Ambiental,Relleno sanitario,http://snifa.sma.gob.cl/UnidadFiscalizable/Ficha/2517                          ,2026-09-12,398.0
1536,D-023-2017,Denuncia,Terminado - Sanción,2017-05-04,2018-02-02,No,13.0,https://snifa.sma.gob.cl/Sancionatorio/Ficha/1536                          ,13228,SUPERMERCADO UNIMARC-HUECHURABA,Región Metropolitana,Huechuraba,-33.3505917471272,-70.6712432176247,Equipamiento,Centro comercial,http://snifa.sma.gob.cl/UnidadFiscalizable/Ficha/13228                         ,2026-09-12,274.0
1538,D-027-2017,Denuncia,Terminado - Sanción,2017-05-15,2018-02-09,No,120.9,https://snifa.sma.gob.cl/Sancionatorio/Ficha/1538                          ,6766,ESTIN CIA LTDA. (PLANTA RECUPERADORA DE METALES) - COLINA,Región Metropolitana,Colina,-33.300499,-70.722859,Minería,Metalurgia,http://snifa.sma.gob.cl/UnidadFiscalizable/Ficha/6766                          ,2026-09-12,270.0
1539,D-029-2017,Denuncia,Terminado - Sanción,2017-05-16,2024-05-08,No,108.0,https://snifa.sma.gob.cl/Sancionatorio/Ficha/1539                          ,2879,AVICOLA LAS RASTRAS,Región del Maule,Talca,-35.423992,-71.565874,Agroindustrias,Plantel de aves,http://snifa.sma.gob.cl/UnidadFiscalizable/Ficha/2879                          ,2026-09-12,2549.0
1542,D-030-2017,Denuncia,Terminado - Sanción,2017-05-16,2019-12-31,No,5.0,https://snifa.sma.gob.cl/Sancionatorio/Ficha/1542                          ,13910,DISCOTHEQUE PULZZO,Región del Maule,Talca,-35.4515359,-71.66725029999998,Equipamiento,Discoteca / pub,http://snifa.sma.gob.cl/UnidadFiscalizable/Ficha/13910                         ,2026-09-12,959.0
1548,F-025-2017,Fiscalización,Terminado - Sanción,2017-05-19,2019-08-09,No,29.0,https://snifa.sma.gob.cl/Sancionatorio/Ficha/1548                          ,13882,COPEVAL-RANCAGUA,Región del Libertador General Bernardo O'Higgins,Rancagua,-34.1866974,-70.74399399999999,Agroindustrias,Planta procesadora de productos agrícolas,http://snifa.sma.gob.cl/UnidadFiscalizable/Ficha/13882                         ,2026-09-12,812.0
1550,F-023-2017,Fiscalización,Terminado - Sanción,2017-05-18,2020-12-17,No,6.3,https://snifa.sma.gob.cl/Sancionatorio/Ficha/1550                          ,13872,PLANTA SOCIERDAD AGRÍCOLA Y COMERCIAL LAS TURBINAS,Región del Libertador General Bernardo O'Higgins,Chimbarongo,-34.7154472,-71.03084389999998,Agroindustrias,Planta procesadora de productos agrícolas,http://snifa.sma.gob.cl/UnidadFiscalizable/Ficha/13872                         ,2026-09-12,1309.0
1552,D-028-2017,Denuncia,Terminado - Sanción,2017-05-23,2018-03-09,No,33.2,https://snifa.sma.gob.cl/Sancionatorio/Ficha/1552                          ,13961,DISCOTHEQUE MOKA,Región del Libertador General Bernardo O'Higgins,Graneros,-34.06744957739345,-70.73169708251953,Equipamiento,Discoteca / pub,http://snifa.sma.gob.cl/UnidadFiscalizable/Ficha/13961                         ,2026-09-12,290.0
1556,D-031-2017,Denuncia,Terminado - Sanción,2017-05-19,2018-02-16,No,42.0,https://snifa.sma.gob.cl/Sancionatorio/Ficha/1556                          ,11599,EDIFICIO EBCO ONGOLMO,Región del Biobío,Concepción,-36.823247,-73.044142,Vivienda e Inmobiliarios,Edificio Habitacional,http://snifa.sma.gob.cl/UnidadFiscalizable/Ficha/11599                         ,2026-09-12,273.0
1558,D-034-2017,Denuncia,Terminado - Sanción,2017-05-29,2018-08-17,No,4.9,https://snifa.sma.gob.cl/Sancionatorio/Ficha/1558                          ,9347,RELLENO SANITARIO DE PUERTO NATALES,Región de Magallanes y la Antártica Chilena,Natales,-51.734359,-72.395867,Saneamiento Ambiental,Relleno sanitario,http://snifa.sma.gob.cl/UnidadFiscalizable/Ficha/9347                          ,2026-09-12,445.0
1560,F-027-2017,Fiscalización,Terminado - Sanción,2017-06-01,2018-02-22,No,71.0,https://snifa.sma.gob.cl/Sancionatorio/Ficha/1560                          ,674,FUNDICION ALTONORTE,Región de Antofagasta,Antofagasta,-23.82343,-70.314429,Instalación fabril,Fundición,http://snifa.sma.gob.cl/UnidadFiscalizable/Ficha/674                           ,2026-09-12,266.0
1561,F-026-2017,Fiscalización,Terminado - Sanción,2017-05-31,2018-03-01,No,1.0,https://snifa.sma.gob.cl/Sancionatorio/Ficha/1561                          ,14170,AGRÍCOLA LOS TEMOS,Región de la Araucanía,Temuco,-38.745853,-72.58813509999999,Agroindustrias,Producción agrícola / cultivos,http://snifa.sma.gob.cl/UnidadFiscalizable/Ficha/14170                         ,2026-09-12,274.0
1565,D-035-2017,Denuncia,Terminado - Sanción,2017-06-14,2018-12-21,No,15.0,https://snifa.sma.gob.cl/Sancionatorio/Ficha/1565                          ,11298,TODO ES CANCHA,Región del Biobío,San Pedro de la Paz,-36.854771,-73.095478,Equipamiento,Centro deportivo / gimnasio,http://snifa.sma.gob.cl/UnidadFiscalizable/Ficha/11298                         ,2026-09-12,555.0
1569,D-043-2017,Denuncia,Terminado - Sanción,2017-06-22,2022-02-08,No,1006.0,https://snifa.sma.gob.cl/Sancionatorio/Ficha/1569                          ,7863,METRO S.A. LINEA 3,Región Metropolitana,Conchalí,-33.366277,-70.697176,Infraestructura de Transporte,Metro,http://snifa.sma.gob.cl/UnidadFiscalizable/Ficha/7863                          ,2026-09-12,1692.0
1569,D-043-2017,Denuncia,Terminado - Sanción,2017-06-22,2022-02-08,No,1006.0,https://snifa.sma.gob.cl/Sancionatorio/Ficha/1569                          ,7867,METRO S.A. LINEA 6,Región Metropolitana,Santiago,-33.502307,-70.647594,Infraestructura de Transporte,Metro,http://snifa.sma.gob.cl/UnidadFiscalizable/Ficha/7867                          ,2026-09-12,1692.0
1569,D-043-2017,Denuncia,Terminado - Sanción,2017-06-22,2022-02-08,No,1006.0,https://snifa.sma.gob.cl/Sancionatorio/Ficha/1569                          ,11516,METRO,Región Metropolitana,Santiago,-33.445296,-70.655663,Infraestructura de Transporte,Metro,http://snifa.sma.gob.cl/UnidadFiscalizable/Ficha/11516                         ,2026-09-12,1692.0
1570,D-039-2017,Denuncia,Terminado - Sanción,2017-06-21,2018-04-23,No,3.6,https://snifa.sma.gob.cl/Sancionatorio/Ficha/1570                          ,13844,RESTOBAR TACUBAS,Región del Maule,Linares,-35.8461829,-71.603822,Equipamiento,Discoteca / pub,http://snifa.sma.gob.cl/UnidadFiscalizable/Ficha/13844                         ,2026-09-12,306.0
1571,D-041-2017,Denuncia,Terminado - Sanción,2017-06-23,2018-03-23,No,19.0,https://snifa.sma.gob.cl/Sancionatorio/Ficha/1571                          ,13220,EDIFICIO TERRAZAS DEL SOL II-LA SERENA,Región de Coquimbo,La Serena,-29.935789,-71.28113,Vivienda e Inmobiliarios,Edificio Habitacional,http://snifa.sma.gob.cl/UnidadFiscalizable/Ficha/13220                         ,2026-09-12,273.0
1573,D-040-2017,Denuncia,Terminado - Sanción,2017-06-27,2018-04-16,No,9.0,https://snifa.sma.gob.cl/Sancionatorio/Ficha/1573                          ,13978,PUB LIVERPOOL,Región de Valparaíso,Valparaíso,-33.048630202711,-71.60866803105466,Equipamiento,Discoteca / pub,http://snifa.sma.gob.cl/UnidadFiscalizable/Ficha/13978                         ,2026-09-12,293.0
1574,D-044-2017,Denuncia,Terminado - Sanción,2017-06-28,2018-03-23,No,8.0,https://snifa.sma.gob.cl/Sancionatorio/Ficha/1574                          ,13860,GIMNASIO GYM TRAINING,Región Metropolitana,Las Condes,-33.4167657,-70.5652503,Equipamiento,Centro deportivo / gimnasio,http://snifa.sma.gob.cl/UnidadFiscalizable/Ficha/13860                         ,2026-09-12,268.0
1575,D-045-2017,Denuncia,Terminado - Sanción,2017-07-03,2020-05-22,No,914.0,https://snifa.sma.gob.cl/Sancionatorio/Ficha/1575                          ,11575,LINEA DE TRANSMISIÓN CARDONES – POLPAICO,Región de Atacama,Copiapó,-27.5166227736479,-70.4252106032625,Energía,Línea de transmisión,http://snifa.sma.gob.cl/UnidadFiscalizable/Ficha/11575                         ,2026-09-12,1054.0
1577,D-047-2017,Denuncia,Terminado - Sanción,2017-07-07,2021-05-26,No,1.4,https://snifa.sma.gob.cl/Sancionatorio/Ficha/1577                          ,14072,AQUELARRE COYHAIQUE,Región de Aysén del General Carlos Ibáñez del Campo,Coyhaique,-45.5685027,-72.06501600000001,Equipamiento,Discoteca / pub,http://snifa.sma.gob.cl/UnidadFiscalizable/Ficha/14072                         ,2026-09-12,1419.0
1579,D-050-2017,Denuncia,Terminado - Sanción,2017-07-11,2018-04-09,No,8.0,https://snifa.sma.gob.cl/Sancionatorio/Ficha/1579                          ,14071,BAR AMBAR DRINKS (EX PEPE LE PUB),Región de Aysén del General Carlos Ibáñez del Campo,Aysén,-45.568845,-72.065591,Equipamiento,Discoteca / pub,http://snifa.sma.gob.cl/UnidadFiscalizable/Ficha/14071                         ,2026-09-12,272.0
1580,D-048-2017,Denuncia,Terminado - Sanción,2017-07-11,2020-06-18,No,1.9,https://snifa.sma.gob.cl/Sancionatorio/Ficha/1580                          ,13605,DISCOTECAARUBA,Región de Ñuble,Cobquecura,-36.13295306534116,-72.79351473029237,Equipamiento,Discoteca / pub,http://snifa.sma.gob.cl/UnidadFiscalizable/Ficha/13605                         ,2026-09-12,1073.0
1588,D-053-2017,Denuncia,Terminado - Sanción,2017-07-24,2020-11-04,No,1.0,https://snifa.sma.gob.cl/Sancionatorio/Ficha/1588                          ,13905,RALLY KARTING VIÑA DEL MAR,Región de Valparaíso,Viña del Mar,-33.0258219,-71.5467741,Equipamiento,Otros equipamientos,http://snifa.sma.gob.cl/UnidadFiscalizable/Ficha/13905                         ,2026-09-12,1199.0
1590,D-057-2017,Denuncia,Terminado - Sanción,2017-07-27,2018-07-18,No,8.0,https://snifa.sma.gob.cl/Sancionatorio/Ficha/1590                          ,14090,GIMNASIO SPORT GYM LA UNIÓN,Región de Los Ríos,La Unión,-40.2955515,-73.07991809999999,Equipamiento,Centro deportivo / gimnasio,http://snifa.sma.gob.cl/UnidadFiscalizable/Ficha/14090                         ,2026-09-12,356.0
1591,F-036-2017,Fiscalización,Terminado - Sanción,2017-08-02,2018-05-03,No,699.6,https://snifa.sma.gob.cl/Sancionatorio/Ficha/1591                          ,2734,COMPLEJO CELCO PLANTA ARAUCO,Región del Biobío,Arauco,-37.168983,-73.187551,Instalación fabril,Planta de papeles y cartones,http://snifa.sma.gob.cl/UnidadFiscalizable/Ficha/2734                          ,2026-09-12,274.0
1593,D-056-2017,Denuncia,Terminado - Sanción,2017-07-28,2018-06-19,No,12.0,https://snifa.sma.gob.cl/Sancionatorio/Ficha/1593                          ,13630,DELPHOS PUB DISCOTEQUE,Región Metropolitana,Recoleta,-33.4320875,-70.63657610000001,Equipamiento,Discoteca / pub,http://snifa.sma.gob.cl/UnidadFiscalizable/Ficha/13630                         ,2026-09-12,326.0
1594,D-058-2017,Denuncia,Terminado - Sanción,2017-07-31,2018-05-02,No,23.0,https://snifa.sma.gob.cl/Sancionatorio/Ficha/1594                          ,13830,SUPERMERCADO SANTA ISABEL LA FLORIA,Región Metropolitana,La Florida,-33.5223879,-70.57863529999997,Equipamiento,Centro comercial,http://snifa.sma.gob.cl/UnidadFiscalizable/Ficha/13830                         ,2026-09-12,275.0
1599,F-037-2017,Fiscalización,Terminado - Sanción,2017-08-09,2020-12-22,No,12.0,https://snifa.sma.gob.cl/Sancionatorio/Ficha/1599                          ,11504,ALIMENTOS E INVERSIONES VALLES DE CHILE,Región Metropolitana,Til til,-33.087207,-70.919867,Instalación fabril,Otras,http://snifa.sma.gob.cl/UnidadFiscalizable/Ficha/11504                         ,2026-09-12,1231.0
1600,D-060-2017,Denuncia,Terminado - Sanción,2017-08-17,2018-12-20,No,10.0,https://snifa.sma.gob.cl/Sancionatorio/Ficha/1600                          ,14198,PUB MALDITA BARRA,Región de Antofagasta,Antofagasta,-23.6776936,-70.41272630000003,Equipamiento,Discoteca / pub,http://snifa.sma.gob.cl/UnidadFiscalizable/Ficha/14198                         ,2026-09-12,490.0
1602,D-061-2017,Denuncia,Terminado - Sanción,2017-08-21,2018-05-18,No,16.0,https://snifa.sma.gob.cl/Sancionatorio/Ficha/1602                          ,14199,PUB KUNZA (EX ARENAS PUB),Región de Antofagasta,Antofagasta,-23.6781898,-70.4128091,Equipamiento,Discoteca / pub,http://snifa.sma.gob.cl/UnidadFiscalizable/Ficha/14199                         ,2026-09-12,270.0
1603,D-064-2017,Denuncia,Terminado - Sanción,2017-08-22,2024-05-06,No,214.0,https://snifa.sma.gob.cl/Sancionatorio/Ficha/1603                          ,13956,RESTAURANT HUENTELAUQUÉN,Región de Coquimbo,La Serena,-29.9334766,-71.2819518,Equipamiento,Restorán / Servicio de comidas,http://snifa.sma.gob.cl/UnidadFiscalizable/Ficha/13956                         ,2026-09-12,2449.0
1605,F-041-2017,Fiscalización,Terminado - Sanción,2017-08-25,2018-12-04,No,15.0,https://snifa.sma.gob.cl/Sancionatorio/Ficha/1605                          ,13997,PUB LA TERRAZA,Región Metropolitana,Recoleta,-33.4320569,-70.63752169999998,Equipamiento,Discoteca / pub,http://snifa.sma.gob.cl/UnidadFiscalizable/Ficha/13997                         ,2026-09-12,466.0
1606,F-042-2017,Fiscalización,Terminado - Sanción,2017-08-25,2018-10-25,No,10.0,https://snifa.sma.gob.cl/Sancionatorio/Ficha/1606                          ,13996,GIVENS CLUB,Región Metropolitana,Recoleta,-33.4313735,-70.6362105,Equipamiento,Discoteca / pub,http://snifa.sma.gob.cl/UnidadFiscalizable/Ficha/13996                         ,2026-09-12,426.0
1607,D-065-2017,Denuncia,Terminado - Sanción,2017-08-25,2023-07-28,No,2.4,https://snifa.sma.gob.cl/Sancionatorio/Ficha/1607                          ,13957,SUNSET BEACH - INSOMNIO GROUP (EX DISCOTEQUE KAMIKAZE - LA SERENA),Región de Coquimbo,La Serena,-29.933567342293,-71.28194147116392,Equipamiento,Discoteca / pub,http://snifa.sma.gob.cl/UnidadFiscalizable/Ficha/13957                         ,2026-09-12,2163.0
1608,D-067-2017,Denuncia,Terminado - Sanción,2017-08-29,2020-11-25,No,355.0,https://snifa.sma.gob.cl/Sancionatorio/Ficha/1608                          ,6923,FUERTE CORRAL 2,Región de Los Ríos,Corral,-39.886817,-73.427845,Otras categorías,Actividades y/o proyectos en sitios protegidos,http://snifa.sma.gob.cl/UnidadFiscalizable/Ficha/6923                          ,2026-09-12,1184.0
1610,D-068-2017,Denuncia,Terminado - Sanción,2017-08-31,2021-08-05,No,624.0,https://snifa.sma.gob.cl/Sancionatorio/Ficha/1610                          ,2502,VERTEDERO EL EMPALME REXIN LTDA.,Región de los Lagos,Maullín,-41.5802028567981,-73.2376955549177,Saneamiento Ambiental,Relleno sanitario,http://snifa.sma.gob.cl/UnidadFiscalizable/Ficha/2502                          ,2026-09-12,1435.0
1611,D-066-2017,Denuncia,Terminado - Sanción,2017-08-31,2021-01-14,No,13.0,https://snifa.sma.gob.cl/Sancionatorio/Ficha/1611                          ,13974,KARAOKE ESPACIO BELLAVISTA,Región Metropolitana,Recoleta,-33.4310178,-70.63635139999997,Equipamiento,Discoteca / pub,http://snifa.sma.gob.cl/UnidadFiscalizable/Ficha/13974                         ,2026-09-12,1232.0
1612,D-069-2017,Denuncia,Terminado - Sanción,2017-09-01,2018-10-25,No,17.0,https://snifa.sma.gob.cl/Sancionatorio/Ficha/1612                          ,14029,BAR CONSTITUCIÓN SPA,Región Metropolitana,Recoleta,-33.43011080000001,-70.63718970000002,Equipamiento,Discoteca / pub,http://snifa.sma.gob.cl/UnidadFiscalizable/Ficha/14029                         ,2026-09-12,419.0
1615,D-070-2017,Denuncia,Terminado - Sanción,2017-09-12,2022-12-29,No,3433.0,https://snifa.sma.gob.cl/Sancionatorio/Ficha/1615                          ,2164,VIÑA URCELAY,Región del Libertador General Bernardo O'Higgins,Olivar,-34.230012,-70.885232,Agroindustrias,Vinificación / producción de alcohol,http://snifa.sma.gob.cl/UnidadFiscalizable/Ficha/2164                          ,2026-09-12,1934.0
1618,D-072-2017,Denuncia,Terminado - Sanción,2017-09-26,2019-03-14,No,3.4,https://snifa.sma.gob.cl/Sancionatorio/Ficha/1618                          ,13629,JAMMIN CLUB,Región Metropolitana,Recoleta,-33.43205359999999,-70.63731369999999,Equipamiento,Discoteca / pub,http://snifa.sma.gob.cl/UnidadFiscalizable/Ficha/13629                         ,2026-09-12,534.0
1620,D-075-2017,Denuncia,Terminado - Sanción,2017-09-28,2019-02-22,No,1.2,https://snifa.sma.gob.cl/Sancionatorio/Ficha/1620                          ,13231,SANTA PIZZA-PROVIDENCIA,Región Metropolitana,Providencia,-33.4226889219697,-70.612527299136,Equipamiento,Restorán / Servicio de comidas,http://snifa.sma.gob.cl/UnidadFiscalizable/Ficha/13231                         ,2026-09-12,512.0
1621,D-073-2017,Denuncia,Terminado - Sanción,2017-09-26,2021-03-31,No,8.9,https://snifa.sma.gob.cl/Sancionatorio/Ficha/1621                          ,13586,OTROSFERRETERÍA EL DATO,Región Metropolitana,Quilicura,-33.36801477025945,-70.72724461555475,Equipamiento,Centro comercial,http://snifa.sma.gob.cl/UnidadFiscalizable/Ficha/13586                         ,2026-09-12,1282.0
1624,D-074-2017,Denuncia,Terminado - Sanción,2017-09-26,2018-07-12,No,6.4,https://snifa.sma.gob.cl/Sancionatorio/Ficha/1624                          ,14435,SALA DE ENSAYO SOUNDHOUSE ESTUDIO,Región Metropolitana,Quinta Normal,-33.4357108,-70.68867549999999,Equipamiento,Otros equipamientos,http://snifa.sma.gob.cl/UnidadFiscalizable/Ficha/14435                         ,2026-09-12,289.0
1626,D-080-2017,Denuncia,Terminado - Sanción,2017-10-16,2025-02-05,No,101.7,https://snifa.sma.gob.cl/Sancionatorio/Ficha/1626                          ,9354,RELLENO SANITARIO LA LAJA,Región de los Lagos,Puerto Varas,-41.384822,-73.047875,Saneamiento Ambiental,Relleno sanitario,http://snifa.sma.gob.cl/UnidadFiscalizable/Ficha/9354                          ,2026-09-12,2669.0
1632,F-051-2017,Fiscalización,Terminado - Sanción,2017-11-08,2019-04-02,No,3.3,https://snifa.sma.gob.cl/Sancionatorio/Ficha/1632                          ,14469,COMUNIDAD DON SIMÓN II,Región de la Araucanía,Temuco,-38.7355258,-72.6102046,Vivienda e Inmobiliarios,Edificio Habitacional,http://snifa.sma.gob.cl/UnidadFiscalizable/Ficha/14469                         ,2026-09-12,510.0
1645,F-059-2017,Fiscalización,Terminado - Sanción,2017-11-30,2019-04-02,No,1.0,https://snifa.sma.gob.cl/Sancionatorio/Ficha/1645                          ,13744,GUIBEL MARKET SUCURSAL CENTRO (EX INTERVIDEO),Región de Aysén del General Carlos Ibáñez del Campo,Coyhaique,-45.5737241,-72.0733463,Equipamiento,Centro comercial,http://snifa.sma.gob.cl/UnidadFiscalizable/Ficha/13744                         ,2026-09-12,488.0
1646,F-060-2017,Fiscalización,Terminado - Sanción,2017-11-30,2019-01-08,No,4.3,https://snifa.sma.gob.cl/Sancionatorio/Ficha/1646                          ,14697,E.C.S.A (VENTA DE INSUMOS AGRÍCOLAS),Región de Aysén del General Carlos Ibáñez del Campo,Coyhaique,-45.574444,-72.07377580000002,Equipamiento,Centro comercial,http://snifa.sma.gob.cl/UnidadFiscalizable/Ficha/14697                         ,2026-09-12,404.0
1648,D-084-2017,Denuncia,Terminado - Sanción,2017-12-01,2019-01-11,No,14.0,https://snifa.sma.gob.cl/Sancionatorio/Ficha/1648                          ,13987,GIMNASIO PACIFIC FITNESS PORTUGAL - SANTIAGO,Región Metropolitana,Santiago,-33.4470979,-70.6355474,Equipamiento,Centro deportivo / gimnasio,http://snifa.sma.gob.cl/UnidadFiscalizable/Ficha/13987                         ,2026-09-12,406.0
1654,F-058-2017,Fiscalización,Terminado - Sanción,2017-12-06,2018-09-06,No,1.0,https://snifa.sma.gob.cl/Sancionatorio/Ficha/1654                          ,14143,EDIFICIO AMSTERDAM,Región de la Araucanía,Temuco,-38.7376365,-72.61210779999999,Vivienda e Inmobiliarios,Edificio Habitacional,http://snifa.sma.gob.cl/UnidadFiscalizable/Ficha/14143                         ,2026-09-12,274.0
1662,D-093-2017,Denuncia,Terminado - Sanción,2017-12-29,2020-08-05,No,38.0,https://snifa.sma.gob.cl/Sancionatorio/Ficha/1662                          ,14113,HOTEL SOMMELIER,Región Metropolitana,Santiago,-33.437613,-70.643797,Equipamiento,Establecimiento / Infraestructura para turismo,http://snifa.sma.gob.cl/UnidadFiscalizable/Ficha/14113                         ,2026-09-12,950.0
1666,F-001-2018,Fiscalización,Terminado - Sanción,2018-01-09,2018-11-13,No,1.5,https://snifa.sma.gob.cl/Sancionatorio/Ficha/1666                          ,13741,PAQUETERÍA PELUSA,Región de Aysén del General Carlos Ibáñez del Campo,Coyhaique,-45.5760355,-72.0731154,Equipamiento,Centro comercial,http://snifa.sma.gob.cl/UnidadFiscalizable/Ficha/13741                         ,2026-09-12,308.0
1669,D-003-2018,Denuncia,Terminado - Sanción,2018-01-11,2018-11-16,No,25.0,https://snifa.sma.gob.cl/Sancionatorio/Ficha/1669                          ,14680,CLINICA INDISA,Región Metropolitana,Providencia,-33.4210873,-70.6184298,Equipamiento,Centro de salud humana,http://snifa.sma.gob.cl/UnidadFiscalizable/Ficha/14680                         ,2026-09-12,309.0
1673,D-005-2018,Denuncia,Terminado - Sanción,2018-01-30,2018-12-07,No,12.0,https://snifa.sma.gob.cl/Sancionatorio/Ficha/1673                          ,14149,CONSTRUCCIÓN OBRA DARIO URZUA,Región Metropolitana,Providencia,-33.4318012,-70.61505310000001,Vivienda e Inmobiliarios,Proyecto Inmobiliario,http://snifa.sma.gob.cl/UnidadFiscalizable/Ficha/14149                         ,2026-09-12,311.0
1674,D-008-2018,Denuncia,Terminado - Sanción,2018-02-02,2018-12-07,No,12.0,https://snifa.sma.gob.cl/Sancionatorio/Ficha/1674                          ,11276,NAIF (EX OPENBAR),Región de Arica y Parinacota,Arica,-18.480936,-70.318154,Equipamiento,Discoteca / pub,http://snifa.sma.gob.cl/UnidadFiscalizable/Ficha/11276                         ,2026-09-12,308.0
1677,F-003-2018,Fiscalización,Terminado - Sanción,2018-02-06,2019-04-04,No,164.5,https://snifa.sma.gob.cl/Sancionatorio/Ficha/1677                          ,8392,"PISCICULTURA RIO CODIHUE, TRES HORQUETAS",Región de la Araucanía,Cunco,-39.027555,-72.011043,Pesca y Acuicultura,Centro de cultivo de peces,http://snifa.sma.gob.cl/UnidadFiscalizable/Ficha/8392                          ,2026-09-12,422.0
1681,D-012-2018,Denuncia,Terminado - Sanción,2018-02-19,2020-12-31,No,209.0,https://snifa.sma.gob.cl/Sancionatorio/Ficha/1681                          ,14453,FÁBRICA DE ALIMENTOS QUINTA S.A.,Región Metropolitana,Quinta Normal,-33.4415986,-70.70264939999998,Instalación fabril,Plantas procesadoras de alimentos (no agrícola),http://snifa.sma.gob.cl/UnidadFiscalizable/Ficha/14453                         ,2026-09-12,1046.0
1685,D-014-2018,Denuncia,Terminado - Sanción,2018-03-01,2019-01-11,No,7.0,https://snifa.sma.gob.cl/Sancionatorio/Ficha/1685                          ,14852,ESTACIONAMIENTOS SAN LORENZO,Región de Coquimbo,La Serena,-29.9008935,-71.24858799999998,Equipamiento,Estacionamiento,http://snifa.sma.gob.cl/UnidadFiscalizable/Ficha/14852                         ,2026-09-12,316.0
1686,D-016-2018,Denuncia,Terminado - Sanción,2018-03-09,2022-05-25,No,3.1,https://snifa.sma.gob.cl/Sancionatorio/Ficha/1686                          ,13859,GIMNASIO MAX PROGRESS,Región Metropolitana,La Granja,-33.5220498,-70.62954150000002,Equipamiento,Centro deportivo / gimnasio,http://snifa.sma.gob.cl/UnidadFiscalizable/Ficha/13859                         ,2026-09-12,1538.0
1687,D-017-2018,Denuncia,Terminado - Sanción,2018-03-15,2019-04-08,No,11.0,https://snifa.sma.gob.cl/Sancionatorio/Ficha/1687                          ,14117,METALMECÁNICA,Región Metropolitana,Quinta Normal,-33.4349333,-70.71836380000002,Instalación fabril,Planta metalúrgica,http://snifa.sma.gob.cl/UnidadFiscalizable/Ficha/14117                         ,2026-09-12,389.0
1692,D-022-2018,Denuncia,Terminado - Sanción,2018-04-05,2019-01-07,No,11.0,https://snifa.sma.gob.cl/Sancionatorio/Ficha/1692                          ,13599,GIMNASIO PACIFIC TEMUCO,Región de la Araucanía,Temuco,-38.7406829,-72.64158229999998,Equipamiento,Centro deportivo / gimnasio,http://snifa.sma.gob.cl/UnidadFiscalizable/Ficha/13599                         ,2026-09-12,277.0
1696,F-008-2018,Fiscalización,Terminado - Sanción,2018-04-10,2019-02-19,No,99.0,https://snifa.sma.gob.cl/Sancionatorio/Ficha/1696                          ,11857,RILES FRUSAN FREIRE,Región de la Araucanía,Freire,-38.9629588,-72.59499587,Agroindustrias,Planta procesadora de productos agrícolas,http://snifa.sma.gob.cl/UnidadFiscalizable/Ficha/11857                         ,2026-09-12,315.0
1697,D-025-2018,Denuncia,Terminado - Sanción,2018-04-19,2020-11-19,No,1030.0,https://snifa.sma.gob.cl/Sancionatorio/Ficha/1697                          ,1367,RELLENO SANITARIO EL PANUL,Región de Coquimbo,Coquimbo,-30.018947,-71.35972000000001,Saneamiento Ambiental,Relleno sanitario,http://snifa.sma.gob.cl/UnidadFiscalizable/Ficha/1367                          ,2026-09-12,945.0
1699,F-009-2018,Fiscalización,Terminado - Sanción,2018-04-23,2020-10-14,No,7976.0,https://snifa.sma.gob.cl/Sancionatorio/Ficha/1699                          ,1822,MINA CARDENILLA,Región de Valparaíso,Catemu,-32.684695,-70.992766,Minería,Minera metálica,http://snifa.sma.gob.cl/UnidadFiscalizable/Ficha/1822                          ,2026-09-12,905.0
1702,D-029-2018,Denuncia,Terminado - Sanción,2018-04-26,2019-03-27,No,104.0,https://snifa.sma.gob.cl/Sancionatorio/Ficha/1702                          ,11467,LEVADURAS COLLICO,Región de Los Ríos,Valdivia,-39.8200063,-73.2129421,Instalación fabril,Plantas procesadoras de alimentos (no agrícola),http://snifa.sma.gob.cl/UnidadFiscalizable/Ficha/11467                         ,2026-09-12,335.0
1705,F-012-2018,Fiscalización,Terminado - Sanción,2018-05-02,2019-02-01,No,3.0,https://snifa.sma.gob.cl/Sancionatorio/Ficha/1705                          ,13958,EDIFICIO EL ESCORIAL,Región de la Araucanía,Temuco,-38.7314892,-72.6145953,Vivienda e Inmobiliarios,Edificio Habitacional,http://snifa.sma.gob.cl/UnidadFiscalizable/Ficha/13958                         ,2026-09-12,275.0
1706,D-031-2018,Denuncia,Terminado - Sanción,2018-05-02,2022-03-28,No,1.5,https://snifa.sma.gob.cl/Sancionatorio/Ficha/1706                          ,14731,METALÚRGICA B&S,Región de Coquimbo,Coquimbo,-29.992547,-71.3603144,Instalación fabril,Planta metalúrgica,http://snifa.sma.gob.cl/UnidadFiscalizable/Ficha/14731                         ,2026-09-12,1426.0
1707,D-027-2018,Denuncia,Terminado - Sanción,2018-05-04,2021-02-18,No,5.4,https://snifa.sma.gob.cl/Sancionatorio/Ficha/1707                          ,2020,PTAS EL MELON,Región de Valparaíso,Nogales,-32.697018,-71.210925,Saneamiento Ambiental,Planta de Tratamiento de Aguas Servidas,http://snifa.sma.gob.cl/UnidadFiscalizable/Ficha/2020                          ,2026-09-12,1021.0
1709,D-032-2018,Denuncia,Terminado - Sanción,2018-05-07,2019-05-27,No,8.0,https://snifa.sma.gob.cl/Sancionatorio/Ficha/1709                          ,14985,CLUB HAVANA (EX BK DISCO-PUB Y OLYMPUS DISCOPUB),Región de Magallanes y la Antártica Chilena,Punta Arenas,-53.1655425,-70.9164859,Equipamiento,Discoteca / pub,http://snifa.sma.gob.cl/UnidadFiscalizable/Ficha/14985                         ,2026-09-12,385.0
1712,D-034-2018,Denuncia,Terminado - Sanción,2018-05-14,2023-01-05,No,2553.5,https://snifa.sma.gob.cl/Sancionatorio/Ficha/1712                          ,11324,AGRICOLA SANTIS FRUT LTDA,Región de Valparaíso,San Felipe,-32.812528,-70.693563,Agroindustrias,Planta procesadora de productos agrícolas,http://snifa.sma.gob.cl/UnidadFiscalizable/Ficha/11324                         ,2026-09-12,1697.0
1714,D-036-2018,Denuncia,Terminado - Sanción,2018-05-14,2024-03-01,No,520.0,https://snifa.sma.gob.cl/Sancionatorio/Ficha/1714                          ,13128,PLANTA DE ARIDOS SAN PEDRO,Región de Antofagasta,Calama,-22.663986,-68.483328,Minería,Áridos,http://snifa.sma.gob.cl/UnidadFiscalizable/Ficha/13128                         ,2026-09-12,2118.0
1716,D-035-2018,Denuncia,Terminado - Sanción,2018-05-17,2019-04-29,No,1.0,https://snifa.sma.gob.cl/Sancionatorio/Ficha/1716                          ,11619,PANADERIA LAS ENCINAS,Región de la Araucanía,Temuco,-38.745557,-72.631322,Equipamiento,Panadería,http://snifa.sma.gob.cl/UnidadFiscalizable/Ficha/11619                         ,2026-09-12,347.0
1718,D-037-2018,Denuncia,Terminado - Sanción,2018-05-22,2019-03-19,No,7.5,https://snifa.sma.gob.cl/Sancionatorio/Ficha/1718                          ,13936,EDIFICIO ICONO,Región de Antofagasta,Antofagasta,-23.648494,-70.40140989999998,Vivienda e Inmobiliarios,Edificio Habitacional,http://snifa.sma.gob.cl/UnidadFiscalizable/Ficha/13936                         ,2026-09-12,301.0
1723,D-041-2018,Denuncia,Terminado - Sanción,2018-05-24,2019-04-03,No,6.9,https://snifa.sma.gob.cl/Sancionatorio/Ficha/1723                          ,14201,RESIDENCIA ADULTO MAYOR MONTAHUE,Región del Biobío,San Pedro de la Paz,-36.8682838,-73.073804,Equipamiento,Otros equipamientos,http://snifa.sma.gob.cl/UnidadFiscalizable/Ficha/14201                         ,2026-09-12,314.0
1725,F-018-2018,Fiscalización,Terminado - Sanción,2018-05-29,2019-09-04,No,1.5,https://snifa.sma.gob.cl/Sancionatorio/Ficha/1725                          ,14484,PELUQUERÍA GLORIA,Región de la Araucanía,Temuco,-38.7347253,-72.60972349999997,Equipamiento,Otros equipamientos,http://snifa.sma.gob.cl/UnidadFiscalizable/Ficha/14484                         ,2026-09-12,463.0
1726,D-044-2018,Denuncia,Terminado - Sanción,2018-05-29,2019-06-05,No,1.4,https://snifa.sma.gob.cl/Sancionatorio/Ficha/1726                          ,14734,GIMNASIO FANATIC FITNESS,Región de Arica y Parinacota,Arica,-18.4468986,-70.28838339999999,Equipamiento,Centro deportivo / gimnasio,http://snifa.sma.gob.cl/UnidadFiscalizable/Ficha/14734                         ,2026-09-12,372.0
1728,D-047-2018,Denuncia,Terminado - Sanción,2018-05-31,2019-12-31,No,9.5,https://snifa.sma.gob.cl/Sancionatorio/Ficha/1728                          ,14884,CENTRO DEPORTIVO PENÍNSULA - IQUIQUE,Región de Tarapacá,Iquique,-20.2368773,-70.15028139999998,Equipamiento,Centro deportivo / gimnasio,http://snifa.sma.gob.cl/UnidadFiscalizable/Ficha/14884                         ,2026-09-12,579.0
1729,D-050-2018,Denuncia,Terminado - Sanción,2018-05-31,2019-03-06,No,28.0,https://snifa.sma.gob.cl/Sancionatorio/Ficha/1729                          ,14138,CONSTRUCTORA NUMANA,Región de Atacama,Copiapó,-27.3654757,-70.33249820000003,Otras categorías,Otros,http://snifa.sma.gob.cl/UnidadFiscalizable/Ficha/14138                         ,2026-09-12,279.0
1730,D-049-2018,Denuncia,Terminado - Sanción,2018-06-01,2019-05-09,No,7.5,https://snifa.sma.gob.cl/Sancionatorio/Ficha/1730                          ,14885,BAR RESTAURANT LA POSTA,Región de Arica y Parinacota,Arica,-18.4796879,-70.31630810000001,Equipamiento,Discoteca / pub,http://snifa.sma.gob.cl/UnidadFiscalizable/Ficha/14885                         ,2026-09-12,342.0
1733,D-053-2018,Denuncia,Terminado - Sanción,2018-06-04,2021-01-13,No,34.0,https://snifa.sma.gob.cl/Sancionatorio/Ficha/1733                          ,13778,EDIFICIO LAS VIOLETAS,Región Metropolitana,Providencia,-33.4334285,-70.60547489999999,Vivienda e Inmobiliarios,Edificio Habitacional,http://snifa.sma.gob.cl/UnidadFiscalizable/Ficha/13778                         ,2026-09-12,954.0
1735,F-019-2018,Fiscalización,Terminado - Sanción,2018-06-05,2019-04-03,No,2.0,https://snifa.sma.gob.cl/Sancionatorio/Ficha/1735                          ,14491,EDIFICIO MARQUIS,Región de la Araucanía,Temuco,-38.7393785,-72.6042343,Vivienda e Inmobiliarios,Edificio Habitacional,http://snifa.sma.gob.cl/UnidadFiscalizable/Ficha/14491                         ,2026-09-12,302.0
1737,D-054-2018,Denuncia,Terminado - Sanción,2018-06-06,2021-01-13,No,6.0,https://snifa.sma.gob.cl/Sancionatorio/Ficha/1737                          ,13264,BANCO SANTANDER-TALCA,Región del Maule,Talca,-35.4276639,-71.66111910000001,Equipamiento,Oficina comercial,http://snifa.sma.gob.cl/UnidadFiscalizable/Ficha/13264                         ,2026-09-12,952.0
1740,D-046-2018,Denuncia,Terminado - Sanción,2018-06-08,2019-03-11,No,4.5,https://snifa.sma.gob.cl/Sancionatorio/Ficha/1740                          ,15027,GANADERÍA DON FACUNDO,Región Metropolitana,Recoleta,-33.40312000000001,-70.62736110000003,Equipamiento,Otros equipamientos,http://snifa.sma.gob.cl/UnidadFiscalizable/Ficha/15027                         ,2026-09-12,276.0
1741,D-045-2018,Denuncia,Terminado - Sanción,2018-05-30,2019-03-25,No,1.0,https://snifa.sma.gob.cl/Sancionatorio/Ficha/1741                          ,14851,ANTENA ENTEL-CALDERA,Región de Atacama,Caldera,-27.0672943,-70.82064539999999,Equipamiento,Otros equipamientos,http://snifa.sma.gob.cl/UnidadFiscalizable/Ficha/14851                         ,2026-09-12,299.0
1744,D-060-2018,Denuncia,Terminado - Sanción,2018-06-13,2019-05-23,No,1.0,https://snifa.sma.gob.cl/Sancionatorio/Ficha/1744                          ,14728,PANADERIA LA MODERNA,Región del Maule,Talca,-35.44072,-71.69338809999999,Equipamiento,Panadería,http://snifa.sma.gob.cl/UnidadFiscalizable/Ficha/14728                         ,2026-09-12,344.0
1745,D-057-2018,Denuncia,Terminado - Sanción,2018-06-12,2022-05-26,No,5.0,https://snifa.sma.gob.cl/Sancionatorio/Ficha/1745                          ,13161,CENTRAL DE CARGA TURBUS CHILLAN,Región de Ñuble,Chillán,-36.596384,-72.104412,Infraestructura de Transporte,"Terminal de taxis, buses y/o camiones",http://snifa.sma.gob.cl/UnidadFiscalizable/Ficha/13161                         ,2026-09-12,1444.0
1746,F-021-2018,Fiscalización,Terminado - Sanción,2018-06-15,2020-06-23,No,2.5,https://snifa.sma.gob.cl/Sancionatorio/Ficha/1746                          ,13789,RESTAURANTE LOLA,Región de la Araucanía,Temuco,-38.7404617,-72.60467790000001,Equipamiento,Restorán / Servicio de comidas,http://snifa.sma.gob.cl/UnidadFiscalizable/Ficha/13789                         ,2026-09-12,739.0
1748,D-061-2018,Denuncia,Terminado - Sanción,2018-06-15,2019-05-20,No,19.0,https://snifa.sma.gob.cl/Sancionatorio/Ficha/1748                          ,14516,PUB SOUNDSET,Región de Tarapacá,Iquique,-20.2247693,-70.1496644,Equipamiento,Discoteca / pub,http://snifa.sma.gob.cl/UnidadFiscalizable/Ficha/14516                         ,2026-09-12,339.0
1754,D-065-2018,Denuncia,Terminado - Sanción,2018-07-05,2019-12-09,No,566.0,https://snifa.sma.gob.cl/Sancionatorio/Ficha/1754                          ,2755,HOTEL LAGO GREY,Región de Magallanes y la Antártica Chilena,Torres del Paine,-51.122584,-73.116912,Equipamiento,Establecimiento / Infraestructura para turismo,http://snifa.sma.gob.cl/UnidadFiscalizable/Ficha/2755                          ,2026-09-12,522.0
1755,D-067-2018,Denuncia,Terminado - Sanción,2018-07-06,2019-07-31,No,5.5,https://snifa.sma.gob.cl/Sancionatorio/Ficha/1755                          ,14515,PUB VALHALLA,Región de Tarapacá,Iquique,-20.2456926,-70.13988159999997,Equipamiento,Discoteca / pub,http://snifa.sma.gob.cl/UnidadFiscalizable/Ficha/14515                         ,2026-09-12,390.0
1756,D-070-2018,Denuncia,Terminado - Sanción,2018-07-09,2026-01-16,No,1237.0,https://snifa.sma.gob.cl/Sancionatorio/Ficha/1756                          ,639,PUERTO ANTOFAGASTA,Región de Antofagasta,Antofagasta,-23.651336,-70.402615,Infraestructura Portuaria,Terminal marítimo,http://snifa.sma.gob.cl/UnidadFiscalizable/Ficha/639                           ,2026-09-12,2748.0
1758,D-069-2018,Denuncia,Terminado - Sanción,2018-07-11,2022-10-20,No,1.0,https://snifa.sma.gob.cl/Sancionatorio/Ficha/1758                          ,14615,APART HOTEL PLAVA,Región de Los Ríos,Valdivia,-39.825759,-73.25044409999998,Otras categorías,Servicios,http://snifa.sma.gob.cl/UnidadFiscalizable/Ficha/14615                         ,2026-09-12,1562.0
1759,D-066-2018,Denuncia,Terminado - Sanción,2018-07-05,2019-07-25,No,64.0,https://snifa.sma.gob.cl/Sancionatorio/Ficha/1759                          ,14133,CLUB PALESTINO,Región Metropolitana,Las Condes,-33.3881312,-70.54341,Equipamiento,Centro deportivo / gimnasio,http://snifa.sma.gob.cl/UnidadFiscalizable/Ficha/14133                         ,2026-09-12,385.0
1760,F-025-2018,Fiscalización,Terminado - Sanción,2018-07-19,2020-09-09,No,256.0,https://snifa.sma.gob.cl/Sancionatorio/Ficha/1760                          ,8248,PISCICOLA LLALLALCA,Región de Los Ríos,Panguipulli,-39.82942324,-71.98102129,Pesca y Acuicultura,Centro de cultivo de peces,http://snifa.sma.gob.cl/UnidadFiscalizable/Ficha/8248                          ,2026-09-12,783.0
1761,F-026-2018,Fiscalización,Terminado - Sanción,2018-07-23,2020-03-13,No,2.0,https://snifa.sma.gob.cl/Sancionatorio/Ficha/1761                          ,14144,LOCAL TALENTOS DEL SUR,Región de la Araucanía,Temuco,-38.7362543,-72.61521240000002,Equipamiento,Centro comercial,http://snifa.sma.gob.cl/UnidadFiscalizable/Ficha/14144                         ,2026-09-12,599.0
1764,D-068-2018,Denuncia,Terminado - Sanción,2018-07-23,2019-04-22,No,6.0,https://snifa.sma.gob.cl/Sancionatorio/Ficha/1764                          ,14608,RESTAURANT LA CUADRA,Región de Atacama,Copiapó,-27.3503306,-70.34865209999998,Otras categorías,Servicios,http://snifa.sma.gob.cl/UnidadFiscalizable/Ficha/14608                         ,2026-09-12,273.0
1765,D-074-2018,Denuncia,Terminado - Sanción,2018-08-02,2020-03-09,No,598.0,https://snifa.sma.gob.cl/Sancionatorio/Ficha/1765                          ,14057,PLANTA DE ARIDOS EL MAITEN,Región de Ñuble,Quillón,-36.822077,-72.41313,Minería,Áridos,http://snifa.sma.gob.cl/UnidadFiscalizable/Ficha/14057                         ,2026-09-12,585.0
1766,D-075-2018,Denuncia,Terminado - Sanción,2018-08-03,2019-05-07,No,2.0,https://snifa.sma.gob.cl/Sancionatorio/Ficha/1766                          ,13907,FÁBRICA DE HELADOS PILÚ,Región de Atacama,Copiapó,-27.3782144,-70.34164140000001,Agroindustrias,Elaboración de productos lácteos,http://snifa.sma.gob.cl/UnidadFiscalizable/Ficha/13907                         ,2026-09-12,277.0
1770,D-078-2018,Denuncia,Terminado - Sanción,2018-08-10,2020-01-24,No,25.0,https://snifa.sma.gob.cl/Sancionatorio/Ficha/1770                          ,13805,FAENA CONSTRUCTURA JOSÉ MIGUEL GARCIA,Región del Biobío,Arauco,-37.2435892,-73.31186300000002,Vivienda e Inmobiliarios,Obras de urbanización,http://snifa.sma.gob.cl/UnidadFiscalizable/Ficha/13805                         ,2026-09-12,532.0
1771,A-002-2018,Denuncia,Terminado - Sanción,2018-08-09,2024-04-16,No,674.9,https://snifa.sma.gob.cl/Sancionatorio/Ficha/1771                          ,647,GEOTERMICA CERRO PABELLON,Región de Antofagasta,Ollague,-21.8562715,-68.1542745,Energía,Central geotérmica,http://snifa.sma.gob.cl/UnidadFiscalizable/Ficha/647                           ,2026-09-12,2077.0
1772,D-077-2018,Denuncia,Terminado - Sanción,2018-08-13,2021-02-10,No,594.0,https://snifa.sma.gob.cl/Sancionatorio/Ficha/1772                          ,14988,PROYECTO INMOBILIARIO ALTOS DEL TRANCURA,Región de la Araucanía,Pucón,-39.28528574632156,-71.86780518958739,Vivienda e Inmobiliarios,Proyecto Inmobiliario,http://snifa.sma.gob.cl/UnidadFiscalizable/Ficha/14988                         ,2026-09-12,912.0
1773,D-081-2018,Denuncia,Terminado - Sanción,2018-08-13,2021-10-25,No,118.0,https://snifa.sma.gob.cl/Sancionatorio/Ficha/1773                          ,9356,RELLENO SANITARIO LOS ANGELES,Región del Biobío,Los Ángeles,-37.288889,-72.354898,Saneamiento Ambiental,Relleno sanitario,http://snifa.sma.gob.cl/UnidadFiscalizable/Ficha/9356                          ,2026-09-12,1169.0
1775,D-082-2018,Denuncia,Terminado - Sanción,2018-08-17,2020-07-01,No,2.9,https://snifa.sma.gob.cl/Sancionatorio/Ficha/1775                          ,14880,RESTO BAR EL ESCONDITE,Región de Valparaíso,Viña del Mar,-33.01693789999999,-71.54648040000001,Equipamiento,Discoteca / pub,http://snifa.sma.gob.cl/UnidadFiscalizable/Ficha/14880                         ,2026-09-12,684.0
1781,D-086-2018,Denuncia,Terminado - Sanción,2018-09-07,2019-08-29,No,198.0,https://snifa.sma.gob.cl/Sancionatorio/Ficha/1781                          ,1740,PLANTA GASMAR QUINTERO,Región de Valparaíso,Quintero,-32.76693,-71.481668,Transportes y almacenajes,Centro de almacenamiento de sustancias peligrosas,http://snifa.sma.gob.cl/UnidadFiscalizable/Ficha/1740                          ,2026-09-12,356.0
1784,D-085-2018,Denuncia,Terminado - Sanción,2018-09-11,2025-02-05,No,2.0,https://snifa.sma.gob.cl/Sancionatorio/Ficha/1784                          ,14992,GIMNASIO CROSS RISEFIT,Región de Arica y Parinacota,Arica,-18.4934845,-70.29452270000002,Equipamiento,Centro deportivo / gimnasio,http://snifa.sma.gob.cl/UnidadFiscalizable/Ficha/14992                         ,2026-09-12,2339.0
1785,F-033-2018,Fiscalización,Terminado - Sanción,2018-09-13,2020-10-20,No,809.0,https://snifa.sma.gob.cl/Sancionatorio/Ficha/1785                          ,2479,COMASA LAUTARO,Región de la Araucanía,Lautaro,-38.5394,-72.4697,Energía,Central termoeléctrica,http://snifa.sma.gob.cl/UnidadFiscalizable/Ficha/2479                          ,2026-09-12,768.0
1791,F-037-2018,Fiscalización,Terminado - Sanción,2018-09-26,2019-10-29,No,4.0,https://snifa.sma.gob.cl/Sancionatorio/Ficha/1791                          ,10224,HUMEDAL RIO LLUTA,Región de Arica y Parinacota,Arica,-18.415698,-70.321961,Otras categorías,Actividades y/o proyectos en sitios protegidos,http://snifa.sma.gob.cl/UnidadFiscalizable/Ficha/10224                         ,2026-09-12,398.0
1803,D-098-2018,Denuncia,Terminado - Sanción,2018-10-24,2022-05-24,No,104.0,https://snifa.sma.gob.cl/Sancionatorio/Ficha/1803                          ,9521,RILES VIÑA SAAVEDRA,Región del Maule,Villa Alegre,-35.662492,-71.742351,Agroindustrias,Vinificación / producción de alcohol,http://snifa.sma.gob.cl/UnidadFiscalizable/Ficha/9521                          ,2026-09-12,1308.0
1804,D-094-2018,Denuncia,Terminado - Sanción,2018-10-25,2019-07-12,No,9.0,https://snifa.sma.gob.cl/Sancionatorio/Ficha/1804                          ,15759,PUB ENTRE JOTES,Región de Atacama,Caldera,-27.0668382,-70.8257858,Equipamiento,Discoteca / pub,http://snifa.sma.gob.cl/UnidadFiscalizable/Ficha/15759                         ,2026-09-12,260.0
1806,D-100-2018,Denuncia,Terminado - Sanción,2018-10-26,2021-01-13,No,4.0,https://snifa.sma.gob.cl/Sancionatorio/Ficha/1806                          ,13785,GIMNASIO BLUE GYM,Región de Los Ríos,Valdivia,-39.8210461,-73.24954730000002,Equipamiento,Centro deportivo / gimnasio,http://snifa.sma.gob.cl/UnidadFiscalizable/Ficha/13785                         ,2026-09-12,810.0
1809,D-103-2018,Denuncia,Terminado - Sanción,2018-10-31,2025-12-18,No,8914.0,https://snifa.sma.gob.cl/Sancionatorio/Ficha/1809                          ,3245,CES PUNTA REDONDA (RNA 102833),Región de los Lagos,Calbuco,-41.70624,-72.88739,Pesca y Acuicultura,Centro de engorda de salmones,http://snifa.sma.gob.cl/UnidadFiscalizable/Ficha/3245                          ,2026-09-12,2605.0
1811,D-104-2018,Denuncia,Terminado - Sanción,2018-10-31,2020-11-25,No,8.0,https://snifa.sma.gob.cl/Sancionatorio/Ficha/1811                          ,15118,PUB KARAOKE J-3,Región de Atacama,Copiapó,-27.3713086,-70.3315685,Equipamiento,Discoteca / pub,http://snifa.sma.gob.cl/UnidadFiscalizable/Ficha/15118                         ,2026-09-12,756.0
1818,D-106-2018,Denuncia,Terminado - Sanción,2018-11-19,2021-09-30,No,620.0,https://snifa.sma.gob.cl/Sancionatorio/Ficha/1818                          ,11505,SOCIEDAD ELABORADORA DE ACEITUNAS APROACEN LTDA. (SISTEMA DE TRATAMIENTO DE RILES) - TIL TIL,Región Metropolitana,Til til,-33.109195,-70.923841,Saneamiento Ambiental,Sistema de agua potable,http://snifa.sma.gob.cl/UnidadFiscalizable/Ficha/11505                         ,2026-09-12,1046.0
1821,D-109-2018,Denuncia,Terminado - Sanción,2018-11-23,2025-01-09,No,1174.0,https://snifa.sma.gob.cl/Sancionatorio/Ficha/1821                          ,6957,GENERADORA ELECTRICA ROBLERIA,Región del Maule,Colbún,-35.855524,-71.272223,Energía,Central hidroeléctrica de pasada,http://snifa.sma.gob.cl/UnidadFiscalizable/Ficha/6957                          ,2026-09-12,2239.0
1822,D-111-2018,Denuncia,Terminado - Sanción,2018-11-26,2023-10-13,No,16.5,https://snifa.sma.gob.cl/Sancionatorio/Ficha/1822                          ,14761,NURIA POLLO Y EXPRESS NURIA,Región Metropolitana,Santiago,-33.43849,-70.65005400000001,Equipamiento,Restorán / Servicio de comidas,http://snifa.sma.gob.cl/UnidadFiscalizable/Ficha/14761                         ,2026-09-12,1782.0
1823,D-108-2018,Denuncia,Terminado - Sanción,2018-11-22,2020-01-08,No,1.0,https://snifa.sma.gob.cl/Sancionatorio/Ficha/1823                          ,13259,CONSULTA DENTAL AUGUSTO SOLANO,Región de Ñuble,Chillán,-36.60690346150056,-72.10544423995961,Equipamiento,Centro de salud humana,http://snifa.sma.gob.cl/UnidadFiscalizable/Ficha/13259                         ,2026-09-12,412.0
1824,D-110-2018,Denuncia,Terminado - Sanción,2018-11-27,2022-05-19,No,351.0,https://snifa.sma.gob.cl/Sancionatorio/Ficha/1824                          ,14952,PROYECTO INMOBILIARIO BAHÍA PANGUIPULLI,Región de Los Ríos,Panguipulli,-39.64185184795122,-72.33697642333982,Vivienda e Inmobiliarios,Conjunto habitacional,http://snifa.sma.gob.cl/UnidadFiscalizable/Ficha/14952                         ,2026-09-12,1269.0
1825,D-112-2018,Denuncia,Terminado - Sanción,2018-11-28,2024-12-20,No,563.1,https://snifa.sma.gob.cl/Sancionatorio/Ficha/1825                          ,10003,VALDICOR,Región de Los Ríos,Valdivia,-39.950417,-72.593974,Minería,Minera no metálica,http://snifa.sma.gob.cl/UnidadFiscalizable/Ficha/10003                         ,2026-09-12,2214.0
1826,D-115-2018,Denuncia,Terminado - Sanción,2018-11-29,2021-04-14,No,1379.0,https://snifa.sma.gob.cl/Sancionatorio/Ficha/1826                          ,299,FAENA MINERA QUEBRADA BLANCA,Región de Tarapacá,Pica,-21.002,-68.7958,Minería,Minera metálica,http://snifa.sma.gob.cl/UnidadFiscalizable/Ficha/299                           ,2026-09-12,867.0
1830,D-116-2018,Denuncia,Terminado - Sanción,2018-11-29,2020-08-06,No,2.6,https://snifa.sma.gob.cl/Sancionatorio/Ficha/1830                          ,15486,POLIDEPORTIVO ENRIQUE SORO,Región Metropolitana,Independencia,-33.4174108,-70.67114959999998,Equipamiento,Centro deportivo / gimnasio,http://snifa.sma.gob.cl/UnidadFiscalizable/Ficha/15486                         ,2026-09-12,616.0
1833,D-002-2019,Denuncia,Terminado - Sanción,2019-01-07,2019-10-16,No,7.0,https://snifa.sma.gob.cl/Sancionatorio/Ficha/1833                          ,15762,CANCHA MOTOCROSS VILLA LO VASQUEZ,Región de los Lagos,Puerto Montt,-41.43264876754477,-73.0083377217536,Equipamiento,Centro deportivo / gimnasio,http://snifa.sma.gob.cl/UnidadFiscalizable/Ficha/15762                         ,2026-09-12,282.0
1834,D-117-2018,Denuncia,Terminado - Sanción,2018-12-21,2023-01-23,No,3.6,https://snifa.sma.gob.cl/Sancionatorio/Ficha/1834                          ,15791,AGRÍCOLA GARCÉS,Región Metropolitana,Paine,-33.81118940334692,-70.7395258789424,Agroindustrias,Producción agrícola / cultivos,http://snifa.sma.gob.cl/UnidadFiscalizable/Ficha/15791                         ,2026-09-12,1494.0
1837,D-006-2019,Denuncia,Terminado - Sanción,2019-01-16,2019-10-17,No,22.0,https://snifa.sma.gob.cl/Sancionatorio/Ficha/1837                          ,14967,OBRAS DE DEMOLICIÓN CALLE GENERAL HOLLEY 2315,Región Metropolitana,Providencia,-33.4201835,-70.6080624,Vivienda e Inmobiliarios,Obras de urbanización,http://snifa.sma.gob.cl/UnidadFiscalizable/Ficha/14967                         ,2026-09-12,274.0
1840,D-007-2019,Denuncia,Terminado - Sanción,2019-01-18,2019-10-16,No,9.5,https://snifa.sma.gob.cl/Sancionatorio/Ficha/1840                          ,13590,DISCOTEQUE SOFOQUE,Región Metropolitana,Estación Central,-33.45488135118371,-70.68881876427918,Equipamiento,Discoteca / pub,http://snifa.sma.gob.cl/UnidadFiscalizable/Ficha/13590                         ,2026-09-12,271.0
1844,D-013-2019,Denuncia,Terminado - Sanción,2019-02-11,2021-04-07,No,13.0,https://snifa.sma.gob.cl/Sancionatorio/Ficha/1844                          ,16035,TERRZA ZENMORI (EX PUB BALMORI),Región de Antofagasta,Antofagasta,-23.6767271297969,-70.4123157262802,Equipamiento,Discoteca / pub,http://snifa.sma.gob.cl/UnidadFiscalizable/Ficha/16035                         ,2026-09-12,786.0
1849,D-015-2019,Denuncia,Terminado - Sanción,2019-02-11,2020-12-04,No,3.4,https://snifa.sma.gob.cl/Sancionatorio/Ficha/1849                          ,14199,PUB KUNZA (EX ARENAS PUB),Región de Antofagasta,Antofagasta,-23.6781898,-70.4128091,Equipamiento,Discoteca / pub,http://snifa.sma.gob.cl/UnidadFiscalizable/Ficha/14199                         ,2026-09-12,662.0
1851,D-018-2019,Denuncia,Terminado - Sanción,2019-02-19,2023-07-24,No,10000.0,https://snifa.sma.gob.cl/Sancionatorio/Ficha/1851                          ,2610,CASERONES,Región de Atacama,Tierra Amarilla,-28.1685345170313,-69.5603375143005,Minería,Minera metálica,http://snifa.sma.gob.cl/UnidadFiscalizable/Ficha/2610                          ,2026-09-12,1616.0
1855,D-020-2019,Denuncia,Terminado - Sanción,2019-03-01,2020-07-20,No,3.5,https://snifa.sma.gob.cl/Sancionatorio/Ficha/1855                          ,14845,IDEAS DE CARTÓN,Región Metropolitana,Recoleta,-33.4315411,-70.63964249999998,Instalación fabril,Otras,http://snifa.sma.gob.cl/UnidadFiscalizable/Ficha/14845                         ,2026-09-12,507.0
1856,D-021-2019,Denuncia,Terminado - Sanción,2019-03-07,2020-07-21,No,3.3,https://snifa.sma.gob.cl/Sancionatorio/Ficha/1856                          ,15446,PUB DE-DOS,Región de los Lagos,Quellón,-43.13031824556433,-73.64202911627848,Equipamiento,Discoteca / pub,http://snifa.sma.gob.cl/UnidadFiscalizable/Ficha/15446                         ,2026-09-12,502.0
1859,D-022-2019,Denuncia,Terminado - Sanción,2019-03-08,2024-01-25,No,15.0,https://snifa.sma.gob.cl/Sancionatorio/Ficha/1859                          ,16087,CONSTRUCCIÓN EDIFICIO LTO,Región Metropolitana,Providencia,-33.423824,-70.60047739999999,Vivienda e Inmobiliarios,Edificio Habitacional,http://snifa.sma.gob.cl/UnidadFiscalizable/Ficha/16087                         ,2026-09-12,1784.0
1868,D-033-2019,Denuncia,Terminado - Sanción,2019-04-05,2020-11-30,No,190.0,https://snifa.sma.gob.cl/Sancionatorio/Ficha/1868                          ,11190,ACONCAGUA FOODS-BUIN,Región Metropolitana,Buin,-33.734516,-70.731346,Agroindustrias,Planta procesadora de productos agrícolas,http://snifa.sma.gob.cl/UnidadFiscalizable/Ficha/11190                         ,2026-09-12,605.0
1869,D-035-2019,Denuncia,Terminado - Sanción,2019-04-08,2021-06-24,No,31.0,https://snifa.sma.gob.cl/Sancionatorio/Ficha/1869                          ,10503,PATAGONIAFRESH - PLANTA MOLINA (JUGOS),Región del Maule,Molina,-35.089924,-71.315163,Agroindustrias,Planta procesadora de productos agrícolas,http://snifa.sma.gob.cl/UnidadFiscalizable/Ficha/10503                         ,2026-09-12,808.0
1872,D-036-2019,Denuncia,Terminado - Sanción,2019-04-11,2026-05-12,No,503.1,https://snifa.sma.gob.cl/Sancionatorio/Ficha/1872                          ,10221,ELECTRIFICACION GENERAL LAGOS,Región de Arica y Parinacota,Putre,-18.199509,-69.265369,Energía,Línea de transmisión,http://snifa.sma.gob.cl/UnidadFiscalizable/Ficha/10221                         ,2026-09-12,2588.0
1875,D-034-2019,Denuncia,Terminado - Sanción,2019-04-12,2020-12-22,No,1.5,https://snifa.sma.gob.cl/Sancionatorio/Ficha/1875                          ,15876,PIZZA INN - HUÉRFANOS,Región Metropolitana,Santiago,-33.439219,-70.6468582,Equipamiento,Restorán / Servicio de comidas,http://snifa.sma.gob.cl/UnidadFiscalizable/Ficha/15876                         ,2026-09-12,620.0
1876,D-037-2019,Denuncia,Terminado - Sanción,2019-04-18,2021-06-23,No,13.0,https://snifa.sma.gob.cl/Sancionatorio/Ficha/1876                          ,13957,SUNSET BEACH - INSOMNIO GROUP (EX DISCOTEQUE KAMIKAZE - LA SERENA),Región de Coquimbo,La Serena,-29.933567342293,-71.28194147116392,Equipamiento,Discoteca / pub,http://snifa.sma.gob.cl/UnidadFiscalizable/Ficha/13957                         ,2026-09-12,797.0
1878,D-038-2019,Denuncia,Terminado - Sanción,2019-05-06,2023-03-09,No,7.9,https://snifa.sma.gob.cl/Sancionatorio/Ficha/1878                          ,14524,MARVEST GOURMET,Región Metropolitana,Quinta Normal,-33.4269795,-70.6992937,Instalación fabril,Plantas procesadoras de alimentos (no agrícola),http://snifa.sma.gob.cl/UnidadFiscalizable/Ficha/14524                         ,2026-09-12,1403.0
1879,D-043-2019,Denuncia,Terminado - Sanción,2019-05-06,2023-01-16,No,16.0,https://snifa.sma.gob.cl/Sancionatorio/Ficha/1879                          ,13223,SOCIEDAD COMERCIALIZADORA PANILWE SPA (EX MÁQUINAS EUROACERO),Región Metropolitana,Cerrillos,-33.4884121172357,-70.7177291772402,Instalación fabril,Planta metalúrgica,http://snifa.sma.gob.cl/UnidadFiscalizable/Ficha/13223                         ,2026-09-12,1351.0
1880,D-042-2019,Denuncia,Terminado - Sanción,2019-05-02,2020-07-23,No,3.5,https://snifa.sma.gob.cl/Sancionatorio/Ficha/1880                          ,15866,PUB FORTUNATO,Región Metropolitana,Quinta Normal,-33.4305492,-70.69518349999998,Equipamiento,Discoteca / pub,http://snifa.sma.gob.cl/UnidadFiscalizable/Ficha/15866                         ,2026-09-12,448.0
1882,D-044-2019,Denuncia,Terminado - Sanción,2019-05-10,2021-11-16,No,2.0,https://snifa.sma.gob.cl/Sancionatorio/Ficha/1882                          ,15926,IGLESIA PODER Y GLORIA DE DIOS,Región de Los Ríos,Valdivia,-39.8374242,-73.20741479999998,Equipamiento,Centro de culto religioso / espiritual,http://snifa.sma.gob.cl/UnidadFiscalizable/Ficha/15926                         ,2026-09-12,921.0
1884,D-040-2019,Denuncia,Terminado - Sanción,2019-05-15,2021-08-10,No,17.0,https://snifa.sma.gob.cl/Sancionatorio/Ficha/1884                          ,13733,BAR ROMA,Región de Valparaíso,Valparaíso,-33.02531788448914,-71.63957348308105,Equipamiento,Discoteca / pub,http://snifa.sma.gob.cl/UnidadFiscalizable/Ficha/13733                         ,2026-09-12,818.0
1895,F-017-2019,Fiscalización,Terminado - Sanción,2019-05-17,2020-02-06,No,1.0,https://snifa.sma.gob.cl/Sancionatorio/Ficha/1895                          ,15575,CIMARRÓN EXPRESS,Región de Aysén del General Carlos Ibáñez del Campo,Coyhaique,-45.5796655,-72.06448790000002,Equipamiento,Centro comercial,http://snifa.sma.gob.cl/UnidadFiscalizable/Ficha/15575                         ,2026-09-12,265.0
1896,D-047-2019,Denuncia,Terminado - Sanción,2019-04-30,2020-01-29,No,4.5,https://snifa.sma.gob.cl/Sancionatorio/Ficha/1896                          ,15654,DISCOTECA ZONA CERO,Región de Valparaíso,Llay Llay,-32.8389846,-70.96528,Equipamiento,Discoteca / pub,http://snifa.sma.gob.cl/UnidadFiscalizable/Ficha/15654                         ,2026-09-12,274.0
1897,D-046-2019,Denuncia,Terminado - Sanción,2019-05-17,2020-02-25,No,4.0,https://snifa.sma.gob.cl/Sancionatorio/Ficha/1897                          ,13592,COMUNIDAD EDIFICIO EL DANTE 4241,Región Metropolitana,Las Condes,-33.4118096,-70.58810690000001,Vivienda e Inmobiliarios,Edificio Habitacional,http://snifa.sma.gob.cl/UnidadFiscalizable/Ficha/13592                         ,2026-09-12,284.0
1899,D-052-2019,Denuncia,Terminado - Sanción,2019-05-28,2021-10-28,No,453.0,https://snifa.sma.gob.cl/Sancionatorio/Ficha/1899                          ,2488,VERTEDERO DICHAM,Región de los Lagos,Chonchi,-42.6271413736787,-73.8412979119647,Saneamiento Ambiental,Vertedero,http://snifa.sma.gob.cl/UnidadFiscalizable/Ficha/2488                          ,2026-09-12,884.0
1902,D-048-2019,Denuncia,Terminado - Sanción,2019-05-30,2022-04-12,No,44.0,https://snifa.sma.gob.cl/Sancionatorio/Ficha/1902                          ,13829,EDIFICIO NODO CONSTRUCTORA ISA,Región Metropolitana,Ñuñoa,-33.454431,-70.57787960000002,Vivienda e Inmobiliarios,Edificio Habitacional,http://snifa.sma.gob.cl/UnidadFiscalizable/Ficha/13829                         ,2026-09-12,1048.0
1903,F-018-2019,Fiscalización,Terminado - Sanción,2019-06-04,2021-04-12,No,122.0,https://snifa.sma.gob.cl/Sancionatorio/Ficha/1903                          ,15303,INMOBILIARIO MACRO PILAUCO II,Región de los Lagos,Osorno,-40.5761897,-73.1149469,Vivienda e Inmobiliarios,Proyecto Inmobiliario,http://snifa.sma.gob.cl/UnidadFiscalizable/Ficha/15303                         ,2026-09-12,678.0
1905,D-054-2019,Denuncia,Terminado - Sanción,2019-06-07,2026-06-16,No,72.0,https://snifa.sma.gob.cl/Sancionatorio/Ficha/1905                          ,7867,METRO S.A. LINEA 6,Región Metropolitana,Santiago,-33.502307,-70.647594,Infraestructura de Transporte,Metro,http://snifa.sma.gob.cl/UnidadFiscalizable/Ficha/7867                          ,2026-09-12,2566.0
1911,D-056-2019,Denuncia,Terminado - Sanción,2019-06-20,2020-09-29,No,6.6,https://snifa.sma.gob.cl/Sancionatorio/Ficha/1911                          ,15075,PARRILLAS AMANCAY,Región Metropolitana,Maipú,-33.4985241,-70.7570417,Equipamiento,Restorán / Servicio de comidas,http://snifa.sma.gob.cl/UnidadFiscalizable/Ficha/15075                         ,2026-09-12,467.0
1916,D-060-2019,Denuncia,Terminado - Sanción,2019-07-04,2022-04-18,No,10.0,https://snifa.sma.gob.cl/Sancionatorio/Ficha/1916                          ,13734,EDIFICIO CALLE FRANCISCO VERGARA 3241- IQUIQUE,Región de Tarapacá,Iquique,-20.2507743,-70.13413839999998,Vivienda e Inmobiliarios,Edificio Habitacional,http://snifa.sma.gob.cl/UnidadFiscalizable/Ficha/13734                         ,2026-09-12,1019.0
1918,D-059-2019,Denuncia,Terminado - Sanción,2019-07-10,2020-12-31,No,3.8,https://snifa.sma.gob.cl/Sancionatorio/Ficha/1918                          ,13620,INSTITUTO PROFESIONAL DIEGO PORTALES,Región Metropolitana,Ñuñoa,-33.450568,-70.621444,Equipamiento,Establecimiento educacional,http://snifa.sma.gob.cl/UnidadFiscalizable/Ficha/13620                         ,2026-09-12,540.0
1919,D-063-2019,Denuncia,Terminado - Sanción,2019-07-15,2025-05-09,No,174.0,https://snifa.sma.gob.cl/Sancionatorio/Ficha/1919                          ,13929,EURO CONSTRUCTORA SAN IGNACIO,Región Metropolitana,Santiago,-33.4586512,-70.65560169999998,Vivienda e Inmobiliarios,Proyecto Inmobiliario,http://snifa.sma.gob.cl/UnidadFiscalizable/Ficha/13929                         ,2026-09-12,2125.0
1922,D-061-2019,Denuncia,Terminado - Sanción,2019-07-18,2022-05-26,No,1.0,https://snifa.sma.gob.cl/Sancionatorio/Ficha/1922                          ,15850,GENERADOR ELÉCTRICO VILLA TEHUELCHES,Región de Magallanes y la Antártica Chilena,Laguna Blanca,-52.4555353,-71.3372235,Energía,Generador eléctrico,http://snifa.sma.gob.cl/UnidadFiscalizable/Ficha/15850                         ,2026-09-12,1043.0
1924,P-002-2019,Programa de Cumplimiento,Terminado - Sanción,2018-11-19,2021-09-30,No,227.2,https://snifa.sma.gob.cl/Sancionatorio/Ficha/1924                          ,11505,SOCIEDAD ELABORADORA DE ACEITUNAS APROACEN LTDA. (SISTEMA DE TRATAMIENTO DE RILES) - TIL TIL,Región Metropolitana,Til til,-33.109195,-70.923841,Saneamiento Ambiental,Sistema de agua potable,http://snifa.sma.gob.cl/UnidadFiscalizable/Ficha/11505                         ,2026-09-12,1046.0
1925,D-067-2019,Denuncia,Terminado - Sanción,2019-07-23,2020-11-06,No,141.0,https://snifa.sma.gob.cl/Sancionatorio/Ficha/1925                          ,162,MALL PLAZA EGAÑA - LA REINA,Región Metropolitana,La Reina,-33.453,-70.57,Equipamiento,Centro comercial,http://snifa.sma.gob.cl/UnidadFiscalizable/Ficha/162                           ,2026-09-12,472.0
1926,D-070-2019,Denuncia,Terminado - Sanción,2019-07-25,2020-05-27,No,1.0,https://snifa.sma.gob.cl/Sancionatorio/Ficha/1926                          ,14989,DISCO MAMBO DE TEMUCO (EX DISCO CLUB 90),Región de la Araucanía,Temuco,-38.7368105,-72.58853750000003,Equipamiento,Discoteca / pub,http://snifa.sma.gob.cl/UnidadFiscalizable/Ficha/14989                         ,2026-09-12,307.0
1927,D-068-2019,Denuncia,Terminado - Sanción,2019-07-25,2020-02-14,No,5.0,https://snifa.sma.gob.cl/Sancionatorio/Ficha/1927                          ,14873,TALLER MECÁNICO TAPITEX,Región del Maule,Talca,-35.4177415,-71.6574822,Equipamiento,Otros equipamientos,http://snifa.sma.gob.cl/UnidadFiscalizable/Ficha/14873                         ,2026-09-12,204.0
1962,F-045-2019,Fiscalización,Terminado - Sanción,2019-08-12,2020-06-09,No,1.0,https://snifa.sma.gob.cl/Sancionatorio/Ficha/1962                          ,14134,COMUNIDAD EDIFICIO CORDILLERA,Región de la Araucanía,Temuco,-38.7430084,-72.5916219,Vivienda e Inmobiliarios,Edificio Habitacional,http://snifa.sma.gob.cl/UnidadFiscalizable/Ficha/14134                         ,2026-09-12,302.0
1965,F-024-2019,Fiscalización,Terminado - Sanción,2019-08-12,2020-08-18,No,1.0,https://snifa.sma.gob.cl/Sancionatorio/Ficha/1965                          ,14054,EDIFICIO AILLACARA,Región de la Araucanía,Temuco,-38.7333565,-72.6074945,Vivienda e Inmobiliarios,Edificio Habitacional,http://snifa.sma.gob.cl/UnidadFiscalizable/Ficha/14054                         ,2026-09-12,372.0
1975,D-097-2019,Denuncia,Terminado - Sanción,2019-08-16,2022-04-26,No,1.0,https://snifa.sma.gob.cl/Sancionatorio/Ficha/1975                          ,16147,RESTAURANTE ROCK´ROLL,Región de Valparaíso,Llay Llay,-32.8382341,-70.96619550000003,Equipamiento,Discoteca / pub,http://snifa.sma.gob.cl/UnidadFiscalizable/Ficha/16147                         ,2026-09-12,984.0
1983,D-121-2019,Denuncia,Terminado - Sanción,2019-08-29,2021-06-02,No,67.0,https://snifa.sma.gob.cl/Sancionatorio/Ficha/1983                          ,15133,EDIFICIO CHACABUCO 180 - INMOBILIARIA ACONCAGUA,Región del Biobío,Concepción,-36.8332289,-73.05392749999999,Vivienda e Inmobiliarios,Edificio Habitacional,http://snifa.sma.gob.cl/UnidadFiscalizable/Ficha/15133                         ,2026-09-12,643.0
1987,D-113-2019,Denuncia,Terminado - Sanción,2019-08-28,2020-06-25,No,32.0,https://snifa.sma.gob.cl/Sancionatorio/Ficha/1987                          ,13931,DISCOTEQUE BARRACAS CLUB,Región Metropolitana,Quilicura,-33.3850231,-70.75882769999998,Equipamiento,Discoteca / pub,http://snifa.sma.gob.cl/UnidadFiscalizable/Ficha/13931                         ,2026-09-12,302.0
1989,D-122-2019,Denuncia,Terminado - Sanción,2019-08-29,2020-05-07,No,45.0,https://snifa.sma.gob.cl/Sancionatorio/Ficha/1989                          ,16568,GIMNASIO PACIFIC IRARRÁZAVAL 1,Región Metropolitana,Ñuñoa,-33.4537247,-70.6220126,Equipamiento,Centro deportivo / gimnasio,http://snifa.sma.gob.cl/UnidadFiscalizable/Ficha/16568                         ,2026-09-12,252.0
1990,D-107-2019,Denuncia,Terminado - Sanción,2019-08-29,2020-06-30,No,83.0,https://snifa.sma.gob.cl/Sancionatorio/Ficha/1990                          ,14020,SICAL,Región de Arica y Parinacota,Arica,-18.38991807646754,-70.30623435974121,Instalación fabril,Otras,http://snifa.sma.gob.cl/UnidadFiscalizable/Ficha/14020                         ,2026-09-12,306.0
1993,D-110-2019,Denuncia,Terminado - Sanción,2019-08-29,2020-06-22,No,1.5,https://snifa.sma.gob.cl/Sancionatorio/Ficha/1993                          ,15649,PUB DUNAS,Región de Atacama,Copiapó,-27.3633523,-70.33967769999998,Equipamiento,Discoteca / pub,http://snifa.sma.gob.cl/UnidadFiscalizable/Ficha/15649                         ,2026-09-12,298.0
1996,D-112-2019,Denuncia,Terminado - Sanción,2019-08-29,2020-06-11,No,61.0,https://snifa.sma.gob.cl/Sancionatorio/Ficha/1996                          ,13738,RESTORÁNPICCOLA ITALIA PROVIDENCIA,Región Metropolitana,Providencia,-33.4239213,-70.6091788,Equipamiento,Restorán / Servicio de comidas,http://snifa.sma.gob.cl/UnidadFiscalizable/Ficha/13738                         ,2026-09-12,287.0
1997,D-101-2019,Denuncia,Terminado - Sanción,2019-08-29,2020-11-11,No,35.0,https://snifa.sma.gob.cl/Sancionatorio/Ficha/1997                          ,15028,EDIFICIO FUNDADOR DON ALBERTO,Región Metropolitana,Santiago,-33.4334335,-70.65907659999999,Vivienda e Inmobiliarios,Edificio Habitacional,http://snifa.sma.gob.cl/UnidadFiscalizable/Ficha/15028                         ,2026-09-12,440.0
1998,D-116-2019,Denuncia,Terminado - Sanción,2019-08-29,2020-09-04,No,1.4,https://snifa.sma.gob.cl/Sancionatorio/Ficha/1998                          ,15680,PANADERÍA EL PORTAL,Región de Coquimbo,La Serena,-29.9371545,-71.2411103,Equipamiento,Panadería,http://snifa.sma.gob.cl/UnidadFiscalizable/Ficha/15680                         ,2026-09-12,372.0
2002,D-123-2019,Denuncia,Terminado - Sanción,2019-08-29,2022-08-02,No,3.4,https://snifa.sma.gob.cl/Sancionatorio/Ficha/2002                          ,13644,ASERRADERO CRISTIAN COLPO,Región de Los Ríos,Lanco,-39.45316112807392,-72.77206420898438,Forestal,Aserradero / procesadora de madera,http://snifa.sma.gob.cl/UnidadFiscalizable/Ficha/13644                         ,2026-09-12,1069.0
2008,D-125-2019,Denuncia,Terminado - Sanción,2019-09-26,2020-10-20,No,36.0,https://snifa.sma.gob.cl/Sancionatorio/Ficha/2008                          ,6801,EXTRACCION ARIDOS ABRATEC,Región de Ñuble,Bulnes,-36.8199164474093,-72.4061967379177,Minería,Áridos,http://snifa.sma.gob.cl/UnidadFiscalizable/Ficha/6801                          ,2026-09-12,390.0
2012,D-129-2019,Denuncia,Terminado - Sanción,2019-10-09,2025-06-09,No,32.5,https://snifa.sma.gob.cl/Sancionatorio/Ficha/2012                          ,6837,EXTRACCION DE ARIDOS RIO CAUTIN-CANTERA LAUTARO,Región de la Araucanía,Lautaro,-38.58242407097557,-72.440110091858,Minería,Áridos,http://snifa.sma.gob.cl/UnidadFiscalizable/Ficha/6837                          ,2026-09-12,2070.0
2017,D-144-2019,Denuncia,Terminado - Sanción,2019-10-14,2022-09-12,No,62.0,https://snifa.sma.gob.cl/Sancionatorio/Ficha/2017                          ,14767,EDIFICIO CALIFORNIA,Región Metropolitana,Providencia,-33.43587400000001,-70.60219699999999,Vivienda e Inmobiliarios,Edificio Habitacional,http://snifa.sma.gob.cl/UnidadFiscalizable/Ficha/14767                         ,2026-09-12,1064.0
2018,D-148-2019,Denuncia,Terminado - Sanción,2019-10-14,2022-09-28,No,106.0,https://snifa.sma.gob.cl/Sancionatorio/Ficha/2018                          ,16819,HORMIGONES TRANSEX - LA GRANJA,Región Metropolitana,La Granja,-33.5432538,-70.62102870000001,Instalación fabril,Planta de asfalto,http://snifa.sma.gob.cl/UnidadFiscalizable/Ficha/16819                         ,2026-09-12,1080.0
2019,D-152-2019,Denuncia,Terminado - Sanción,2019-10-14,2020-11-17,No,13.0,https://snifa.sma.gob.cl/Sancionatorio/Ficha/2019                          ,14965,CONSTRUCCIÓN APART HOTEL SANTA MAGDALENA,Región Metropolitana,Providencia,-33.421087,-70.609283,Vivienda e Inmobiliarios,Proyecto Inmobiliario,http://snifa.sma.gob.cl/UnidadFiscalizable/Ficha/14965                         ,2026-09-12,400.0
2020,D-136-2019,Denuncia,Terminado - Sanción,2019-10-14,2020-11-05,No,1.0,https://snifa.sma.gob.cl/Sancionatorio/Ficha/2020                          ,16155,CANCHA SINTÉTICA PITRUFQUÉN,Región de la Araucanía,Pitrufquén,-38.9889768,-72.62756150000001,Equipamiento,Centro deportivo / gimnasio,http://snifa.sma.gob.cl/UnidadFiscalizable/Ficha/16155                         ,2026-09-12,388.0
2021,D-154-2019,Denuncia,Terminado - Sanción,2019-10-14,2022-08-25,No,82.0,https://snifa.sma.gob.cl/Sancionatorio/Ficha/2021                          ,14118,ARAUCO EXPRESS (STRIP CENTER LAS BRUJAS),Región Metropolitana,La Reina,-33.4395113,-70.5357827,Equipamiento,Centro comercial,http://snifa.sma.gob.cl/UnidadFiscalizable/Ficha/14118                         ,2026-09-12,1046.0
2024,D-134-2019,Denuncia,Terminado - Sanción,2019-10-14,2022-05-26,No,1.0,https://snifa.sma.gob.cl/Sancionatorio/Ficha/2024                          ,13984,PUB COSTA NATIVA,Región de Atacama,Caldera,-27.06486,-70.8231629,Equipamiento,Discoteca / pub,http://snifa.sma.gob.cl/UnidadFiscalizable/Ficha/13984                         ,2026-09-12,955.0
2025,D-137-2019,Denuncia,Terminado - Sanción,2019-10-14,2020-06-08,No,1.4,https://snifa.sma.gob.cl/Sancionatorio/Ficha/2025                          ,15796,EDIFICIO KENNEDY,Región Metropolitana,Vitacura,-33.4031478,-70.58519660000002,Vivienda e Inmobiliarios,Edificio Habitacional,http://snifa.sma.gob.cl/UnidadFiscalizable/Ficha/15796                         ,2026-09-12,238.0
2027,D-145-2019,Denuncia,Terminado - Sanción,2019-10-14,2020-06-08,No,2.6,https://snifa.sma.gob.cl/Sancionatorio/Ficha/2027                          ,12069,RESTOBAR STRIKE KARAOKE,Región de Los Ríos,Valdivia,-39.8122676,-73.2419145,Equipamiento,Restorán / Servicio de comidas,http://snifa.sma.gob.cl/UnidadFiscalizable/Ficha/12069                         ,2026-09-12,238.0
2030,D-142-2019,Denuncia,Terminado - Sanción,2019-10-14,2020-06-05,No,2.3,https://snifa.sma.gob.cl/Sancionatorio/Ficha/2030                          ,15007,RESTAURANTE MR. KEBAB,Región Metropolitana,La Reina,-33.4525077,-70.5599709,Equipamiento,Restorán / Servicio de comidas,http://snifa.sma.gob.cl/UnidadFiscalizable/Ficha/15007                         ,2026-09-12,235.0
2031,D-138-2019,Denuncia,Terminado - Sanción,2019-10-14,2020-06-08,No,3.0,https://snifa.sma.gob.cl/Sancionatorio/Ficha/2031                          ,14963,RESTAURANTE SACRAMENTO,Región Metropolitana,Providencia,-33.42077593521623,-70.61012376263506,Equipamiento,Restorán / Servicio de comidas,http://snifa.sma.gob.cl/UnidadFiscalizable/Ficha/14963                         ,2026-09-12,238.0
2033,D-149-2019,Denuncia,Terminado - Sanción,2019-10-14,2020-07-17,No,1.8,https://snifa.sma.gob.cl/Sancionatorio/Ficha/2033                          ,14878,DISCOTEQUE KIKA,Región de Tarapacá,Iquique,-20.2162963,-70.15584769999998,Equipamiento,Discoteca / pub,http://snifa.sma.gob.cl/UnidadFiscalizable/Ficha/14878                         ,2026-09-12,277.0
2034,F-050-2019,Fiscalización,Terminado - Sanción,2019-10-21,2020-08-27,No,1.0,https://snifa.sma.gob.cl/Sancionatorio/Ficha/2034                          ,16673,PANADERÍA LOS GRANDES,Región del Libertador General Bernardo O'Higgins,Doñihue,-34.2248826,-70.96460619999999,Equipamiento,Panadería,http://snifa.sma.gob.cl/UnidadFiscalizable/Ficha/16673                         ,2026-09-12,311.0
2036,F-052-2019,Fiscalización,Terminado - Sanción,2019-10-21,2020-08-17,No,3.8,https://snifa.sma.gob.cl/Sancionatorio/Ficha/2036                          ,15353,PANADERÍA MAX PAN,Región del Libertador General Bernardo O'Higgins,Rancagua,-34.1772855,-70.7486174,Equipamiento,Panadería,http://snifa.sma.gob.cl/UnidadFiscalizable/Ficha/15353                         ,2026-09-12,301.0
2042,F-059-2019,Fiscalización,Terminado - Sanción,2019-10-21,2022-08-02,No,1.0,https://snifa.sma.gob.cl/Sancionatorio/Ficha/2042                          ,16596,PANADERIA Y PASTELERIA CHILENA,Región del Libertador General Bernardo O'Higgins,Chimbarongo,-34.7103947,-71.04040499999996,Equipamiento,Panadería,http://snifa.sma.gob.cl/UnidadFiscalizable/Ficha/16596                         ,2026-09-12,1016.0
2044,D-135-2019,Denuncia,Terminado - Sanción,2019-10-28,2020-06-26,No,1.7,https://snifa.sma.gob.cl/Sancionatorio/Ficha/2044                          ,15045,CIRCO LOS TACHUELAS - VICTORIA,Región de la Araucanía,Victoria,-38.23843292655943,-72.34165549278265,Equipamiento,Otros equipamientos,http://snifa.sma.gob.cl/UnidadFiscalizable/Ficha/15045                         ,2026-09-12,242.0
2045,D-156-2019,Denuncia,Terminado - Sanción,2019-10-28,2021-02-12,No,84.0,https://snifa.sma.gob.cl/Sancionatorio/Ficha/2045                          ,15825,HOTEL GAVINA,Región de Tarapacá,Iquique,-20.2213873,-70.153232,Equipamiento,Establecimiento / Infraestructura para turismo,http://snifa.sma.gob.cl/UnidadFiscalizable/Ficha/15825                         ,2026-09-12,473.0
2049,F-047-2019,Fiscalización,Terminado - Sanción,2019-10-28,2020-11-17,No,1.7,https://snifa.sma.gob.cl/Sancionatorio/Ficha/2049                          ,16252,PANADERÍA PETER PAN,Región del Libertador General Bernardo O'Higgins,Rancagua,-34.181225,-70.74868190000001,Equipamiento,Panadería,http://snifa.sma.gob.cl/UnidadFiscalizable/Ficha/16252                         ,2026-09-12,386.0
2050,D-132-2019,Denuncia,Terminado - Sanción,2019-10-14,2026-05-13,No,10.5,https://snifa.sma.gob.cl/Sancionatorio/Ficha/2050                          ,15048,BAR ESTADO,Región del Maule,Talca,-35.4234018,-71.66239310000003,Equipamiento,Discoteca / pub,http://snifa.sma.gob.cl/UnidadFiscalizable/Ficha/15048                         ,2026-09-12,2403.0
2052,D-143-2019,Denuncia,Terminado - Sanción,2019-10-14,2020-07-06,No,9.4,https://snifa.sma.gob.cl/Sancionatorio/Ficha/2052                          ,14762,CENTRAL BALANZAS Y EQUIPOS LTDA (METALMECÁNICA),Región Metropolitana,La Cisterna,-33.514945,-70.66020930000002,Instalación fabril,Planta metalúrgica,http://snifa.sma.gob.cl/UnidadFiscalizable/Ficha/14762                         ,2026-09-12,266.0
2053,D-131-2019,Denuncia,Terminado - Sanción,2019-10-14,2020-09-15,No,2.1,https://snifa.sma.gob.cl/Sancionatorio/Ficha/2053                          ,15911,LA CAPILLA CRIADERO DE AVES,Región Metropolitana,Lampa,-33.3033714694586,-70.80242370312499,Agroindustrias,Plantel de aves,http://snifa.sma.gob.cl/UnidadFiscalizable/Ficha/15911                         ,2026-09-12,337.0
2056,D-169-2019,Denuncia,Terminado - Sanción,2019-10-28,2024-02-27,No,215.0,https://snifa.sma.gob.cl/Sancionatorio/Ficha/2056                          ,17006,INMOBILIARIA PROVIDENCIA PARQUE KRAHMER,Región de Los Ríos,Valdivia,-39.831925,-73.231292,Equipamiento,Oficina comercial,http://snifa.sma.gob.cl/UnidadFiscalizable/Ficha/17006                         ,2026-09-12,1583.0
2057,D-170-2019,Denuncia,Terminado - Sanción,2019-10-28,2020-08-28,No,4.3,https://snifa.sma.gob.cl/Sancionatorio/Ficha/2057                          ,16151,CONSTRUCCIÓN EDIFICIO RIGA,Región Metropolitana,La Cisterna,-33.5154413,-70.6676989,Vivienda e Inmobiliarios,Edificio Habitacional,http://snifa.sma.gob.cl/UnidadFiscalizable/Ficha/16151                         ,2026-09-12,305.0
2059,D-166-2019,Denuncia,Terminado - Sanción,2019-10-28,2021-09-08,No,2.4,https://snifa.sma.gob.cl/Sancionatorio/Ficha/2059                          ,16563,BAR RASPUTÍN-SOHO NIGHTLIFE ARICA,Región de Arica y Parinacota,Arica,-18.4625804,-70.30344509999998,Equipamiento,Discoteca / pub,http://snifa.sma.gob.cl/UnidadFiscalizable/Ficha/16563                         ,2026-09-12,681.0
2060,D-161-2019,Denuncia,Terminado - Sanción,2019-10-28,2020-06-25,No,106.0,https://snifa.sma.gob.cl/Sancionatorio/Ficha/2060                          ,15843,MAXBAN,Región Metropolitana,Lo Espejo,-33.53476676975215,-70.69687383068845,Equipamiento,Oficina comercial,http://snifa.sma.gob.cl/UnidadFiscalizable/Ficha/15843                         ,2026-09-12,241.0
2061,D-159-2019,Denuncia,Terminado - Sanción,2019-10-28,2022-08-17,No,62.0,https://snifa.sma.gob.cl/Sancionatorio/Ficha/2061                          ,14970,FAENA DE CONSTRUCCIÓN DE EDIFICIO CALLE HOLANDA 1769,Región Metropolitana,Providencia,-33.4349074,-70.59942409999996,Vivienda e Inmobiliarios,Proyecto Inmobiliario,http://snifa.sma.gob.cl/UnidadFiscalizable/Ficha/14970                         ,2026-09-12,1024.0
2063,D-162-2019,Denuncia,Terminado - Sanción,2019-10-28,2022-12-02,No,3.6,https://snifa.sma.gob.cl/Sancionatorio/Ficha/2063                          ,16244,ALMACÉN PAOLA,Región Metropolitana,Ñuñoa,-33.453764,-70.57254769999997,Equipamiento,Oficina comercial,http://snifa.sma.gob.cl/UnidadFiscalizable/Ficha/16244                         ,2026-09-12,1131.0
2064,D-158-2019,Denuncia,Terminado - Sanción,2019-10-28,2020-06-18,No,8.0,https://snifa.sma.gob.cl/Sancionatorio/Ficha/2064                          ,14467,PUB JACARANDÁ,Región de Atacama,Copiapó,-27.3617508,-70.34147889999997,Equipamiento,Discoteca / pub,http://snifa.sma.gob.cl/UnidadFiscalizable/Ficha/14467                         ,2026-09-12,234.0
2065,D-164-2019,Denuncia,Terminado - Sanción,2019-10-28,2023-01-18,No,156.0,https://snifa.sma.gob.cl/Sancionatorio/Ficha/2065                          ,14518,SUPERMERCADO JUMBO KENNEDY,Región Metropolitana,Las Condes,-33.39148233414982,-70.5462620423279,Equipamiento,Otros equipamientos,http://snifa.sma.gob.cl/UnidadFiscalizable/Ficha/14518                         ,2026-09-12,1178.0
2066,D-167-2019,Denuncia,Terminado - Sanción,2019-10-28,2020-11-19,No,2.5,https://snifa.sma.gob.cl/Sancionatorio/Ficha/2066                          ,14150,OBRA DE CONSTRUCCIÓN EDIFICIO CIENFUEGOS,Región Metropolitana,Santiago,-33.4438357,-70.66314369999998,Vivienda e Inmobiliarios,Proyecto Inmobiliario,http://snifa.sma.gob.cl/UnidadFiscalizable/Ficha/14150                         ,2026-09-12,388.0
2067,D-163-2019,Denuncia,Terminado - Sanción,2019-10-28,2020-07-17,No,8.4,https://snifa.sma.gob.cl/Sancionatorio/Ficha/2067                          ,13944,RESTAURANT COSTA AZUL,Región Metropolitana,Quilicura,-33.3674471,-70.733562,Equipamiento,Restorán / Servicio de comidas,http://snifa.sma.gob.cl/UnidadFiscalizable/Ficha/13944                         ,2026-09-12,263.0
2070,D-171-2019,Denuncia,Terminado - Sanción,2019-10-28,2020-11-30,No,67.0,https://snifa.sma.gob.cl/Sancionatorio/Ficha/2070                          ,14119,OBRA DE CONSTRUCCIÓN INGEVEC S.A.,Región Metropolitana,Las Condes,-33.402462,-70.55656899999997,Vivienda e Inmobiliarios,Proyecto Inmobiliario,http://snifa.sma.gob.cl/UnidadFiscalizable/Ficha/14119                         ,2026-09-12,399.0
2073,D-179-2019,Denuncia,Terminado - Sanción,2019-11-22,2020-10-13,No,1.6,https://snifa.sma.gob.cl/Sancionatorio/Ficha/2073                          ,13943,IGLESIA EVANGÉLICA DIOS ES AMOR,Región Metropolitana,La Granja,-33.5580414,-70.6235709,Equipamiento,Centro de culto religioso / espiritual,http://snifa.sma.gob.cl/UnidadFiscalizable/Ficha/13943                         ,2026-09-12,326.0
2074,D-180-2019,Denuncia,Terminado - Sanción,2019-11-22,2023-07-05,No,1.9,https://snifa.sma.gob.cl/Sancionatorio/Ficha/2074                          ,13942,IGLESIA VIDA NUEVA,Región Metropolitana,Estación Central,-33.4616491600182,-70.70580426560667,Equipamiento,Centro de culto religioso / espiritual,http://snifa.sma.gob.cl/UnidadFiscalizable/Ficha/13942                         ,2026-09-12,1321.0
2075,D-178-2019,Denuncia,Terminado - Sanción,2019-11-22,2026-07-27,No,326.0,https://snifa.sma.gob.cl/Sancionatorio/Ficha/2075                          ,2998,AGRICOLA DON POLLO LTDA. - LA PINTANA,Región Metropolitana,La Pintana,-33.604509,-70.656545,Agroindustrias,Plantel de aves,http://snifa.sma.gob.cl/UnidadFiscalizable/Ficha/2998                          ,2026-09-12,2439.0
2080,D-199-2019,Denuncia,Terminado - Sanción,2019-11-27,2020-12-18,No,1.6,https://snifa.sma.gob.cl/Sancionatorio/Ficha/2080                          ,14966,RESTAURANTE FOMENTERA,Región Metropolitana,Providencia,-33.4218071,-70.61255570000003,Equipamiento,Restorán / Servicio de comidas,http://snifa.sma.gob.cl/UnidadFiscalizable/Ficha/14966                         ,2026-09-12,387.0
2081,D-197-2019,Denuncia,Terminado - Sanción,2019-11-27,2025-04-17,No,160.8,https://snifa.sma.gob.cl/Sancionatorio/Ficha/2081                          ,16340,CONSTRUCCIÓN RODÓ 1977,Región Metropolitana,Providencia,-33.4393352,-70.6044023,Vivienda e Inmobiliarios,Edificio Habitacional,http://snifa.sma.gob.cl/UnidadFiscalizable/Ficha/16340                         ,2026-09-12,1968.0
2082,D-198-2019,Denuncia,Terminado - Sanción,2019-11-27,2020-09-25,No,2.6,https://snifa.sma.gob.cl/Sancionatorio/Ficha/2082                          ,15022,GIMNASIO MILENIUM,Región Metropolitana,Estación Central,-33.4674387,-70.73091390000002,Equipamiento,Centro deportivo / gimnasio,http://snifa.sma.gob.cl/UnidadFiscalizable/Ficha/15022                         ,2026-09-12,303.0
2083,D-188-2019,Denuncia,Terminado - Sanción,2019-11-27,2020-07-17,No,2.0,https://snifa.sma.gob.cl/Sancionatorio/Ficha/2083                          ,14529,GIMNASIO JARDÍN DE LA FORESTA,Región Metropolitana,Peñalolén,-33.5027056,-70.56033379999997,Equipamiento,Centro deportivo / gimnasio,http://snifa.sma.gob.cl/UnidadFiscalizable/Ficha/14529                         ,2026-09-12,233.0
2086,D-190-2019,Denuncia,Terminado - Sanción,2019-11-27,2022-10-19,No,1.7,https://snifa.sma.gob.cl/Sancionatorio/Ficha/2086                          ,13985,FAENA DE CONSTRUCCIÓN EDIFICIO LOGA,Región de Tarapacá,Alto Hospicio,-20.2921977205803,-70.0930738449097,Vivienda e Inmobiliarios,Proyecto Inmobiliario,http://snifa.sma.gob.cl/UnidadFiscalizable/Ficha/13985                         ,2026-09-12,1057.0
2088,D-182-2019,Denuncia,Terminado - Sanción,2019-11-27,2024-05-30,No,1.5,https://snifa.sma.gob.cl/Sancionatorio/Ficha/2088                          ,14797,MALANDRINO,Región de Valparaíso,Valparaíso,-33.0438019,-71.6287545,Equipamiento,Restorán / Servicio de comidas,http://snifa.sma.gob.cl/UnidadFiscalizable/Ficha/14797                         ,2026-09-12,1646.0
2090,D-186-2019,Denuncia,Terminado - Sanción,2019-11-27,2020-07-20,No,1.8,https://snifa.sma.gob.cl/Sancionatorio/Ficha/2090                          ,14711,SALÓN TROPICAL,Región de Atacama,Copiapó,-27.364642,-70.33806290000001,Equipamiento,Discoteca / pub,http://snifa.sma.gob.cl/UnidadFiscalizable/Ficha/14711                         ,2026-09-12,236.0
2093,D-185-2019,Denuncia,Terminado - Sanción,2019-11-27,2020-08-10,No,2.6,https://snifa.sma.gob.cl/Sancionatorio/Ficha/2093                          ,14194,RESTAURANT LA GREDA,Región de Valparaíso,Viña del Mar,-33.0168497,-71.55776200000003,Equipamiento,Restorán / Servicio de comidas,http://snifa.sma.gob.cl/UnidadFiscalizable/Ficha/14194                         ,2026-09-12,257.0
2096,D-202-2019,Denuncia,Terminado - Sanción,2019-11-27,2024-06-19,No,2.6,https://snifa.sma.gob.cl/Sancionatorio/Ficha/2096                          ,16482,PANADERÍA PANCHITO,Región de Coquimbo,Los Vilos,-31.9194149,-71.513083,Equipamiento,Panadería,http://snifa.sma.gob.cl/UnidadFiscalizable/Ficha/16482                         ,2026-09-12,1666.0
2097,D-196-2019,Denuncia,Terminado - Sanción,2019-11-27,2020-09-28,No,8.1,https://snifa.sma.gob.cl/Sancionatorio/Ficha/2097                          ,14195,PUB TORO BRAVO,Región de Antofagasta,Antofagasta,-23.6774614,-70.41255089999999,Equipamiento,Discoteca / pub,http://snifa.sma.gob.cl/UnidadFiscalizable/Ficha/14195                         ,2026-09-12,306.0
2099,D-201-2019,Denuncia,Terminado - Sanción,2019-11-27,2021-06-11,No,108.0,https://snifa.sma.gob.cl/Sancionatorio/Ficha/2099                          ,16117,CONSTRUCCIÓN ROMÁN DÍAZ 1155,Región Metropolitana,Providencia,-33.6583116,-70.9263571,Vivienda e Inmobiliarios,Edificio Habitacional,http://snifa.sma.gob.cl/UnidadFiscalizable/Ficha/16117                         ,2026-09-12,562.0
2103,D-208-2019,Denuncia,Terminado - Sanción,2019-12-16,2022-04-14,No,48.0,https://snifa.sma.gob.cl/Sancionatorio/Ficha/2103                          ,13982,CENTRO DE EVENTOS THE ROOF,Región de Tarapacá,Iquique,-20.2387126,-70.14501810000002,Equipamiento,Discoteca / pub,http://snifa.sma.gob.cl/UnidadFiscalizable/Ficha/13982                         ,2026-09-12,850.0
2107,D-209-2019,Denuncia,Terminado - Sanción,2019-12-12,2020-10-19,No,4.1,https://snifa.sma.gob.cl/Sancionatorio/Ficha/2107                          ,13245,CASONA PEREZ OSSA,Región Metropolitana,San Bernardo,-33.5517344047252,-70.7303599167757,Equipamiento,Otros equipamientos,http://snifa.sma.gob.cl/UnidadFiscalizable/Ficha/13245                         ,2026-09-12,312.0
2108,D-210-2019,Denuncia,Terminado - Sanción,2019-12-12,2020-10-19,No,25.0,https://snifa.sma.gob.cl/Sancionatorio/Ficha/2108                          ,16072,PUB RESTAURANTE LA COCINA - CONCEPCION,Región del Biobío,Concepción,-36.8258172,-73.04039109999997,Equipamiento,Discoteca / pub,http://snifa.sma.gob.cl/UnidadFiscalizable/Ficha/16072                         ,2026-09-12,312.0
2109,D-212-2019,Denuncia,Terminado - Sanción,2019-12-16,2026-07-30,No,1.0,https://snifa.sma.gob.cl/Sancionatorio/Ficha/2109                          ,16068,PUB COCO'S RESTOBAR,Región del Biobío,Chiguayante,-36.9182858,-73.02759429999998,Equipamiento,Discoteca / pub,http://snifa.sma.gob.cl/UnidadFiscalizable/Ficha/16068                         ,2026-09-12,2418.0
2114,D-204-2019,Denuncia,Terminado - Sanción,2019-12-31,2020-10-26,No,1.0,https://snifa.sma.gob.cl/Sancionatorio/Ficha/2114                          ,14024,CLUB DE GOLF LAS PALMAS,Región Metropolitana,Talagante,-33.6716935,-70.85198400000002,Equipamiento,Centro deportivo / gimnasio,http://snifa.sma.gob.cl/UnidadFiscalizable/Ficha/14024                         ,2026-09-12,300.0
2118,D-001-2020,Denuncia,Terminado - Sanción,2020-01-10,2020-07-31,No,1.7,https://snifa.sma.gob.cl/Sancionatorio/Ficha/2118                          ,13981,PUB HAKUNA MATATA,Región de Atacama,Copiapó,-27.3632821,-70.34393290000003,Equipamiento,Discoteca / pub,http://snifa.sma.gob.cl/UnidadFiscalizable/Ficha/13981                         ,2026-09-12,203.0
2127,D-011-2020,Denuncia,Terminado - Sanción,2020-02-12,2020-12-09,No,3.1,https://snifa.sma.gob.cl/Sancionatorio/Ficha/2127                          ,17071,PUB LUNA NEGRA,Región de Ñuble,San Carlos,-36.424844,-71.9557,Equipamiento,Discoteca / pub,http://snifa.sma.gob.cl/UnidadFiscalizable/Ficha/17071                         ,2026-09-12,301.0
2130,D-012-2020,Denuncia,Terminado - Sanción,2020-02-14,2026-07-29,No,135.0,https://snifa.sma.gob.cl/Sancionatorio/Ficha/2130                          ,14014,UNIMARC TALCA MIRADOR,Región del Maule,Talca,-35.44232076378598,-71.66171220978697,Equipamiento,Centro comercial,http://snifa.sma.gob.cl/UnidadFiscalizable/Ficha/14014                         ,2026-09-12,2357.0
2133,D-013-2020,Denuncia,Terminado - Sanción,2020-02-20,2020-11-18,No,1.7,https://snifa.sma.gob.cl/Sancionatorio/Ficha/2133                          ,14982,DISCOTEQUE MAGDALENA,Región del Maule,Talca,-35.4303646,-71.65893549999998,Equipamiento,Discoteca / pub,http://snifa.sma.gob.cl/UnidadFiscalizable/Ficha/14982                         ,2026-09-12,272.0
2134,D-010-2020,Denuncia,Terminado - Sanción,2020-02-20,2021-03-08,No,30.0,https://snifa.sma.gob.cl/Sancionatorio/Ficha/2134                          ,14042,PROYECTO INMOBILIARIO EDIFICIO MARINA,Región de Coquimbo,Coquimbo,-29.9453421,-71.28828499999997,Vivienda e Inmobiliarios,Proyecto Inmobiliario,http://snifa.sma.gob.cl/UnidadFiscalizable/Ficha/14042                         ,2026-09-12,382.0
2136,D-017-2020,Denuncia,Terminado - Sanción,2020-02-21,2022-08-26,No,1.4,https://snifa.sma.gob.cl/Sancionatorio/Ficha/2136                          ,15833,PRIMA BAR,Región Metropolitana,Providencia,-33.4275046,-70.61870679999998,Equipamiento,Discoteca / pub,http://snifa.sma.gob.cl/UnidadFiscalizable/Ficha/15833                         ,2026-09-12,917.0
2140,F-008-2020,Fiscalización,Terminado - Sanción,2020-03-09,2023-08-28,No,4.1,https://snifa.sma.gob.cl/Sancionatorio/Ficha/2140                          ,13757,REPUESTO STANGE,Región de Aysén del General Carlos Ibáñez del Campo,Coyhaique,-45.56991439999999,-72.06666430000001,Equipamiento,Centro comercial,http://snifa.sma.gob.cl/UnidadFiscalizable/Ficha/13757                         ,2026-09-12,1267.0
2142,D-014-2020,Denuncia,Terminado - Sanción,2020-03-02,2020-11-23,No,2.3,https://snifa.sma.gob.cl/Sancionatorio/Ficha/2142                          ,14460,DISCOTEQUE CLUB,Región Metropolitana,Quinta Normal,-33.4280336,-70.7066279,Equipamiento,Discoteca / pub,http://snifa.sma.gob.cl/UnidadFiscalizable/Ficha/14460                         ,2026-09-12,266.0
2143,D-015-2020,Denuncia,Terminado - Sanción,2020-03-10,2022-12-19,No,1.0,https://snifa.sma.gob.cl/Sancionatorio/Ficha/2143                          ,17236,COSTA CUERVO DISCOTECA,Región de Ñuble,Chillán,-36.641727,-72.043945,Equipamiento,Discoteca / pub,http://snifa.sma.gob.cl/UnidadFiscalizable/Ficha/17236                         ,2026-09-12,1014.0
2145,D-024-2020,Denuncia,Terminado - Sanción,2020-03-10,2022-10-11,No,1.0,https://snifa.sma.gob.cl/Sancionatorio/Ficha/2145                          ,16183,RESTAURANT LA CALETA PUPUYANO,Región Metropolitana,Quinta Normal,-33.4342854,-70.6913376,Equipamiento,Restorán / Servicio de comidas,http://snifa.sma.gob.cl/UnidadFiscalizable/Ficha/16183                         ,2026-09-12,945.0
2149,D-029-2020,Denuncia,Terminado - Sanción,2020-03-17,2021-02-18,No,39.0,https://snifa.sma.gob.cl/Sancionatorio/Ficha/2149                          ,1381,TECK CARMEN DE ANDACOLLO,Región de Coquimbo,Andacollo,-30.2462,-71.0965,Minería,Minera metálica,http://snifa.sma.gob.cl/UnidadFiscalizable/Ficha/1381                          ,2026-09-12,338.0
2150,D-027-2020,Denuncia,Terminado - Sanción,2020-03-17,2024-01-29,No,618.0,https://snifa.sma.gob.cl/Sancionatorio/Ficha/2150                          ,16724,EXTRACCIÓN DE ÁRIDOS TERRANOVA LTDA.,Región de la Araucanía,Pitrufquén,-38.98726965217431,-72.67310231663816,Minería,Áridos,http://snifa.sma.gob.cl/UnidadFiscalizable/Ficha/16724                         ,2026-09-12,1413.0
2152,F-006-2020,Fiscalización,Terminado - Sanción,2020-03-03,2021-06-16,No,12.0,https://snifa.sma.gob.cl/Sancionatorio/Ficha/2152                          ,16788,EASY OSORNO,Región de los Lagos,Osorno,-40.58088621032574,-73.11661848094491,Equipamiento,Centro comercial,http://snifa.sma.gob.cl/UnidadFiscalizable/Ficha/16788                         ,2026-09-12,470.0
2154,F-012-2020,Fiscalización,Terminado - Sanción,2020-03-18,2021-02-18,No,1.4,https://snifa.sma.gob.cl/Sancionatorio/Ficha/2154                          ,16051,HOTEL VILLA EDUVIGES,Región de los Lagos,Osorno,-40.57681181943457,-73.12451720237732,Equipamiento,Establecimiento / Infraestructura para turismo,http://snifa.sma.gob.cl/UnidadFiscalizable/Ficha/16051                         ,2026-09-12,337.0
2159,F-015-2020,Fiscalización,Terminado - Sanción,2020-03-18,2021-01-18,No,12.0,https://snifa.sma.gob.cl/Sancionatorio/Ficha/2159                          ,16905,AUTOMOTRIZ CUMBRE TEMUCO,Región de la Araucanía,Temuco,-38.7272088,-72.57780789999998,Equipamiento,Oficina comercial,http://snifa.sma.gob.cl/UnidadFiscalizable/Ficha/16905                         ,2026-09-12,306.0
2169,D-035-2020,Denuncia,Terminado - Sanción,2020-03-26,2021-01-29,No,2.2,https://snifa.sma.gob.cl/Sancionatorio/Ficha/2169                          ,14109,PROPLAS LIMITADA,Región Metropolitana,Quinta Normal,-33.4287957,-70.71554730000003,Instalación fabril,Planta de Polímeros sintéticos (Producción / tratamiento / reciclaje),http://snifa.sma.gob.cl/UnidadFiscalizable/Ficha/14109                         ,2026-09-12,309.0
2172,D-032-2020,Denuncia,Terminado - Sanción,2020-03-27,2022-08-05,No,2.7,https://snifa.sma.gob.cl/Sancionatorio/Ficha/2172                          ,16042,CLUB ALQUIMIA (EX DISCOTHEQUE KARMA - TERRAZAS),Región de Aysén del General Carlos Ibáñez del Campo,Coyhaique,-45.5717101604068,-72.060538623276,Equipamiento,Discoteca / pub,http://snifa.sma.gob.cl/UnidadFiscalizable/Ficha/16042                         ,2026-09-12,861.0
2181,D-046-2020,Denuncia,Terminado - Sanción,2020-04-20,2021-05-20,No,74.0,https://snifa.sma.gob.cl/Sancionatorio/Ficha/2181                          ,16150,CONSTRUCCIÓN EDIFICIO ALONSO CAMARGO,Región Metropolitana,Las Condes,-33.4202516,-70.5648812,Vivienda e Inmobiliarios,Edificio Habitacional,http://snifa.sma.gob.cl/UnidadFiscalizable/Ficha/16150                         ,2026-09-12,395.0
2185,D-051-2020,Denuncia,Terminado - Sanción,2020-04-27,2021-09-15,No,10.0,https://snifa.sma.gob.cl/Sancionatorio/Ficha/2185                          ,16230,EDIFICIO NAHUEL,Región del Biobío,San Pedro de la Paz,-36.84964581979827,-73.09909852726133,Vivienda e Inmobiliarios,Edificio Habitacional,http://snifa.sma.gob.cl/UnidadFiscalizable/Ficha/16230                         ,2026-09-12,506.0
2186,D-052-2020,Denuncia,Terminado - Sanción,2020-04-24,2022-06-10,No,64.0,https://snifa.sma.gob.cl/Sancionatorio/Ficha/2186                          ,16897,CONSTRUCCIÓN EDIFICIO HUMANA,Región Metropolitana,La Cisterna,-33.52419683146626,-70.65567255020142,Vivienda e Inmobiliarios,Edificio Habitacional,http://snifa.sma.gob.cl/UnidadFiscalizable/Ficha/16897                         ,2026-09-12,777.0
2189,D-050-2020,Denuncia,Terminado - Sanción,2020-04-24,2022-02-24,No,34.0,https://snifa.sma.gob.cl/Sancionatorio/Ficha/2189                          ,16135,CONSTRUCCIÓN EDIFICIO LYON VIEW,Región Metropolitana,Providencia,-33.4291187,-70.608608,Vivienda e Inmobiliarios,Edificio Habitacional,http://snifa.sma.gob.cl/UnidadFiscalizable/Ficha/16135                         ,2026-09-12,671.0
2195,D-048-2020,Denuncia,Terminado - Sanción,2020-04-23,2026-01-02,No,18.0,https://snifa.sma.gob.cl/Sancionatorio/Ficha/2195                          ,16149,EDIFICIO NUEVA KENNEDY,Región Metropolitana,Las Condes,-33.415718,-70.5647404,Vivienda e Inmobiliarios,Edificio Habitacional,http://snifa.sma.gob.cl/UnidadFiscalizable/Ficha/16149                         ,2026-09-12,2080.0
2198,D-059-2020,Denuncia,Terminado - Sanción,2020-05-06,2024-05-22,No,101.0,https://snifa.sma.gob.cl/Sancionatorio/Ficha/2198                          ,14521,EDIFICIOSUCRE PEDRO DE VALDIVIA CONSTRUCTORA COPAHUE LTDA,Región Metropolitana,Ñuñoa,-33.44910674290496,-70.60537014106978,Vivienda e Inmobiliarios,Edificio Habitacional,http://snifa.sma.gob.cl/UnidadFiscalizable/Ficha/14521                         ,2026-09-12,1477.0
2201,D-061-2020,Denuncia,Terminado - Sanción,2020-05-19,2021-01-25,No,1.9,https://snifa.sma.gob.cl/Sancionatorio/Ficha/2201                          ,14095,GIMNASIO GALAXY,Región de Valparaíso,Valparaíso,-33.0451577,-71.6047797,Equipamiento,Centro deportivo / gimnasio,http://snifa.sma.gob.cl/UnidadFiscalizable/Ficha/14095                         ,2026-09-12,251.0
2202,D-062-2020,Denuncia,Terminado - Sanción,2020-05-20,2021-02-11,No,5.0,https://snifa.sma.gob.cl/Sancionatorio/Ficha/2202                          ,14164,PESQUERA SAN ANTONIO,Región de Valparaíso,San Antonio,-33.60185849111492,-71.60223700390623,Pesca y Acuicultura,Elaboración y procesado de recursos hidrobiológicos,http://snifa.sma.gob.cl/UnidadFiscalizable/Ficha/14164                         ,2026-09-12,267.0
2203,F-027-2020,Fiscalización,Terminado - Sanción,2020-05-20,2022-01-26,No,37.0,https://snifa.sma.gob.cl/Sancionatorio/Ficha/2203                          ,5741,CPC PUERTO DE CORONEL,Región del Biobío,Coronel,-37.031593,-73.145491,Infraestructura Portuaria,Terminal marítimo,http://snifa.sma.gob.cl/UnidadFiscalizable/Ficha/5741                          ,2026-09-12,616.0
2207,D-064-2020,Denuncia,Terminado - Sanción,2020-05-26,2020-10-30,No,2.1,https://snifa.sma.gob.cl/Sancionatorio/Ficha/2207                          ,14193,PUB CULEBRON VIP,Región de Valparaíso,Casablanca,-33.3210174,-71.40743479999998,Equipamiento,Discoteca / pub,http://snifa.sma.gob.cl/UnidadFiscalizable/Ficha/14193                         ,2026-09-12,157.0
2210,F-029-2020,Fiscalización,Terminado - Sanción,2020-05-28,2021-02-26,No,2.0,https://snifa.sma.gob.cl/Sancionatorio/Ficha/2210                          ,16802,MADERERA LEONESA,Región de Ñuble,Chillán Viejo,-36.62763342941177,-72.16631987794494,Forestal,Aserradero / procesadora de madera,http://snifa.sma.gob.cl/UnidadFiscalizable/Ficha/16802                         ,2026-09-12,274.0
2211,D-068-2020,Denuncia,Terminado - Sanción,2020-05-27,2021-09-21,No,102.0,https://snifa.sma.gob.cl/Sancionatorio/Ficha/2211                          ,14938,ETFA 043-01- SEMAM,Región Metropolitana,Maipú,-33.4982394,-70.75706070000001,ETFA,Ruido,http://snifa.sma.gob.cl/UnidadFiscalizable/Ficha/14938                         ,2026-09-12,482.0
2231,D-070-2020,Denuncia,Terminado - Sanción,2020-06-03,2023-07-28,No,214.0,https://snifa.sma.gob.cl/Sancionatorio/Ficha/2231                          ,9489,RILES VIÑA SEBASTIAN ASTABURUAGA,Región del Maule,Sagrada Familia,-35.04416146892738,-71.31338439172282,Agroindustrias,Vinificación / producción de alcohol,http://snifa.sma.gob.cl/UnidadFiscalizable/Ficha/9489                          ,2026-09-12,1150.0
2244,D-081-2020,Denuncia,Terminado - Sanción,2020-06-16,2022-05-03,No,21.0,https://snifa.sma.gob.cl/Sancionatorio/Ficha/2244                          ,16237,PLÁSTICOS PEREIRA,Región Metropolitana,Lo Espejo,-33.5304076,-70.69655039999998,Instalación fabril,Planta de Polímeros sintéticos (Producción / tratamiento / reciclaje),http://snifa.sma.gob.cl/UnidadFiscalizable/Ficha/16237                         ,2026-09-12,686.0
2250,F-048-2020,Fiscalización,Terminado - Sanción,2020-06-05,2024-02-02,No,54.0,https://snifa.sma.gob.cl/Sancionatorio/Ficha/2250                          ,14506,RVC INGENIERIA Y CONSTRUCCIÓN (EDIFICIO BULNÉS LABBÉ),Región de Tarapacá,Iquique,-20.2201381,-70.15043889999998,Vivienda e Inmobiliarios,Edificio Habitacional,http://snifa.sma.gob.cl/UnidadFiscalizable/Ficha/14506                         ,2026-09-12,1337.0
2252,D-085-2020,Denuncia,Terminado - Sanción,2020-06-19,2021-04-05,No,2.5,https://snifa.sma.gob.cl/Sancionatorio/Ficha/2252                          ,14837,TALLER GRÚAS PINCHEIRA,Región Metropolitana,Lampa,-33.2551272,-70.7791939,Otras categorías,Otros,http://snifa.sma.gob.cl/UnidadFiscalizable/Ficha/14837                         ,2026-09-12,290.0
2256,D-091-2020,Denuncia,Terminado - Sanción,2020-07-02,2024-12-02,No,1.8,https://snifa.sma.gob.cl/Sancionatorio/Ficha/2256                          ,17150,HOOKAH BAR - Ex TEJANOS PUB,Región del Biobío,Mulchén,-37.720134,-72.245617,Equipamiento,Discoteca / pub,http://snifa.sma.gob.cl/UnidadFiscalizable/Ficha/17150                         ,2026-09-12,1614.0
2259,D-090-2020,Denuncia,Terminado - Sanción,2020-07-03,2025-03-27,No,1.4,https://snifa.sma.gob.cl/Sancionatorio/Ficha/2259                          ,14744,ASERRADERO FUZAM - KAREN FUENTES,Región de Ñuble,Quillón,-36.73210490744771,-72.4584243568001,Forestal,Aserradero / procesadora de madera,http://snifa.sma.gob.cl/UnidadFiscalizable/Ficha/14744                         ,2026-09-12,1728.0
2264,D-096-2020,Denuncia,Terminado - Sanción,2020-07-09,2021-04-07,No,1.0,https://snifa.sma.gob.cl/Sancionatorio/Ficha/2264                          ,17270,TALLER DE ARMADO,Región de Coquimbo,Coquimbo,-29.986811,-71.331436,,,http://snifa.sma.gob.cl/UnidadFiscalizable/Ficha/17270                         ,2026-09-12,272.0
2265,D-097-2020,Denuncia,Terminado - Sanción,2020-07-13,2021-03-25,No,1.6,https://snifa.sma.gob.cl/Sancionatorio/Ficha/2265                          ,15083,CLUB AMBAR,Región Metropolitana,Recoleta,-33.4327952,-70.6372409,Equipamiento,Discoteca / pub,http://snifa.sma.gob.cl/UnidadFiscalizable/Ficha/15083                         ,2026-09-12,255.0
2269,D-100-2020,Denuncia,Terminado - Sanción,2020-07-28,2022-05-24,No,1.8,https://snifa.sma.gob.cl/Sancionatorio/Ficha/2269                          ,14861,MADERAS ESTACIÓN EIRL,Región del Maule,Cauquenes,-35.9828877,-72.31697310000004,Instalación fabril,Otras,http://snifa.sma.gob.cl/UnidadFiscalizable/Ficha/14861                         ,2026-09-12,665.0
2270,D-099-2020,Denuncia,Terminado - Sanción,2020-07-30,2025-11-14,No,10000.0,https://snifa.sma.gob.cl/Sancionatorio/Ficha/2270                          ,558,MINERA ESCONDIDA,Región de Antofagasta,Antofagasta,-24.1317816365854,-69.3546697121951,Minería,Minera metálica,http://snifa.sma.gob.cl/UnidadFiscalizable/Ficha/558                           ,2026-09-12,1933.0
2273,F-052-2020,Fiscalización,Terminado - Sanción,2020-07-31,2023-05-22,No,29.0,https://snifa.sma.gob.cl/Sancionatorio/Ficha/2273                          ,16900,JUMBO LA SERENA,Región de Coquimbo,La Serena,-29.91577351774779,-71.258225440979,Equipamiento,Centro comercial,http://snifa.sma.gob.cl/UnidadFiscalizable/Ficha/16900                         ,2026-09-12,1025.0
2274,F-050-2020,Fiscalización,Terminado - Sanción,2020-07-31,2021-07-27,No,5.1,https://snifa.sma.gob.cl/Sancionatorio/Ficha/2274                          ,17061,CANCHA TORONTO EAGLES,Región de Coquimbo,La Serena,-29.915372,-71.262805,Equipamiento,Centro deportivo / gimnasio,http://snifa.sma.gob.cl/UnidadFiscalizable/Ficha/17061                         ,2026-09-12,361.0
2276,F-053-2020,Fiscalización,Terminado - Sanción,2020-07-27,2025-06-11,No,42.0,https://snifa.sma.gob.cl/Sancionatorio/Ficha/2276                          ,14580,HARINA EL MORRO,Región de Coquimbo,Coquimbo,-29.9452777,-71.33632060000002,Agroindustrias,Planta procesadora de productos agrícolas,http://snifa.sma.gob.cl/UnidadFiscalizable/Ficha/14580                         ,2026-09-12,1780.0
2284,D-110-2020,Denuncia,Terminado - Sanción,2020-08-11,2021-05-06,No,21.0,https://snifa.sma.gob.cl/Sancionatorio/Ficha/2284                          ,14843,SUPERMERCADO LIDER IRARRÁZAVAL,Región Metropolitana,Ñuñoa,-33.4542948,-70.60058879999997,Equipamiento,Centro comercial,http://snifa.sma.gob.cl/UnidadFiscalizable/Ficha/14843                         ,2026-09-12,268.0
2285,D-111-2020,Denuncia,Terminado - Sanción,2020-08-13,2021-11-09,No,1.2,https://snifa.sma.gob.cl/Sancionatorio/Ficha/2285                          ,14045,RESTAURANT LA PARRILLA DEL CHEF,Región Metropolitana,Providencia,-33.4306136,-70.61928949999998,Equipamiento,Restorán / Servicio de comidas,http://snifa.sma.gob.cl/UnidadFiscalizable/Ficha/14045                         ,2026-09-12,453.0
2288,D-114-2020,Denuncia,Terminado - Sanción,2020-08-18,2021-05-19,No,3.1,https://snifa.sma.gob.cl/Sancionatorio/Ficha/2288                          ,16621,ESCUELA DE BOXEO VILLA GALILEA,Región del Biobío,Los Ángeles,-37.47998441468515,-72.37583186964457,Equipamiento,Centro deportivo / gimnasio,http://snifa.sma.gob.cl/UnidadFiscalizable/Ficha/16621                         ,2026-09-12,274.0
2290,D-117-2020,Denuncia,Terminado - Sanción,2020-08-18,2021-05-31,No,94.0,https://snifa.sma.gob.cl/Sancionatorio/Ficha/2290                          ,1013,CONSTRUCCION ALCANTARILLADO DE SAN PEDRO DE ATACAMA,Región de Antofagasta,San Pedro de Atacama,-22.924016,-68.190082,Saneamiento Ambiental,Alcantarillado,http://snifa.sma.gob.cl/UnidadFiscalizable/Ficha/1013                          ,2026-09-12,286.0
2292,D-106-2020,Denuncia,Terminado - Sanción,2020-08-25,,No,256.0,https://snifa.sma.gob.cl/Sancionatorio/Ficha/2292                          ,14805,ÁRIDOS PUTUE BAJO,Región de la Araucanía,Villarrica,-39.2820124,-72.2307798,Minería,Áridos,http://snifa.sma.gob.cl/UnidadFiscalizable/Ficha/14805                         ,2026-09-12,
2298,D-120-2020,Denuncia,Terminado - Sanción,2020-09-09,2021-06-08,No,36.0,https://snifa.sma.gob.cl/Sancionatorio/Ficha/2298                          ,14968,OBRAS DE DEMOLICIÓN CALLE HOLANDA 279,Región Metropolitana,Providencia,-33.4349074,-70.59942409999996,Vivienda e Inmobiliarios,Obras de urbanización,http://snifa.sma.gob.cl/UnidadFiscalizable/Ficha/14968                         ,2026-09-12,272.0
2302,D-131-2020,Denuncia,Terminado - Sanción,2020-09-22,2024-10-28,No,1.1,https://snifa.sma.gob.cl/Sancionatorio/Ficha/2302                          ,17779,CALOR DE MELY LEÑERÍA,Región de los Lagos,Osorno,-40.55799,-73.200797,Equipamiento,Centro de comercialización de leña,http://snifa.sma.gob.cl/UnidadFiscalizable/Ficha/17779                         ,2026-09-12,1497.0
2307,F-057-2020,Fiscalización,Terminado - Sanción,2020-09-22,2021-06-18,No,4.1,https://snifa.sma.gob.cl/Sancionatorio/Ficha/2307                          ,15686,COMUNIDAD EDIFICIO SAN RAMON,Región de los Lagos,Osorno,-40.5722674,-73.1316683,Vivienda e Inmobiliarios,Edificio Habitacional,http://snifa.sma.gob.cl/UnidadFiscalizable/Ficha/15686                         ,2026-09-12,269.0
2309,D-130-2020,Denuncia,Terminado - Sanción,2020-09-25,2022-08-11,No,4.9,https://snifa.sma.gob.cl/Sancionatorio/Ficha/2309                          ,13154,PARQUE DE ENTRETENCIONES MAMPATO,Región Metropolitana,Lo Barnechea,-33.3670049517829,-70.5200866967469,Equipamiento,Otros equipamientos,http://snifa.sma.gob.cl/UnidadFiscalizable/Ficha/13154                         ,2026-09-12,685.0
2312,F-063-2020,Fiscalización,Terminado - Sanción,2020-10-01,2021-06-22,No,1.0,https://snifa.sma.gob.cl/Sancionatorio/Ficha/2312                          ,17413,LEÑERÍA ESTANISLAO ORELLANA,Región de Ñuble,Chillán Viejo,-36.632831,-72.121623,Equipamiento,Centro de comercialización de leña,http://snifa.sma.gob.cl/UnidadFiscalizable/Ficha/17413                         ,2026-09-12,264.0
2313,D-121-2020,Denuncia,Terminado - Sanción,2020-09-09,2023-06-08,No,17.0,https://snifa.sma.gob.cl/Sancionatorio/Ficha/2313                          ,14841,"INSTITUTO PROFESIONAL AIEP (SEDE BARRIO UNIVERSITARIO, EDIFICIO ABDÓN CIFUENTES)",Región Metropolitana,Santiago,-33.4498337,-70.6658478,Equipamiento,Establecimiento educacional,http://snifa.sma.gob.cl/UnidadFiscalizable/Ficha/14841                         ,2026-09-12,1002.0
2316,F-065-2020,Fiscalización,Terminado - Sanción,2020-10-08,2021-06-23,No,14.0,https://snifa.sma.gob.cl/Sancionatorio/Ficha/2316                          ,17321,ASERRADERO LI Y CHANG,Región de Ñuble,Chillán Viejo,-36.6291031,-72.1397968,Forestal,Aserradero / procesadora de madera,http://snifa.sma.gob.cl/UnidadFiscalizable/Ficha/17321                         ,2026-09-12,258.0
2323,F-071-2020,Fiscalización,Terminado - Sanción,2020-10-20,2023-07-28,No,1.7,https://snifa.sma.gob.cl/Sancionatorio/Ficha/2323                          ,17681,BRUEGGEN AMERICA,Región Metropolitana,Renca,-33.4028004,-70.769121,Instalación fabril,Plantas procesadoras de alimentos (no agrícola),http://snifa.sma.gob.cl/UnidadFiscalizable/Ficha/17681                         ,2026-09-12,1011.0
2327,F-075-2020,Fiscalización,Terminado - Sanción,2020-10-20,2023-07-28,No,8.1,https://snifa.sma.gob.cl/Sancionatorio/Ficha/2327                          ,17090,MADERAS DEL SUR LTDA,Región de los Lagos,Osorno,-40.565769,-73.178712,Forestal,Aserradero / procesadora de madera,http://snifa.sma.gob.cl/UnidadFiscalizable/Ficha/17090                         ,2026-09-12,1011.0
2328,D-138-2020,Denuncia,Terminado - Sanción,2020-10-19,2021-07-19,No,1.7,https://snifa.sma.gob.cl/Sancionatorio/Ficha/2328                          ,17249,HOJALATERÍA CRISTIÁN MOYA,Región Metropolitana,Pedro Aguirre Cerda,-33.496468,-70.673643,Equipamiento,Otros equipamientos,http://snifa.sma.gob.cl/UnidadFiscalizable/Ficha/17249                         ,2026-09-12,273.0
2329,D-139-2020,Denuncia,Terminado - Sanción,2020-10-19,2025-09-24,No,19.0,https://snifa.sma.gob.cl/Sancionatorio/Ficha/2329                          ,17837,AUTOMOTRIZ POMPEYO CARRASCO - SEDE SAN MIGUEL,Región Metropolitana,San Miguel,-33.507998,-70.656378,Equipamiento,Otros equipamientos,http://snifa.sma.gob.cl/UnidadFiscalizable/Ficha/17837                         ,2026-09-12,1801.0
2343,D-147-2020,Denuncia,Terminado - Sanción,2020-11-11,2021-08-04,No,1.0,https://snifa.sma.gob.cl/Sancionatorio/Ficha/2343                          ,14877,PANADERIA MEMBRILLAR,Región del Maule,Molina,-35.1121357,-71.27962680000002,Equipamiento,Panadería,http://snifa.sma.gob.cl/UnidadFiscalizable/Ficha/14877                         ,2026-09-12,266.0
2348,D-151-2020,Denuncia,Terminado - Sanción,2020-11-13,2021-08-10,No,36.0,https://snifa.sma.gob.cl/Sancionatorio/Ficha/2348                          ,17862,DOMINÓ MANUEL MONTT,Región Metropolitana,Providencia,-33.428411,-70.618894,Equipamiento,Restorán / Servicio de comidas,http://snifa.sma.gob.cl/UnidadFiscalizable/Ficha/17862                         ,2026-09-12,270.0
2349,D-149-2020,Denuncia,Terminado - Sanción,2020-11-13,2023-07-05,No,11.0,https://snifa.sma.gob.cl/Sancionatorio/Ficha/2349                          ,17096,FUNDO EL ALMENDRO DE CHISA,Región de la Araucanía,Renaico,-37.72639,-72.626534,Agroindustrias,Producción agrícola / cultivos,http://snifa.sma.gob.cl/UnidadFiscalizable/Ficha/17096                         ,2026-09-12,964.0
2350,D-152-2020,Denuncia,Terminado - Sanción,2020-11-20,2021-06-10,No,1.0,https://snifa.sma.gob.cl/Sancionatorio/Ficha/2350                          ,17885,CONSTRUCCIÓN JARDÍN INFANTIL CALLE RÍO TOLTÉN 2741,Región Metropolitana,Lampa,-33.327217,-70.74844,Equipamiento,Establecimiento educacional,http://snifa.sma.gob.cl/UnidadFiscalizable/Ficha/17885                         ,2026-09-12,202.0
2354,F-081-2020,Fiscalización,Terminado - Sanción,2020-11-27,2022-04-01,No,36.0,https://snifa.sma.gob.cl/Sancionatorio/Ficha/2354                          ,16903,JUMBO COPIAPÓ,Región de Atacama,Copiapó,-27.38253302974472,-70.317542552948,Equipamiento,Centro comercial,http://snifa.sma.gob.cl/UnidadFiscalizable/Ficha/16903                         ,2026-09-12,490.0
2361,F-094-2020,Fiscalización,Terminado - Sanción,2020-12-16,2023-07-24,No,57.0,https://snifa.sma.gob.cl/Sancionatorio/Ficha/2361                          ,11293,FABRICA Y MAESTRANZAS DEL EJERCITO,Región Metropolitana,Talagante,-33.6496,-70.9301121322632,Instalación fabril,Otras,http://snifa.sma.gob.cl/UnidadFiscalizable/Ficha/11293                         ,2026-09-12,950.0
2365,D-165-2020,Denuncia,Terminado - Sanción,2020-12-15,2021-09-03,No,35.0,https://snifa.sma.gob.cl/Sancionatorio/Ficha/2365                          ,14972,OBRAS DE DEMOLICIÓN CALLE SUECIA 136,Región Metropolitana,Providencia,-33.4195085,-70.6089824,Vivienda e Inmobiliarios,Obras de urbanización,http://snifa.sma.gob.cl/UnidadFiscalizable/Ficha/14972                         ,2026-09-12,262.0
2380,F-096-2020,Fiscalización,Terminado - Sanción,2020-12-22,2021-09-21,No,1.0,https://snifa.sma.gob.cl/Sancionatorio/Ficha/2380                          ,17675,MARY'S HOUSE RESTORANT,Región de Los Ríos,Valdivia,-39.814974,-73.240186,Equipamiento,Restorán / Servicio de comidas,http://snifa.sma.gob.cl/UnidadFiscalizable/Ficha/17675                         ,2026-09-12,273.0
2384,D-172-2020,Denuncia,Terminado - Sanción,2020-12-23,2021-07-19,No,3.3,https://snifa.sma.gob.cl/Sancionatorio/Ficha/2384                          ,15023,YAMILE COMIDA ÁRABE,Región Metropolitana,Recoleta,-33.4260473,-70.63966299999998,Equipamiento,Restorán / Servicio de comidas,http://snifa.sma.gob.cl/UnidadFiscalizable/Ficha/15023                         ,2026-09-12,208.0
2386,D-174-2020,Denuncia,Terminado - Sanción,2020-12-24,2021-09-14,No,100.0,https://snifa.sma.gob.cl/Sancionatorio/Ficha/2386                          ,17834,EDIFICIO GLOBAL CENTER IRARRÁZAVAL,Región Metropolitana,Ñuñoa,-33.454483,-70.606303,Vivienda e Inmobiliarios,Edificio Habitacional,http://snifa.sma.gob.cl/UnidadFiscalizable/Ficha/17834                         ,2026-09-12,264.0
2387,D-175-2020,Denuncia,Terminado - Sanción,2020-12-24,2021-11-03,No,20.0,https://snifa.sma.gob.cl/Sancionatorio/Ficha/2387                          ,17235,COMPLEJO DEPORTIVO SAN JOAQUÍN ORIENTE,Región Metropolitana,San Joaquín,-33.510663,-70.622091,Equipamiento,Centro deportivo / gimnasio,http://snifa.sma.gob.cl/UnidadFiscalizable/Ficha/17235                         ,2026-09-12,314.0
2391,F-104-2020,Fiscalización,Terminado - Sanción,2020-11-16,2026-03-13,No,24.0,https://snifa.sma.gob.cl/Sancionatorio/Ficha/2391                          ,13595,FORESTAL COLLICURA,Región del Biobío,Santa Juana,-36.81478202406682,-73.01170349121094,Forestal,Explotación forestal,http://snifa.sma.gob.cl/UnidadFiscalizable/Ficha/13595                         ,2026-09-12,1943.0
2392,F-101-2020,Fiscalización,Terminado - Sanción,2020-12-22,2025-10-02,No,2.3,https://snifa.sma.gob.cl/Sancionatorio/Ficha/2392                          ,17678,HOSTAL ENTRE RÍOS,Región de Los Ríos,Valdivia,-39.81005,-73.243721,Equipamiento,Establecimiento / Infraestructura para turismo,http://snifa.sma.gob.cl/UnidadFiscalizable/Ficha/17678                         ,2026-09-12,1745.0
2393,F-100-2020,Fiscalización,Terminado - Sanción,2020-12-18,2021-10-13,No,1.6,https://snifa.sma.gob.cl/Sancionatorio/Ficha/2393                          ,15448,HOTEL NAGUILÁN,Región de Los Ríos,Valdivia,-39.8298759,-73.25080709999997,Equipamiento,Establecimiento / Infraestructura para turismo,http://snifa.sma.gob.cl/UnidadFiscalizable/Ficha/15448                         ,2026-09-12,299.0
2396,D-176-2020,Denuncia,Terminado - Sanción,2020-12-22,2024-04-29,No,67.0,https://snifa.sma.gob.cl/Sancionatorio/Ficha/2396                          ,17458,CONDOMINIO ALTOS DE HUAYQUIQUE II,Región de Tarapacá,Iquique,-20.280654,-70.127176,Vivienda e Inmobiliarios,Conjunto habitacional,http://snifa.sma.gob.cl/UnidadFiscalizable/Ficha/17458                         ,2026-09-12,1224.0
2403,D-171-2020,Denuncia,Terminado - Sanción,2020-12-31,2023-05-09,No,11.5,https://snifa.sma.gob.cl/Sancionatorio/Ficha/2403                          ,5494,CIERRE VERTEDERO GORBEA,Región de la Araucanía,Gorbea,-39.036838,-72.747422,Saneamiento Ambiental,Vertedero,http://snifa.sma.gob.cl/UnidadFiscalizable/Ficha/5494                          ,2026-09-12,859.0
2407,D-177-2020,Denuncia,Terminado - Sanción,2020-12-31,2023-08-01,No,2.5,https://snifa.sma.gob.cl/Sancionatorio/Ficha/2407                          ,15573,FABRICA DE BLOQUETAS GOMEZ,Región de Tarapacá,Alto Hospicio,-20.2781023,-70.0893317,Otras categorías,Otros,http://snifa.sma.gob.cl/UnidadFiscalizable/Ficha/15573                         ,2026-09-12,943.0
2408,D-179-2020,Denuncia,Terminado - Sanción,2020-12-31,2021-09-30,No,16.0,https://snifa.sma.gob.cl/Sancionatorio/Ficha/2408                          ,17010,ESTADIO COVIGRA,Región del Libertador General Bernardo O'Higgins,Graneros,-34.070826,-70.722218,Equipamiento,Centro deportivo / gimnasio,http://snifa.sma.gob.cl/UnidadFiscalizable/Ficha/17010                         ,2026-09-12,273.0
2415,D-002-2021,Denuncia,Terminado - Sanción,2021-01-14,2021-10-01,No,27.0,https://snifa.sma.gob.cl/Sancionatorio/Ficha/2415                          ,17272,HOSTAL CAJÓN,Región de la Araucanía,Vilcún,-38.6755686,-72.499987,Equipamiento,Establecimiento / Infraestructura para turismo,http://snifa.sma.gob.cl/UnidadFiscalizable/Ficha/17272                         ,2026-09-12,260.0
2423,F-002-2021,Fiscalización,Terminado - Sanción,2021-01-14,2021-12-30,No,1.0,https://snifa.sma.gob.cl/Sancionatorio/Ficha/2423                          ,17051,COSTANERA SPORT,Región de Antofagasta,Antofagasta,-23.686823,-70.418643,Equipamiento,Centro deportivo / gimnasio,http://snifa.sma.gob.cl/UnidadFiscalizable/Ficha/17051                         ,2026-09-12,350.0
2424,F-003-2021,Fiscalización,Terminado - Sanción,2021-01-15,2025-02-05,No,13.9,https://snifa.sma.gob.cl/Sancionatorio/Ficha/2424                          ,17052,CANCHA LAS ALMEJAS,Región de Antofagasta,Antofagasta,-23.670747,-70.408691,Equipamiento,Centro deportivo / gimnasio,http://snifa.sma.gob.cl/UnidadFiscalizable/Ficha/17052                         ,2026-09-12,1482.0
2425,D-015-2021,Denuncia,Terminado - Sanción,2021-01-26,2021-10-15,No,1.1,https://snifa.sma.gob.cl/Sancionatorio/Ficha/2425                          ,16010,COMUNIDAD EDIFICIO PLAZA BONDI,Región Metropolitana,Las Condes,-33.41947388584141,-70.5680125951767,Vivienda e Inmobiliarios,Edificio Habitacional,http://snifa.sma.gob.cl/UnidadFiscalizable/Ficha/16010                         ,2026-09-12,262.0
2426,D-014-2021,Denuncia,Terminado - Sanción,2021-01-26,2026-07-06,No,66.0,https://snifa.sma.gob.cl/Sancionatorio/Ficha/2426                          ,15678,NOLLAGAM - CONDOMINIO VISTA PACIFICO,Región de Coquimbo,La Serena,-29.922259,-71.275124,Vivienda e Inmobiliarios,Proyecto Inmobiliario,http://snifa.sma.gob.cl/UnidadFiscalizable/Ficha/15678                         ,2026-09-12,1987.0
2429,D-017-2021,Denuncia,Terminado - Sanción,2021-01-28,2021-10-19,No,5.3,https://snifa.sma.gob.cl/Sancionatorio/Ficha/2429                          ,16792,EDIFICIO PLAZA DINAMARCA,Región Metropolitana,Providencia,-33.4396361,-70.5890372,Vivienda e Inmobiliarios,Edificio Habitacional,http://snifa.sma.gob.cl/UnidadFiscalizable/Ficha/16792                         ,2026-09-12,264.0
2430,D-019-2021,Denuncia,Terminado - Sanción,2021-01-27,2023-06-08,No,40.0,https://snifa.sma.gob.cl/Sancionatorio/Ficha/2430                          ,16670,RVC INGENIERÍA Y CONSTRUCCIÓN (EDIFICIO SALVADOR ALLENDE-SOTOMAYOR),Región de Tarapacá,Iquique,-20.2133199,-70.13410090000002,Vivienda e Inmobiliarios,Edificio Habitacional,http://snifa.sma.gob.cl/UnidadFiscalizable/Ficha/16670                         ,2026-09-12,862.0
2431,D-013-2021,Denuncia,Terminado - Sanción,2021-01-28,2024-04-30,No,44.0,https://snifa.sma.gob.cl/Sancionatorio/Ficha/2431                          ,16904,CONSTRUCCIÓN EDIFICIO PADRE MARIANO 94,Región Metropolitana,Providencia,-33.42549587279024,-70.61644792556763,Vivienda e Inmobiliarios,Proyecto Inmobiliario,http://snifa.sma.gob.cl/UnidadFiscalizable/Ficha/16904                         ,2026-09-12,1188.0
2432,D-018-2021,Denuncia,Terminado - Sanción,2021-01-28,2021-10-20,No,115.0,https://snifa.sma.gob.cl/Sancionatorio/Ficha/2432                          ,16007,CONSTRUCCIÓN EDIFICIO LAS HORTENSIAS,Región Metropolitana,Providencia,-33.42612267270841,-70.59464693069452,Vivienda e Inmobiliarios,Edificio Habitacional,http://snifa.sma.gob.cl/UnidadFiscalizable/Ficha/16007                         ,2026-09-12,265.0
2433,D-016-2021,Denuncia,Terminado - Sanción,2021-01-28,2021-10-14,No,85.0,https://snifa.sma.gob.cl/Sancionatorio/Ficha/2433                          ,16113,CONSTRUCCIÓN CENTRO COMERCIAL ALTOS DEL PARQUE,Región Metropolitana,Peñalolén,-33.49763130000001,-70.5546726,Equipamiento,Centro comercial,http://snifa.sma.gob.cl/UnidadFiscalizable/Ficha/16113                         ,2026-09-12,259.0
2436,F-024-2021,Fiscalización,Terminado - Sanción,2021-01-28,2025-02-11,No,1.8,https://snifa.sma.gob.cl/Sancionatorio/Ficha/2436                          ,17733,PANADERIA HERMANOS GARCIA,Región del Libertador General Bernardo O'Higgins,San Vicente,-34.4402172,-71.0706702,Equipamiento,Panadería,http://snifa.sma.gob.cl/UnidadFiscalizable/Ficha/17733                         ,2026-09-12,1475.0
2438,D-025-2021,Denuncia,Terminado - Sanción,2021-01-29,2024-01-30,No,118.0,https://snifa.sma.gob.cl/Sancionatorio/Ficha/2438                          ,17941,CONSTRUCCIÓN RODOLFO LENZ 500,Región Metropolitana,Ñuñoa,-33.45050301741787,-70.59507190090837,Vivienda e Inmobiliarios,Edificio Habitacional,http://snifa.sma.gob.cl/UnidadFiscalizable/Ficha/17941                         ,2026-09-12,1096.0
2439,F-008-2021,Fiscalización,Terminado - Sanción,2021-01-28,2021-10-27,No,4.7,https://snifa.sma.gob.cl/Sancionatorio/Ficha/2439                          ,17722,PANADERÍA SÚPER PAN,Región del Libertador General Bernardo O'Higgins,San Fernando,-34.583319,-70.992626,Equipamiento,Panadería,http://snifa.sma.gob.cl/UnidadFiscalizable/Ficha/17722                         ,2026-09-12,272.0
2440,F-009-2021,Fiscalización,Terminado - Sanción,2021-01-28,2021-10-27,No,7.7,https://snifa.sma.gob.cl/Sancionatorio/Ficha/2440                          ,15600,PANADERÍA COLCHAGUA,Región del Libertador General Bernardo O'Higgins,San Fernando,-34.58167,-70.9906603,Equipamiento,Panadería,http://snifa.sma.gob.cl/UnidadFiscalizable/Ficha/15600                         ,2026-09-12,272.0
2441,F-010-2021,Fiscalización,Terminado - Sanción,2021-01-28,2021-10-27,No,4.7,https://snifa.sma.gob.cl/Sancionatorio/Ficha/2441                          ,15606,PANADERÍA LA CHILENITA,Región del Libertador General Bernardo O'Higgins,San Fernando,-34.5911162,-70.98842789999998,Equipamiento,Panadería,http://snifa.sma.gob.cl/UnidadFiscalizable/Ficha/15606                         ,2026-09-12,272.0
2442,F-011-2021,Fiscalización,Terminado - Sanción,2021-01-28,2024-01-02,No,7.7,https://snifa.sma.gob.cl/Sancionatorio/Ficha/2442                          ,17736,PANADERÍA REQUÍNOA,Región del Libertador General Bernardo O'Higgins,Requínoa,-34.2817462,-70.8165216,Equipamiento,Panadería,http://snifa.sma.gob.cl/UnidadFiscalizable/Ficha/17736                         ,2026-09-12,1069.0
2443,F-012-2021,Fiscalización,Terminado - Sanción,2021-01-28,2026-07-07,No,5.9,https://snifa.sma.gob.cl/Sancionatorio/Ficha/2443                          ,17735,PANADERÍA MALLOA,Región del Libertador General Bernardo O'Higgins,Malloa,-34.441615,-70.943436,Equipamiento,Panadería,http://snifa.sma.gob.cl/UnidadFiscalizable/Ficha/17735                         ,2026-09-12,1986.0
2444,D-021-2021,Denuncia,Terminado - Sanción,2021-02-01,2021-10-28,No,38.0,https://snifa.sma.gob.cl/Sancionatorio/Ficha/2444                          ,15867,ESTACIONAMIENTOS BREDENMASTER,Región Metropolitana,Pudahuel,-33.4308872,-70.7744419,Equipamiento,Estacionamiento,http://snifa.sma.gob.cl/UnidadFiscalizable/Ficha/15867                         ,2026-09-12,269.0
2446,F-014-2021,Fiscalización,Terminado - Sanción,2021-01-28,2021-12-27,No,5.6,https://snifa.sma.gob.cl/Sancionatorio/Ficha/2446                          ,15535,PANADERÍA MI BARRIO,Región del Libertador General Bernardo O'Higgins,San Fernando,-34.5865374,-70.99227050000002,Equipamiento,Panadería,http://snifa.sma.gob.cl/UnidadFiscalizable/Ficha/15535                         ,2026-09-12,333.0
2447,F-015-2021,Fiscalización,Terminado - Sanción,2021-01-28,2026-07-17,No,4.6,https://snifa.sma.gob.cl/Sancionatorio/Ficha/2447                          ,17318,PANADERÍA ANMAR,Región del Libertador General Bernardo O'Higgins,San Vicente,-34.4349435,-71.0913748,Equipamiento,Panadería,http://snifa.sma.gob.cl/UnidadFiscalizable/Ficha/17318                         ,2026-09-12,1996.0
2449,F-018-2021,Fiscalización,Terminado - Sanción,2021-01-28,2021-10-27,No,5.6,https://snifa.sma.gob.cl/Sancionatorio/Ficha/2449                          ,15700,PANADERÍA REAL MADRID,Región del Libertador General Bernardo O'Higgins,Rancagua,-34.1700161,-70.7601282,Equipamiento,Panadería,http://snifa.sma.gob.cl/UnidadFiscalizable/Ficha/15700                         ,2026-09-12,272.0
2450,F-025-2021,Fiscalización,Terminado - Sanción,2021-02-01,2024-01-18,No,1.6,https://snifa.sma.gob.cl/Sancionatorio/Ficha/2450                          ,15144,AMASANDERÍA LOS REYES,Región del Libertador General Bernardo O'Higgins,Machalí,-34.17573116071856,-70.69092541016926,Equipamiento,Panadería,http://snifa.sma.gob.cl/UnidadFiscalizable/Ficha/15144                         ,2026-09-12,1081.0
2451,F-006-2021,Fiscalización,Terminado - Sanción,2021-01-28,2026-07-01,No,12.0,https://snifa.sma.gob.cl/Sancionatorio/Ficha/2451                          ,17769,PANADERIA EL ESFUERZO,Región del Libertador General Bernardo O'Higgins,Quinta de Tilcoco,-34.160828,-70.722485,Equipamiento,Panadería,http://snifa.sma.gob.cl/UnidadFiscalizable/Ficha/17769                         ,2026-09-12,1980.0
2452,F-007-2021,Fiscalización,Terminado - Sanción,2021-01-28,2023-04-06,No,5.6,https://snifa.sma.gob.cl/Sancionatorio/Ficha/2452                          ,17768,PANADERIA ESPERANZA,Región del Libertador General Bernardo O'Higgins,Rancagua,-34.178813,-70.745098,Equipamiento,Panadería,http://snifa.sma.gob.cl/UnidadFiscalizable/Ficha/17768                         ,2026-09-12,798.0
2454,F-017-2021,Fiscalización,Terminado - Sanción,2021-01-28,2021-10-27,No,5.7,https://snifa.sma.gob.cl/Sancionatorio/Ficha/2454                          ,15361,PANADERÍA RIO DEVA,Región del Libertador General Bernardo O'Higgins,Rancagua,-34.1688905,-70.75046980000002,Equipamiento,Panadería,http://snifa.sma.gob.cl/UnidadFiscalizable/Ficha/15361                         ,2026-09-12,272.0
2456,F-020-2021,Fiscalización,Terminado - Sanción,2021-01-28,2026-07-10,No,14.0,https://snifa.sma.gob.cl/Sancionatorio/Ficha/2456                          ,17755,PANADERIA TRIGUEÑA,Región del Libertador General Bernardo O'Higgins,Graneros,-34.0669437,-70.7324812,Equipamiento,Panadería,http://snifa.sma.gob.cl/UnidadFiscalizable/Ficha/17755                         ,2026-09-12,1989.0
2457,F-021-2021,Fiscalización,Terminado - Sanción,2021-01-28,2023-04-14,No,12.0,https://snifa.sma.gob.cl/Sancionatorio/Ficha/2457                          ,17756,PANADERIA ALMA RIAZU,Región del Libertador General Bernardo O'Higgins,Rancagua,-34.1608414,-70.74098,Equipamiento,Panadería,http://snifa.sma.gob.cl/UnidadFiscalizable/Ficha/17756                         ,2026-09-12,806.0
2458,D-023-2021,Denuncia,Terminado - Sanción,2021-02-01,2021-10-21,No,19.0,https://snifa.sma.gob.cl/Sancionatorio/Ficha/2458                          ,16015,DEMOLICIÓN SUECIA 281-287 LOTA 2284,Región Metropolitana,Providencia,-33.42347217358971,-70.60680270195007,Vivienda e Inmobiliarios,Edificio Habitacional,http://snifa.sma.gob.cl/UnidadFiscalizable/Ficha/16015                         ,2026-09-12,262.0
2460,D-028-2021,Denuncia,Terminado - Sanción,2021-02-02,2024-03-01,No,2035.0,https://snifa.sma.gob.cl/Sancionatorio/Ficha/2460                          ,17444,LOTEO-INVERSIONES LAMPA SPA,Región Metropolitana,Lampa,-33.283125,-70.8001,Vivienda e Inmobiliarios,Proyecto Inmobiliario,http://snifa.sma.gob.cl/UnidadFiscalizable/Ficha/17444                         ,2026-09-12,1123.0
2471,D-039-2021,Denuncia,Terminado - Sanción,2021-02-08,2023-07-27,No,41.0,https://snifa.sma.gob.cl/Sancionatorio/Ficha/2471                          ,17157,CONSTRUCCIÓN EDIFICIO EXEQUIEL FERNÁNDEZ 1670,Región Metropolitana,Ñuñoa,-33.470152,-70.600278,Vivienda e Inmobiliarios,Edificio Habitacional,http://snifa.sma.gob.cl/UnidadFiscalizable/Ficha/17157                         ,2026-09-12,899.0
2472,D-034-2021,Denuncia,Terminado - Sanción,2021-02-08,2023-06-06,No,25.0,https://snifa.sma.gob.cl/Sancionatorio/Ficha/2472                          ,16618,PUB RESTOBAR LATITUD SUR,Región del Biobío,Concepción,-36.8332884,-73.05002250000001,Equipamiento,Discoteca / pub,http://snifa.sma.gob.cl/UnidadFiscalizable/Ficha/16618                         ,2026-09-12,848.0
2473,D-033-2021,Denuncia,Terminado - Sanción,2021-02-08,2023-07-20,No,2.0,https://snifa.sma.gob.cl/Sancionatorio/Ficha/2473                          ,17194,DISCOTEQUE PRAGA CLUB CAMARONES,Región de Los Ríos,Valdivia,-39.817112,-73.248625,Equipamiento,Discoteca / pub,http://snifa.sma.gob.cl/UnidadFiscalizable/Ficha/17194                         ,2026-09-12,892.0
2474,D-037-2021,Denuncia,Terminado - Sanción,2021-02-08,2025-11-03,No,7.2,https://snifa.sma.gob.cl/Sancionatorio/Ficha/2474                          ,13961,DISCOTHEQUE MOKA,Región del Libertador General Bernardo O'Higgins,Graneros,-34.06744957739345,-70.73169708251953,Equipamiento,Discoteca / pub,http://snifa.sma.gob.cl/UnidadFiscalizable/Ficha/13961                         ,2026-09-12,1729.0
2475,D-030-2021,Denuncia,Terminado - Sanción,2021-02-03,2021-11-23,No,4.1,https://snifa.sma.gob.cl/Sancionatorio/Ficha/2475                          ,16793,COMPLEJO DEPORTIVO ROBERTO CERECEDA - MAIPÚ,Región Metropolitana,Maipú,-33.5533792,-70.7855066,Equipamiento,Centro deportivo / gimnasio,http://snifa.sma.gob.cl/UnidadFiscalizable/Ficha/16793                         ,2026-09-12,293.0
2478,F-031-2021,Fiscalización,Terminado - Sanción,2021-02-09,2026-07-01,No,3.0,https://snifa.sma.gob.cl/Sancionatorio/Ficha/2478                          ,14481,FORESTAL BUTROS-ASERRADERO,Región de Ñuble,Chillán,-36.6019932,-72.0952709,Forestal,Aserradero / procesadora de madera,http://snifa.sma.gob.cl/UnidadFiscalizable/Ficha/14481                         ,2026-09-12,1968.0
2479,D-040-2021,Denuncia,Terminado - Sanción,2021-02-09,2022-05-17,No,18.0,https://snifa.sma.gob.cl/Sancionatorio/Ficha/2479                          ,16566,RESTAURANT DON PEYO SPA,Región Metropolitana,Ñuñoa,-33.4562168,-70.62461200000001,Equipamiento,Restorán / Servicio de comidas,http://snifa.sma.gob.cl/UnidadFiscalizable/Ficha/16566                         ,2026-09-12,462.0
2484,D-046-2021,Denuncia,Terminado - Sanción,2021-02-11,2021-11-04,No,1.0,https://snifa.sma.gob.cl/Sancionatorio/Ficha/2484                          ,15830,EDIFICIO HOLANDA 100,Región Metropolitana,Providencia,-33.4199938,-70.60380270000002,Vivienda e Inmobiliarios,Edificio Habitacional,http://snifa.sma.gob.cl/UnidadFiscalizable/Ficha/15830                         ,2026-09-12,266.0
2486,D-027-2021,Denuncia,Terminado - Sanción,2021-02-15,2024-03-08,No,1.1,https://snifa.sma.gob.cl/Sancionatorio/Ficha/2486                          ,13965,IGLESIA PENTECOSTAL APOSTOLICA,Región de Aysén del General Carlos Ibáñez del Campo,Coyhaique,-45.58355631807807,-72.04820556566119,Equipamiento,Centro de culto religioso / espiritual,http://snifa.sma.gob.cl/UnidadFiscalizable/Ficha/13965                         ,2026-09-12,1117.0
2487,D-051-2021,Denuncia,Terminado - Sanción,2021-02-12,2021-11-05,No,1.7,https://snifa.sma.gob.cl/Sancionatorio/Ficha/2487                          ,15828,EDIFICIO ALFREDO BARROS ERRAZURIZ 1954,Región Metropolitana,Providencia,-33.4268479,-70.61261200000001,Vivienda e Inmobiliarios,Edificio Habitacional,http://snifa.sma.gob.cl/UnidadFiscalizable/Ficha/15828                         ,2026-09-12,266.0
2491,D-053-2021,Denuncia,Terminado - Sanción,2021-02-16,2024-04-26,No,203.0,https://snifa.sma.gob.cl/Sancionatorio/Ficha/2491                          ,17971,CONSTRUCCIÓN EDIFICIO BUSTAMANTE,Región Metropolitana,Ñuñoa,-33.45385469062574,-70.62896508860351,Vivienda e Inmobiliarios,Edificio Habitacional,http://snifa.sma.gob.cl/UnidadFiscalizable/Ficha/17971                         ,2026-09-12,1165.0
2494,D-061-2021,Denuncia,Terminado - Sanción,2021-02-17,2024-07-18,No,345.0,https://snifa.sma.gob.cl/Sancionatorio/Ficha/2494                          ,2620,CT SANTA MARIA,Región del Biobío,Coronel,-37.039517,-73.135615,Energía,Central termoeléctrica,http://snifa.sma.gob.cl/UnidadFiscalizable/Ficha/2620                          ,2026-09-12,1247.0
2495,D-055-2021,Denuncia,Terminado - Sanción,2021-02-15,2026-07-10,No,4.6,https://snifa.sma.gob.cl/Sancionatorio/Ficha/2495                          ,16242,COMPRA VENTA CHATARRA BELÉN MONTALVÁN,Región Metropolitana,Lo Espejo,-33.5174722,-70.6877647,Equipamiento,Otros equipamientos,http://snifa.sma.gob.cl/UnidadFiscalizable/Ficha/16242                         ,2026-09-12,1971.0
2498,D-058-2021,Denuncia,Terminado - Sanción,2021-02-18,2022-09-13,No,21.0,https://snifa.sma.gob.cl/Sancionatorio/Ficha/2498                          ,17875,DEMOLICIÓN LO CONTADOR 0412,Región Metropolitana,Providencia,-33.420521,-70.620863,Vivienda e Inmobiliarios,Edificio Habitacional,http://snifa.sma.gob.cl/UnidadFiscalizable/Ficha/17875                         ,2026-09-12,572.0
2506,D-059-2021,Denuncia,Terminado - Sanción,2021-02-22,2021-12-14,No,117.0,https://snifa.sma.gob.cl/Sancionatorio/Ficha/2506                          ,3111,ALCANTARILLADO DE CUMPEO,Región del Maule,Río Claro,-35.277756,-71.277877,Saneamiento Ambiental,Planta de Tratamiento de Aguas Servidas,http://snifa.sma.gob.cl/UnidadFiscalizable/Ficha/3111                          ,2026-09-12,295.0
2509,D-047-2021,Denuncia,Terminado - Sanción,2021-02-24,2026-06-25,No,4.0,https://snifa.sma.gob.cl/Sancionatorio/Ficha/2509                          ,14979,DISCOTEQUE PAGANO,Región de Valparaíso,Valparaíso,-33.0361798,-71.6296824,Equipamiento,Discoteca / pub,http://snifa.sma.gob.cl/UnidadFiscalizable/Ficha/14979                         ,2026-09-12,1947.0
2513,F-035-2021,Fiscalización,Terminado - Sanción,2021-02-24,2026-05-25,No,4.8,https://snifa.sma.gob.cl/Sancionatorio/Ficha/2513                          ,17105,TSUNAMI BAR,Región de Coquimbo,La Serena,-29.9404061,-71.2882744,Equipamiento,Discoteca / pub,http://snifa.sma.gob.cl/UnidadFiscalizable/Ficha/17105                         ,2026-09-12,1916.0
2514,D-065-2021,Denuncia,Terminado - Sanción,2021-02-23,2021-12-28,No,3.7,https://snifa.sma.gob.cl/Sancionatorio/Ficha/2514                          ,16199,RESTAURANT DOMO,Región de Atacama,Caldera,-27.1030354,-70.8570206,Equipamiento,Restorán / Servicio de comidas,http://snifa.sma.gob.cl/UnidadFiscalizable/Ficha/16199                         ,2026-09-12,308.0
2516,D-070-2021,Denuncia,Terminado - Sanción,2021-02-26,2021-11-16,No,22.0,https://snifa.sma.gob.cl/Sancionatorio/Ficha/2516                          ,17264,CLINICA DENTAL REDSALUD MANUEL MONTT,Región Metropolitana,Providencia,-33.428281,-70.619621,Equipamiento,Centro de salud humana,http://snifa.sma.gob.cl/UnidadFiscalizable/Ficha/17264                         ,2026-09-12,263.0
2518,D-073-2021,Denuncia,Terminado - Sanción,2021-03-02,2023-07-03,No,206.0,https://snifa.sma.gob.cl/Sancionatorio/Ficha/2518                          ,18002,EDIFICIO ELIECER PARADA,Región Metropolitana,Providencia,-33.43472498539995,-70.58311798312859,Vivienda e Inmobiliarios,Edificio Habitacional,http://snifa.sma.gob.cl/UnidadFiscalizable/Ficha/18002                         ,2026-09-12,853.0
2519,D-049-2021,Denuncia,Terminado - Sanción,2021-03-02,2026-05-19,No,58.0,https://snifa.sma.gob.cl/Sancionatorio/Ficha/2519                          ,16339,CONSTRUCCIÓN SUECIA 283,Región Metropolitana,Providencia,-33.423386,-70.60705689999998,Vivienda e Inmobiliarios,Edificio Habitacional,http://snifa.sma.gob.cl/UnidadFiscalizable/Ficha/16339                         ,2026-09-12,1904.0
2520,D-076-2021,Denuncia,Terminado - Sanción,2021-03-08,2024-10-11,No,104.0,https://snifa.sma.gob.cl/Sancionatorio/Ficha/2520                          ,7863,METRO S.A. LINEA 3,Región Metropolitana,Conchalí,-33.366277,-70.697176,Infraestructura de Transporte,Metro,http://snifa.sma.gob.cl/UnidadFiscalizable/Ficha/7863                          ,2026-09-12,1313.0
2521,D-080-2021,Denuncia,Terminado - Sanción,2021-03-08,2026-07-01,No,4.6,https://snifa.sma.gob.cl/Sancionatorio/Ficha/2521                          ,18077,ASTILLERO ARTESANAL AMBROSIO AGUILAR G.,Región de los Lagos,Quellón,-43.117941,-73.6298338,Infraestructura Portuaria,Astillero,http://snifa.sma.gob.cl/UnidadFiscalizable/Ficha/18077                         ,2026-09-12,1941.0
2524,D-077-2021,Denuncia,Terminado - Sanción,2021-03-08,2022-11-16,No,1.9,https://snifa.sma.gob.cl/Sancionatorio/Ficha/2524                          ,17036,FÁBRICA DE CAJONES SONIA LOVERA TUPA,Región de Arica y Parinacota,Arica,-18.553761,-70.115522,Instalación fabril,Otras,http://snifa.sma.gob.cl/UnidadFiscalizable/Ficha/17036                         ,2026-09-12,618.0
2525,D-081-2021,Denuncia,Terminado - Sanción,2021-03-08,2024-01-05,No,42.0,https://snifa.sma.gob.cl/Sancionatorio/Ficha/2525                          ,17429,CONSTRUCCIÓN EDIFICIO LYON 2345,Región Metropolitana,Providencia,-33.442228,-70.603453,Vivienda e Inmobiliarios,Edificio Habitacional,http://snifa.sma.gob.cl/UnidadFiscalizable/Ficha/17429                         ,2026-09-12,1033.0
2530,D-087-2021,Denuncia,Terminado - Sanción,2021-03-17,2021-11-29,No,11.0,https://snifa.sma.gob.cl/Sancionatorio/Ficha/2530                          ,15715,TERRAPLUS FAMILY TOWNHOUSES,Región Metropolitana,Peñalolén,-33.4975323,-70.53627770000003,Vivienda e Inmobiliarios,Proyecto Inmobiliario,http://snifa.sma.gob.cl/UnidadFiscalizable/Ficha/15715                         ,2026-09-12,257.0
2542,F-039-2021,Fiscalización,Terminado - Sanción,2021-04-05,2022-01-18,No,27.0,https://snifa.sma.gob.cl/Sancionatorio/Ficha/2542                          ,748,RELLENO SANITARIO QUEBRADA ANCHA,Región de Antofagasta,Tocopilla,-22.102297,-70.064973,Saneamiento Ambiental,Relleno sanitario,http://snifa.sma.gob.cl/UnidadFiscalizable/Ficha/748                           ,2026-09-12,288.0
2545,D-093-2021,Denuncia,Terminado - Sanción,2021-04-09,2021-12-30,No,2.4,https://snifa.sma.gob.cl/Sancionatorio/Ficha/2545                          ,17269,EDIFICIO MICHIMALONCO,Región del Biobío,San Pedro de la Paz,-36.8419987,-73.092194,Vivienda e Inmobiliarios,Edificio Habitacional,http://snifa.sma.gob.cl/UnidadFiscalizable/Ficha/17269                         ,2026-09-12,265.0
2548,F-041-2021,Fiscalización,Terminado - Sanción,2021-04-12,2022-01-06,No,11.0,https://snifa.sma.gob.cl/Sancionatorio/Ficha/2548                          ,17917,COMUNIDAD CONDOMINIO ALTO LAS QUEMAS,Región de los Lagos,Osorno,-40.580338,-73.12276359,Vivienda e Inmobiliarios,Conjunto habitacional,http://snifa.sma.gob.cl/UnidadFiscalizable/Ficha/17917                         ,2026-09-12,269.0
2557,F-048-2021,Fiscalización,Terminado - Sanción,2021-04-19,2022-01-18,No,3.9,https://snifa.sma.gob.cl/Sancionatorio/Ficha/2557                          ,17367,LEÑERÍA YAKSIC GALLEGOS,Región del Biobío,Los Ángeles,-37.4624325,-72.3553066,Equipamiento,Centro de comercialización de leña,http://snifa.sma.gob.cl/UnidadFiscalizable/Ficha/17367                         ,2026-09-12,274.0
2561,D-099-2021,Denuncia,Terminado - Sanción,2021-04-19,2024-04-02,No,2.1,https://snifa.sma.gob.cl/Sancionatorio/Ficha/2561                          ,17882,CONSTRUCCIÓN S.I. CML S.A (ORELLA CON SALVADOR ALLENDE),Región de Tarapacá,Iquique,-20.221478,-70.13508,Vivienda e Inmobiliarios,Proyecto Inmobiliario,http://snifa.sma.gob.cl/UnidadFiscalizable/Ficha/17882                         ,2026-09-12,1079.0
2564,D-104-2021,Denuncia,Terminado - Sanción,2021-04-23,2023-06-29,No,11.0,https://snifa.sma.gob.cl/Sancionatorio/Ficha/2564                          ,15879,CONSTRUCCIÓN STRIP CENTER PORTUGAL 412,Región Metropolitana,Santiago,-33.4472044,-70.63556240000003,Equipamiento,Centro comercial,http://snifa.sma.gob.cl/UnidadFiscalizable/Ficha/15879                         ,2026-09-12,797.0
2565,D-107-2021,Denuncia,Terminado - Sanción,2021-04-26,2024-09-04,No,13.3,https://snifa.sma.gob.cl/Sancionatorio/Ficha/2565                          ,18169,TERMINAL DE BUSES MUNICIPALES TALCA,Región del Maule,Talca,-35.399565,-71.60995,Infraestructura de Transporte,"Terminal de taxis, buses y/o camiones",http://snifa.sma.gob.cl/UnidadFiscalizable/Ficha/18169                         ,2026-09-12,1227.0
2569,D-108-2021,Denuncia,Terminado - Sanción,2021-04-27,2022-01-21,No,22.0,https://snifa.sma.gob.cl/Sancionatorio/Ficha/2569                          ,16713,CONSTRUCCIÓN EDIFICIO SKY100,Región Metropolitana,Ñuñoa,-33.4524582389812,-70.57162697909848,Vivienda e Inmobiliarios,Edificio Habitacional,http://snifa.sma.gob.cl/UnidadFiscalizable/Ficha/16713                         ,2026-09-12,269.0
2578,D-110-2021,Denuncia,Terminado - Sanción,2021-04-27,2021-10-15,No,4.3,https://snifa.sma.gob.cl/Sancionatorio/Ficha/2578                          ,15541,GALPON MUNICIPAL FRANZ SCHUBERT,Región de Coquimbo,La Serena,-29.9491097,-71.24199479999999,Otras categorías,Otros,http://snifa.sma.gob.cl/UnidadFiscalizable/Ficha/15541                         ,2026-09-12,171.0
2579,D-111-2021,Denuncia,Terminado - Sanción,2021-04-28,2022-01-19,No,38.0,https://snifa.sma.gob.cl/Sancionatorio/Ficha/2579                          ,15542,SUPERMERCADO SANTA ISABEL,Región de Coquimbo,Coquimbo,-29.9794623,-71.34598719999997,Equipamiento,Otros equipamientos,http://snifa.sma.gob.cl/UnidadFiscalizable/Ficha/15542                         ,2026-09-12,266.0
2580,D-115-2021,Denuncia,Terminado - Sanción,2021-05-05,2022-04-08,No,16.0,https://snifa.sma.gob.cl/Sancionatorio/Ficha/2580                          ,18033,EDIFICIO LOS ALERCES,Región Metropolitana,Ñuñoa,-33.47101076703795,-70.59772183782775,Vivienda e Inmobiliarios,Edificio Habitacional,http://snifa.sma.gob.cl/UnidadFiscalizable/Ficha/18033                         ,2026-09-12,338.0
2583,D-116-2021,Denuncia,Terminado - Sanción,2021-05-11,2022-01-31,No,287.0,https://snifa.sma.gob.cl/Sancionatorio/Ficha/2583                          ,16337,CONSTRUCCIÓN ALMIRANTE PASTENE 96-110-120,Región Metropolitana,Providencia,-33.427658,-70.61999559999998,Vivienda e Inmobiliarios,Edificio Habitacional,http://snifa.sma.gob.cl/UnidadFiscalizable/Ficha/16337                         ,2026-09-12,265.0
2588,F-059-2021,Fiscalización,Terminado - Sanción,2021-06-16,2022-09-07,No,8.4,https://snifa.sma.gob.cl/Sancionatorio/Ficha/2588                          ,11352,GEOSERVICE LTDA. (GRANEROS),Región del Libertador General Bernardo O'Higgins,Graneros,-34.105536,-70.724396,Agroindustrias,Planta procesadora de productos agrícolas,http://snifa.sma.gob.cl/UnidadFiscalizable/Ficha/11352                         ,2026-09-12,448.0
2591,D-122-2021,Denuncia,Terminado - Sanción,2021-05-19,2023-04-10,No,242.2,https://snifa.sma.gob.cl/Sancionatorio/Ficha/2591                          ,17162,RELLENO SANITARIO PUNTRA,Región de los Lagos,Ancud,-42.093331,-73.872342,Saneamiento Ambiental,Relleno sanitario,http://snifa.sma.gob.cl/UnidadFiscalizable/Ficha/17162                         ,2026-09-12,691.0
2592,F-058-2021,Fiscalización,Terminado - Sanción,2021-05-31,2022-03-15,No,59.0,https://snifa.sma.gob.cl/Sancionatorio/Ficha/2592                          ,11366,COPEFRUT S.A. (CENKIWI),Región del Maule,Teno,-34.844244,-71.10662,Agroindustrias,Planta procesadora de productos agrícolas,http://snifa.sma.gob.cl/UnidadFiscalizable/Ficha/11366                         ,2026-09-12,288.0
2593,F-063-2021,Fiscalización,Terminado - Sanción,2021-05-24,2022-02-15,No,24.0,https://snifa.sma.gob.cl/Sancionatorio/Ficha/2593                          ,17069,ESTADIO LUIS VALENZUELA HERMOSILLA,Región de Atacama,Copiapó,-27.376289,-70.32068,Equipamiento,Centro deportivo / gimnasio,http://snifa.sma.gob.cl/UnidadFiscalizable/Ficha/17069                         ,2026-09-12,267.0
2595,D-126-2021,Denuncia,Terminado - Sanción,2021-05-20,2024-03-11,No,5.0,https://snifa.sma.gob.cl/Sancionatorio/Ficha/2595                          ,18155,CENTRO DE EVENTOS CHINA XUAN,Región del Biobío,Los Ángeles,-37.444498,-72.2961516,Equipamiento,Restorán / Servicio de comidas,http://snifa.sma.gob.cl/UnidadFiscalizable/Ficha/18155                         ,2026-09-12,1026.0
2596,D-127-2021,Denuncia,Terminado - Sanción,2021-05-24,2025-09-30,No,5.1,https://snifa.sma.gob.cl/Sancionatorio/Ficha/2596                          ,18066,RESTOBAR STOP OVER,Región de Los Ríos,Valdivia,-39.81949898407048,-73.24546370172338,Equipamiento,Discoteca / pub,http://snifa.sma.gob.cl/UnidadFiscalizable/Ficha/18066                         ,2026-09-12,1590.0
2607,D-128-2021,Denuncia,Terminado - Sanción,2021-05-31,2023-09-13,No,2.7,https://snifa.sma.gob.cl/Sancionatorio/Ficha/2607                          ,18160,EDIFICIO FRAY MONTALVA 110 - LAS CONDES,Región Metropolitana,Las Condes,-33.3715429099766,-70.50968379816099,Vivienda e Inmobiliarios,Edificio Habitacional,http://snifa.sma.gob.cl/UnidadFiscalizable/Ficha/18160                         ,2026-09-12,835.0
2609,F-068-2021,Fiscalización,Terminado - Sanción,2021-06-02,2022-02-25,No,11.0,https://snifa.sma.gob.cl/Sancionatorio/Ficha/2609                          ,15666,PANADERIA DON PAN,Región del Libertador General Bernardo O'Higgins,Rancagua,-34.1343582,-70.73741640000003,Equipamiento,Panadería,http://snifa.sma.gob.cl/UnidadFiscalizable/Ficha/15666                         ,2026-09-12,268.0
2610,F-070-2021,Fiscalización,Terminado - Sanción,2021-06-02,2022-02-28,No,4.2,https://snifa.sma.gob.cl/Sancionatorio/Ficha/2610                          ,13968,PPDA TEMUCO 1,Región de la Araucanía,Temuco,-38.7373539,-72.59807209999997,,,http://snifa.sma.gob.cl/UnidadFiscalizable/Ficha/13968                         ,2026-09-12,271.0
2610,F-070-2021,Fiscalización,Terminado - Sanción,2021-06-02,2022-02-28,No,4.2,https://snifa.sma.gob.cl/Sancionatorio/Ficha/2610                          ,14491,EDIFICIO MARQUIS,Región de la Araucanía,Temuco,-38.7393785,-72.6042343,Vivienda e Inmobiliarios,Edificio Habitacional,http://snifa.sma.gob.cl/UnidadFiscalizable/Ficha/14491                         ,2026-09-12,271.0
2612,F-064-2021,Fiscalización,Terminado - Sanción,2021-06-16,2022-03-14,No,71.0,https://snifa.sma.gob.cl/Sancionatorio/Ficha/2612                          ,8667,PLANTA FRUSUR- SAN CARLOS,Región de Ñuble,San Carlos,-36.517286,-72.053566,Agroindustrias,Producción agrícola / cultivos,http://snifa.sma.gob.cl/UnidadFiscalizable/Ficha/8667                          ,2026-09-12,271.0
2619,D-136-2021,Denuncia,Terminado - Sanción,2021-06-11,2021-10-06,No,3.9,https://snifa.sma.gob.cl/Sancionatorio/Ficha/2619                          ,15819,CENTRO DEPORTIVO Y RECREATIVO SANTA ISABEL,Región Metropolitana,Santiago,-33.4479284,-70.63391159999998,Equipamiento,Centro deportivo / gimnasio,http://snifa.sma.gob.cl/UnidadFiscalizable/Ficha/15819                         ,2026-09-12,117.0
2626,D-143-2021,Denuncia,Terminado - Sanción,2021-07-01,2022-07-06,No,1300.0,https://snifa.sma.gob.cl/Sancionatorio/Ficha/2626                          ,4510,CES ARACENA 14 (RNA 120096),Región de Magallanes y la Antártica Chilena,Punta Arenas,-54.075222,-71.243639,Pesca y Acuicultura,Centro de engorda de salmones,http://snifa.sma.gob.cl/UnidadFiscalizable/Ficha/4510                          ,2026-09-12,370.0
2627,D-148-2021,Denuncia,Terminado - Sanción,2021-06-25,2024-12-27,No,64.0,https://snifa.sma.gob.cl/Sancionatorio/Ficha/2627                          ,17969,CONSTRUCCIÓN EDIFICIO SAN DIEGO,Región Metropolitana,Santiago,-33.44662444156581,-70.65129102813546,Vivienda e Inmobiliarios,Edificio Habitacional,http://snifa.sma.gob.cl/UnidadFiscalizable/Ficha/17969                         ,2026-09-12,1281.0
2631,D-155-2021,Denuncia,Terminado - Sanción,2021-06-30,2021-12-20,No,2.0,https://snifa.sma.gob.cl/Sancionatorio/Ficha/2631                          ,15956,LEROY TRAINING,Región Metropolitana,San Miguel,-33.4942941,-70.64700060000001,Equipamiento,Centro deportivo / gimnasio,http://snifa.sma.gob.cl/UnidadFiscalizable/Ficha/15956                         ,2026-09-12,173.0
2632,D-141-2021,Denuncia,Terminado - Sanción,2021-06-30,2024-04-19,No,673.0,https://snifa.sma.gob.cl/Sancionatorio/Ficha/2632                          ,6808,EXTRACCION ARIDOS SOPRAMAT CAUCE DEL RIO DIGUILLIN - SECTOR LOS TILOS,Región de Ñuble,Bulnes,-36.882157,-72.198455,Minería,Áridos,http://snifa.sma.gob.cl/UnidadFiscalizable/Ficha/6808                          ,2026-09-12,1024.0
2637,D-147-2021,Denuncia,Terminado - Sanción,2021-06-24,2022-03-08,No,1.7,https://snifa.sma.gob.cl/Sancionatorio/Ficha/2637                          ,17232,VULCANIZACIÓN BRENDA JARAMILLO,Región Metropolitana,Quinta Normal,-33.412657,-70.701809,Equipamiento,Otros equipamientos,http://snifa.sma.gob.cl/UnidadFiscalizable/Ficha/17232                         ,2026-09-12,257.0
2644,D-165-2021,Denuncia,Terminado - Sanción,2021-07-15,2021-12-21,No,7.2,https://snifa.sma.gob.cl/Sancionatorio/Ficha/2644                          ,14741,GRANALLADO CON ACERO (REVESTIMIENTOS MORA HERMANOS LTDA.),Región Metropolitana,La Pintana,-33.6239767,-70.63933279999998,Instalación fabril,Otras,http://snifa.sma.gob.cl/UnidadFiscalizable/Ficha/14741                         ,2026-09-12,159.0
2648,D-149-2021,Denuncia,Terminado - Sanción,2021-07-22,2022-03-28,No,2.2,https://snifa.sma.gob.cl/Sancionatorio/Ficha/2648                          ,17946,CARNES GANADERO,Región de Aysén del General Carlos Ibáñez del Campo,Coyhaique,-45.577816,-72.068116,Agroindustrias,Planta procesadora de productos agrícolas,http://snifa.sma.gob.cl/UnidadFiscalizable/Ficha/17946                         ,2026-09-12,249.0
2651,D-173-2021,Denuncia,Terminado - Sanción,2021-08-04,2022-04-06,No,6.0,https://snifa.sma.gob.cl/Sancionatorio/Ficha/2651                          ,16249,CHICKEN FACTORY MARIBÉRICO,Región Metropolitana,Ñuñoa,-33.4442854,-70.5725256,Equipamiento,Restorán / Servicio de comidas,http://snifa.sma.gob.cl/UnidadFiscalizable/Ficha/16249                         ,2026-09-12,245.0
2653,D-170-2021,Denuncia,Terminado - Sanción,2021-07-29,2026-01-19,No,78.0,https://snifa.sma.gob.cl/Sancionatorio/Ficha/2653                          ,15947,COMERCIAL VALENCIA,Región Metropolitana,Estación Central,-33.4650662,-70.68841529999997,Equipamiento,Oficina comercial,http://snifa.sma.gob.cl/UnidadFiscalizable/Ficha/15947                         ,2026-09-12,1635.0
2659,D-175-2021,Denuncia,Terminado - Sanción,2021-08-05,2026-06-19,No,18.0,https://snifa.sma.gob.cl/Sancionatorio/Ficha/2659                          ,9046,PRUNESCO S.A. (CIRUELAS) - PIRQUE,Región Metropolitana,Pirque,-33.62712266666666,-70.55784033333333,Agroindustrias,Planta procesadora de productos agrícolas,http://snifa.sma.gob.cl/UnidadFiscalizable/Ficha/9046                          ,2026-09-12,1779.0
2660,D-168-2021,Denuncia,Terminado - Sanción,2021-08-02,2025-11-14,No,3.2,https://snifa.sma.gob.cl/Sancionatorio/Ficha/2660                          ,16088,SERVITUR HOTELES,Región Metropolitana,Providencia,-33.4229462,-70.61425429999997,Equipamiento,Establecimiento / Infraestructura para turismo,http://snifa.sma.gob.cl/UnidadFiscalizable/Ficha/16088                         ,2026-09-12,1565.0
2663,F-078-2021,Fiscalización,Terminado - Sanción,2021-08-13,2022-05-05,No,1.2,https://snifa.sma.gob.cl/Sancionatorio/Ficha/2663                          ,17729,CORTADURÍA ERRÁZURIZ,Región de Los Ríos,Valdivia,-39.834376,-73.21667,Equipamiento,Centro de comercialización de leña,http://snifa.sma.gob.cl/UnidadFiscalizable/Ficha/17729                         ,2026-09-12,265.0
2664,F-080-2021,Fiscalización,Terminado - Sanción,2021-08-13,2026-05-25,No,1.8,https://snifa.sma.gob.cl/Sancionatorio/Ficha/2664                          ,17090,MADERAS DEL SUR LTDA,Región de los Lagos,Osorno,-40.565769,-73.178712,Forestal,Aserradero / procesadora de madera,http://snifa.sma.gob.cl/UnidadFiscalizable/Ficha/17090                         ,2026-09-12,1746.0
2665,F-079-2021,Fiscalización,Terminado - Sanción,2021-08-13,2024-10-28,No,1.2,https://snifa.sma.gob.cl/Sancionatorio/Ficha/2665                          ,17779,CALOR DE MELY LEÑERÍA,Región de los Lagos,Osorno,-40.55799,-73.200797,Equipamiento,Centro de comercialización de leña,http://snifa.sma.gob.cl/UnidadFiscalizable/Ficha/17779                         ,2026-09-12,1172.0
2670,D-182-2021,Denuncia,Terminado - Sanción,2021-08-17,2025-04-21,No,2.8,https://snifa.sma.gob.cl/Sancionatorio/Ficha/2670                          ,2446,PLANTA CAMANCHACA-CORONEL,Región del Biobío,Coronel,-37.02353125,-73.15389925,Pesca y Acuicultura,Elaboración y procesado de recursos hidrobiológicos,http://snifa.sma.gob.cl/UnidadFiscalizable/Ficha/2446                          ,2026-09-12,1343.0
2672,D-177-2021,Denuncia,Terminado - Sanción,2021-08-16,2023-03-20,No,9.3,https://snifa.sma.gob.cl/Sancionatorio/Ficha/2672                          ,13738,RESTORÁNPICCOLA ITALIA PROVIDENCIA,Región Metropolitana,Providencia,-33.4239213,-70.6091788,Equipamiento,Restorán / Servicio de comidas,http://snifa.sma.gob.cl/UnidadFiscalizable/Ficha/13738                         ,2026-09-12,581.0
2673,D-178-2021,Denuncia,Terminado - Sanción,2021-08-16,2024-05-24,No,67.0,https://snifa.sma.gob.cl/Sancionatorio/Ficha/2673                          ,16089,BANCO ESTADO PROVIDENCIA 1710,Región Metropolitana,Providencia,-33.4262305,-70.61558289999999,Equipamiento,Oficina comercial,http://snifa.sma.gob.cl/UnidadFiscalizable/Ficha/16089                         ,2026-09-12,1012.0
2675,D-181-2021,Denuncia,Terminado - Sanción,2021-08-16,2022-05-03,No,20.0,https://snifa.sma.gob.cl/Sancionatorio/Ficha/2675                          ,15939,RECINTO DEPORTIVO MARCO SOTO,Región Metropolitana,Conchalí,-33.3726714,-70.68124269999998,Equipamiento,Centro deportivo / gimnasio,http://snifa.sma.gob.cl/UnidadFiscalizable/Ficha/15939                         ,2026-09-12,260.0
2684,D-179-2021,Denuncia,Terminado - Sanción,2021-08-31,2022-02-25,No,2.1,https://snifa.sma.gob.cl/Sancionatorio/Ficha/2684                          ,14872,PANADERIA LAS DELICIAS,Región de los Lagos,Puerto Montt,-41.4727532,-72.91167919999998,Equipamiento,Panadería,http://snifa.sma.gob.cl/UnidadFiscalizable/Ficha/14872                         ,2026-09-12,178.0
2685,D-186-2021,Denuncia,Terminado - Sanción,2021-09-01,2025-02-24,No,81.0,https://snifa.sma.gob.cl/Sancionatorio/Ficha/2685                          ,16002,MUELLE EMPRESA PORTUARIA AUSTRAL - NATALES,Región de Magallanes y la Antártica Chilena,Natales,-51.73043474558057,-72.515372382946,Infraestructura Portuaria,Puerto,http://snifa.sma.gob.cl/UnidadFiscalizable/Ficha/16002                         ,2026-09-12,1272.0
2688,D-188-2021,Denuncia,Terminado - Sanción,2021-09-07,2025-06-27,No,62.0,https://snifa.sma.gob.cl/Sancionatorio/Ficha/2688                          ,17963,EDIFICIO NEW CENTER FREIRE CISS,Región del Biobío,Concepción,-36.82281062386127,-73.04470658477807,Vivienda e Inmobiliarios,Edificio Habitacional,http://snifa.sma.gob.cl/UnidadFiscalizable/Ficha/17963                         ,2026-09-12,1389.0
2689,D-194-2021,Denuncia,Terminado - Sanción,2021-09-08,2022-06-22,No,57.0,https://snifa.sma.gob.cl/Sancionatorio/Ficha/2689                          ,18166,PROYECTO NEW EGAÑA STYLE,Región Metropolitana,Ñuñoa,-33.45614112002575,-70.57184132255146,Vivienda e Inmobiliarios,Edificio Habitacional,http://snifa.sma.gob.cl/UnidadFiscalizable/Ficha/18166                         ,2026-09-12,287.0
2690,D-189-2021,Denuncia,Terminado - Sanción,2021-09-07,2026-08-13,No,88.0,https://snifa.sma.gob.cl/Sancionatorio/Ficha/2690                          ,18132,EDIFICIO BARLOVENTO LOTE A3,Región de Antofagasta,Antofagasta,-23.69500297610457,-70.4191351843036,Vivienda e Inmobiliarios,Edificio Habitacional,http://snifa.sma.gob.cl/UnidadFiscalizable/Ficha/18132                         ,2026-09-12,1801.0
2693,D-195-2021,Denuncia,Terminado - Sanción,2021-09-09,2024-09-04,No,93.0,https://snifa.sma.gob.cl/Sancionatorio/Ficha/2693                          ,18184,CONSTRUCCIÓN OBRA SAN EUGENIO,Región Metropolitana,Ñuñoa,-33.45775198077244,-70.62654869303539,Vivienda e Inmobiliarios,Edificio Habitacional,http://snifa.sma.gob.cl/UnidadFiscalizable/Ficha/18184                         ,2026-09-12,1091.0
2695,D-197-2021,Denuncia,Terminado - Sanción,2021-09-13,2022-04-20,No,1.9,https://snifa.sma.gob.cl/Sancionatorio/Ficha/2695                          ,18483,HOTEL CROWNE PLAZA,Región Metropolitana,Santiago,-33.43852938635694,-70.63681187667628,Equipamiento,Establecimiento / Infraestructura para turismo,http://snifa.sma.gob.cl/UnidadFiscalizable/Ficha/18483                         ,2026-09-12,219.0
2696,D-196-2021,Denuncia,Terminado - Sanción,2021-09-30,2022-06-23,No,50.0,https://snifa.sma.gob.cl/Sancionatorio/Ficha/2696                          ,1381,TECK CARMEN DE ANDACOLLO,Región de Coquimbo,Andacollo,-30.2462,-71.0965,Minería,Minera metálica,http://snifa.sma.gob.cl/UnidadFiscalizable/Ficha/1381                          ,2026-09-12,266.0
2697,D-201-2021,Denuncia,Terminado - Sanción,2021-09-22,2022-02-23,No,1.3,https://snifa.sma.gob.cl/Sancionatorio/Ficha/2697                          ,18662,EL PACTO RESTOBAR - ÑUÑOA,Región Metropolitana,Ñuñoa,-33.454971,-70.596035,Equipamiento,Discoteca / pub,http://snifa.sma.gob.cl/UnidadFiscalizable/Ficha/18662                         ,2026-09-12,154.0
2698,D-198-2021,Denuncia,Terminado - Sanción,2021-09-21,2022-04-18,No,1.8,https://snifa.sma.gob.cl/Sancionatorio/Ficha/2698                          ,16578,GASTRONOMÍA CHINA ORIENTAL,Región Metropolitana,Providencia,-33.432647,-70.61766879999999,Equipamiento,Restorán / Servicio de comidas,http://snifa.sma.gob.cl/UnidadFiscalizable/Ficha/16578                         ,2026-09-12,209.0
2700,D-200-2021,Denuncia,Terminado - Sanción,2021-09-21,2023-10-19,No,2.8,https://snifa.sma.gob.cl/Sancionatorio/Ficha/2700                          ,11570,DISCOTHEQUE EX_BOULEVARD,Región del Maule,Talca,-35.406972,-71.642885,Equipamiento,Discoteca / pub,http://snifa.sma.gob.cl/UnidadFiscalizable/Ficha/11570                         ,2026-09-12,758.0
2704,D-217-2021,Denuncia,Terminado - Sanción,2021-09-27,2022-09-27,No,2.6,https://snifa.sma.gob.cl/Sancionatorio/Ficha/2704                          ,17282,PUB MOJITO ARICA,Región de Arica y Parinacota,Arica,-18.4745998,-70.2979202,Equipamiento,Discoteca / pub,http://snifa.sma.gob.cl/UnidadFiscalizable/Ficha/17282                         ,2026-09-12,365.0
2711,D-218-2021,Denuncia,Terminado - Sanción,2021-09-28,2024-11-26,No,1.2,https://snifa.sma.gob.cl/Sancionatorio/Ficha/2711                          ,16872,NORTERRA SOCIEDAD ANONIMA,Región de Antofagasta,Antofagasta,-23.614258,-70.276079,Otras categorías,Servicios,http://snifa.sma.gob.cl/UnidadFiscalizable/Ficha/16872                         ,2026-09-12,1155.0
2722,D-222-2021,Denuncia,Terminado - Sanción,2021-09-28,2022-06-17,No,11.0,https://snifa.sma.gob.cl/Sancionatorio/Ficha/2722                          ,6823,EXTRACCION DE ARIDOS EN SECTOR PUENTE INGENIERO MARAMBIO - MELIPILLA,Región Metropolitana,Melipilla,-33.711347,-71.203347,Minería,Áridos,http://snifa.sma.gob.cl/UnidadFiscalizable/Ficha/6823                          ,2026-09-12,262.0
2723,D-223-2021,Denuncia,Terminado - Sanción,2021-09-28,2024-07-29,No,23.0,https://snifa.sma.gob.cl/Sancionatorio/Ficha/2723                          ,18837,MEGASALUD SPA,Región Metropolitana,Providencia,-33.422745,-70.621434,Equipamiento,Centro de salud humana,http://snifa.sma.gob.cl/UnidadFiscalizable/Ficha/18837                         ,2026-09-12,1035.0
2725,D-225-2021,Denuncia,Terminado - Sanción,2021-10-04,2022-06-14,No,3.3,https://snifa.sma.gob.cl/Sancionatorio/Ficha/2725                          ,15955,RESTAURANTE OASIS,Región Metropolitana,Santiago,-33.4385039,-70.64887199999998,Equipamiento,Restorán / Servicio de comidas,http://snifa.sma.gob.cl/UnidadFiscalizable/Ficha/15955                         ,2026-09-12,253.0
2727,D-228-2021,Denuncia,Terminado - Sanción,2021-10-07,2025-04-07,No,32.0,https://snifa.sma.gob.cl/Sancionatorio/Ficha/2727                          ,18676,VERTEDERO EL TOTORAL,Región de Valparaíso,El Quisco,-33.432173,-71.644217,Saneamiento Ambiental,Vertedero,http://snifa.sma.gob.cl/UnidadFiscalizable/Ficha/18676                         ,2026-09-12,1278.0
2734,D-231-2021,Denuncia,Terminado - Sanción,2021-10-27,2024-01-15,No,9.9,https://snifa.sma.gob.cl/Sancionatorio/Ficha/2734                          ,10142,WATT´S OSORNO,Región de los Lagos,Osorno,-40.5896,-73.0944,Agroindustrias,Elaboración de productos lácteos,http://snifa.sma.gob.cl/UnidadFiscalizable/Ficha/10142                         ,2026-09-12,810.0
2737,D-236-2021,Denuncia,Terminado - Sanción,2021-11-02,2022-06-24,No,39.0,https://snifa.sma.gob.cl/Sancionatorio/Ficha/2737                          ,16896,TOTTUS VIVACETA,Región Metropolitana,Independencia,-33.41901270531046,-70.66436290740967,Equipamiento,Centro comercial,http://snifa.sma.gob.cl/UnidadFiscalizable/Ficha/16896                         ,2026-09-12,234.0
2740,D-234-2021,Denuncia,Terminado - Sanción,2021-11-05,2022-07-21,No,1.2,https://snifa.sma.gob.cl/Sancionatorio/Ficha/2740                          ,15923,JUNTA DE VECINOS POBLACIÓN TORREBLANCA,Región de Atacama,Copiapó,-27.3765518,-70.3148175,Equipamiento,Centro deportivo / gimnasio,http://snifa.sma.gob.cl/UnidadFiscalizable/Ficha/15923                         ,2026-09-12,258.0
2743,D-240-2021,Denuncia,Terminado - Sanción,2021-11-11,2023-03-01,No,1.4,https://snifa.sma.gob.cl/Sancionatorio/Ficha/2743                          ,16095,PARRIPOLLO,Región Metropolitana,Ñuñoa,-33.4558368,-70.5976048,Equipamiento,Restorán / Servicio de comidas,http://snifa.sma.gob.cl/UnidadFiscalizable/Ficha/16095                         ,2026-09-12,475.0
2745,D-237-2021,Denuncia,Terminado - Sanción,2021-10-25,2022-07-13,No,1.1,https://snifa.sma.gob.cl/Sancionatorio/Ficha/2745                          ,15966,RESTAURANT LA PIZZERIA,Región de la Araucanía,Temuco,-38.73846207373437,-72.59056850524928,Equipamiento,Restorán / Servicio de comidas,http://snifa.sma.gob.cl/UnidadFiscalizable/Ficha/15966                         ,2026-09-12,261.0
2747,D-243-2021,Denuncia,Terminado - Sanción,2021-11-18,2022-10-05,No,1.0,https://snifa.sma.gob.cl/Sancionatorio/Ficha/2747                          ,18745,PUB TERRAZA CATEDRAL,Región de Antofagasta,Antofagasta,-23.67925073654001,-70.4130752394837,Equipamiento,Discoteca / pub,http://snifa.sma.gob.cl/UnidadFiscalizable/Ficha/18745                         ,2026-09-12,321.0
2752,F-092-2021,Fiscalización,Terminado - Sanción,2021-12-31,2022-09-28,No,1.2,https://snifa.sma.gob.cl/Sancionatorio/Ficha/2752                          ,18388,RESTAURANTE EL PUNTO,Región de Los Ríos,Valdivia,-39.82260971884615,-73.23850636207874,Equipamiento,Restorán / Servicio de comidas,http://snifa.sma.gob.cl/UnidadFiscalizable/Ficha/18388                         ,2026-09-12,271.0
2754,F-088-2021,Fiscalización,Terminado - Sanción,2021-12-31,2023-07-26,No,1.8,https://snifa.sma.gob.cl/Sancionatorio/Ficha/2754                          ,17452,MADERAS LOS MORROS,Región de los Lagos,Osorno,-40.5856988,-73.167142,Equipamiento,Centro de comercialización de leña,http://snifa.sma.gob.cl/UnidadFiscalizable/Ficha/17452                         ,2026-09-12,572.0
2760,D-255-2021,Denuncia,Terminado - Sanción,2021-11-30,2024-03-08,No,33.0,https://snifa.sma.gob.cl/Sancionatorio/Ficha/2760                          ,16239,GIMNASIO SPORTLIFE MAIPÚ,Región Metropolitana,Maipú,-33.4806977,-70.74662790000002,Equipamiento,Centro deportivo / gimnasio,http://snifa.sma.gob.cl/UnidadFiscalizable/Ficha/16239                         ,2026-09-12,829.0
2764,D-251-2021,Denuncia,Terminado - Sanción,2021-11-24,2023-07-03,No,2.5,https://snifa.sma.gob.cl/Sancionatorio/Ficha/2764                          ,17233,PANIFICADORA YONATHAN GUZMÁN,Región Metropolitana,Quilicura,-33.362006,-70.741844,Equipamiento,Panadería,http://snifa.sma.gob.cl/UnidadFiscalizable/Ficha/17233                         ,2026-09-12,586.0
2769,D-261-2021,Denuncia,Terminado - Sanción,2021-12-13,2022-10-03,No,5.2,https://snifa.sma.gob.cl/Sancionatorio/Ficha/2769                          ,16078,MANGOS LTDA,Región del Maule,Talca,-35.4388751,-71.6094918,Equipamiento,Discoteca / pub,http://snifa.sma.gob.cl/UnidadFiscalizable/Ficha/16078                         ,2026-09-12,294.0
2770,D-262-2021,Denuncia,Terminado - Sanción,2021-12-09,2022-08-31,No,1.0,https://snifa.sma.gob.cl/Sancionatorio/Ficha/2770                          ,16127,IGLESIA BIBLICA BAUTISTA JESUS ES LA ROCA,Región Metropolitana,Macul,-33.4849324,-70.59689309999999,Equipamiento,Centro de culto religioso / espiritual,http://snifa.sma.gob.cl/UnidadFiscalizable/Ficha/16127                         ,2026-09-12,265.0
2775,D-265-2021,Denuncia,Terminado - Sanción,2021-12-22,2023-07-28,No,4.2,https://snifa.sma.gob.cl/Sancionatorio/Ficha/2775                          ,14515,PUB VALHALLA,Región de Tarapacá,Iquique,-20.2456926,-70.13988159999997,Equipamiento,Discoteca / pub,http://snifa.sma.gob.cl/UnidadFiscalizable/Ficha/14515                         ,2026-09-12,583.0
2776,D-268-2021,Denuncia,Terminado - Sanción,2021-12-27,2022-09-22,No,1.8,https://snifa.sma.gob.cl/Sancionatorio/Ficha/2776                          ,16257,ZONA ZERO PUB LOUNGE,Región de Tarapacá,Iquique,-20.2466759,-70.13895869999999,Equipamiento,Discoteca / pub,http://snifa.sma.gob.cl/UnidadFiscalizable/Ficha/16257                         ,2026-09-12,269.0
2778,D-002-2022,Denuncia,Terminado - Sanción,2022-01-03,2022-09-05,No,2.8,https://snifa.sma.gob.cl/Sancionatorio/Ficha/2778                          ,18203,LAVADO DE AUTOS LUIS RODRIGO GONZÁLEZ,Región Metropolitana,Maipú,-33.52111224603749,-70.76950346292166,Equipamiento,Otros equipamientos,http://snifa.sma.gob.cl/UnidadFiscalizable/Ficha/18203                         ,2026-09-12,245.0
2779,D-001-2022,Denuncia,Terminado - Sanción,2022-01-03,2024-11-26,No,3.7,https://snifa.sma.gob.cl/Sancionatorio/Ficha/2779                          ,17097,PUB HILDA,Región de Coquimbo,Los Vilos,-31.904982,-71.499643,Equipamiento,Discoteca / pub,http://snifa.sma.gob.cl/UnidadFiscalizable/Ficha/17097                         ,2026-09-12,1058.0
2780,F-001-2022,Fiscalización,Terminado - Sanción,2022-01-03,2026-07-30,No,2.2,https://snifa.sma.gob.cl/Sancionatorio/Ficha/2780                          ,17116,BARÚ LOUNGE BAR,Región de Antofagasta,Antofagasta,-23.679226,-70.413151,Equipamiento,Discoteca / pub,http://snifa.sma.gob.cl/UnidadFiscalizable/Ficha/17116                         ,2026-09-12,1669.0
2782,D-006-2022,Denuncia,Terminado - Sanción,2022-01-11,2026-01-09,No,297.7,https://snifa.sma.gob.cl/Sancionatorio/Ficha/2782                          ,15383,"PARQUE COUSIÑO MACUL, LOTEO S1 Y S2, PEÑALOLÉN",Región Metropolitana,Peñalolén,-33.4590774,-70.6990045,Vivienda e Inmobiliarios,Proyecto Inmobiliario,http://snifa.sma.gob.cl/UnidadFiscalizable/Ficha/15383                         ,2026-09-12,1459.0
2784,D-009-2022,Denuncia,Terminado - Sanción,2022-01-12,2023-09-07,No,22.0,https://snifa.sma.gob.cl/Sancionatorio/Ficha/2784                          ,17274,ÁRIDOS VICAT,Región de Los Ríos,Río Bueno,-40.3387387,-72.953091,Minería,Minera no metálica,http://snifa.sma.gob.cl/UnidadFiscalizable/Ficha/17274                         ,2026-09-12,603.0
2786,D-016-2022,Denuncia,Terminado - Sanción,2022-01-13,2022-09-26,No,1.3,https://snifa.sma.gob.cl/Sancionatorio/Ficha/2786                          ,16266,FÁBRICA DE VIBRADOS GORBEA,Región de la Araucanía,Gorbea,-39.08835687856858,-72.69611178718566,Instalación fabril,Otras,http://snifa.sma.gob.cl/UnidadFiscalizable/Ficha/16266                         ,2026-09-12,256.0
2789,D-018-2022,Denuncia,Terminado - Sanción,2022-01-14,2024-11-21,No,16.0,https://snifa.sma.gob.cl/Sancionatorio/Ficha/2789                          ,18962,CLUB GABYS,Región de Atacama,Vallenar,-28.57680849518957,-70.7566738882399,Equipamiento,Discoteca / pub,http://snifa.sma.gob.cl/UnidadFiscalizable/Ficha/18962                         ,2026-09-12,1042.0
2795,D-004-2022,Denuncia,Terminado - Sanción,2022-01-20,2024-10-17,No,1.3,https://snifa.sma.gob.cl/Sancionatorio/Ficha/2795                          ,18998,PUB MEDITERRÁNEO,Región de Atacama,Copiapó,-27.36431618293102,-70.33641121524681,Equipamiento,Discoteca / pub,http://snifa.sma.gob.cl/UnidadFiscalizable/Ficha/18998                         ,2026-09-12,1001.0
2796,F-005-2022,Fiscalización,Terminado - Sanción,2022-01-21,2024-09-11,No,1.2,https://snifa.sma.gob.cl/Sancionatorio/Ficha/2796                          ,17820,ALMACÉN SIMPSON,Región de Aysén del General Carlos Ibáñez del Campo,Coyhaique,-45.578695,-72.064688,Equipamiento,Otros equipamientos,http://snifa.sma.gob.cl/UnidadFiscalizable/Ficha/17820                         ,2026-09-12,964.0
2799,F-008-2022,Fiscalización,Terminado - Sanción,2022-01-21,2025-07-03,No,1.9,https://snifa.sma.gob.cl/Sancionatorio/Ficha/2799                          ,15614,FRUTERIA EL MACUTITO,Región de Aysén del General Carlos Ibáñez del Campo,Coyhaique,-45.5720654,-72.06260900000001,Equipamiento,Centro comercial,http://snifa.sma.gob.cl/UnidadFiscalizable/Ficha/15614                         ,2026-09-12,1259.0
2803,D-013-2022,Denuncia,Terminado - Sanción,2022-01-24,2024-12-23,No,1.7,https://snifa.sma.gob.cl/Sancionatorio/Ficha/2803                          ,16744,RESTAURANT EL TEMPLO DEL INKA,Región Metropolitana,Providencia,-33.4383435,-70.63022180000002,Equipamiento,Restorán / Servicio de comidas,http://snifa.sma.gob.cl/UnidadFiscalizable/Ficha/16744                         ,2026-09-12,1064.0
2804,D-011-2022,Denuncia,Terminado - Sanción,2022-01-20,2022-12-29,No,1.4,https://snifa.sma.gob.cl/Sancionatorio/Ficha/2804                          ,16129,PUB BARADERO,Región de los Lagos,Puerto Montt,-41.4719256,-72.95141189999998,Equipamiento,Discoteca / pub,http://snifa.sma.gob.cl/UnidadFiscalizable/Ficha/16129                         ,2026-09-12,343.0
2805,D-022-2022,Denuncia,Terminado - Sanción,2022-01-24,2022-11-08,No,1.0,https://snifa.sma.gob.cl/Sancionatorio/Ficha/2805                          ,18957,PUB GARITA 21,Región de Antofagasta,Antofagasta,-23.65028609053028,-70.39788641717391,Equipamiento,Discoteca / pub,http://snifa.sma.gob.cl/UnidadFiscalizable/Ficha/18957                         ,2026-09-12,288.0
2806,F-011-2022,Fiscalización,Terminado - Sanción,2022-01-21,2022-10-20,No,1.2,https://snifa.sma.gob.cl/Sancionatorio/Ficha/2806                          ,17825,LEÑERIA MARCELO MATUS,Región de Aysén del General Carlos Ibáñez del Campo,Coyhaique,-45.580716,-72.047432,Equipamiento,Centro de comercialización de leña,http://snifa.sma.gob.cl/UnidadFiscalizable/Ficha/17825                         ,2026-09-12,272.0
2807,F-012-2022,Fiscalización,Terminado - Sanción,2022-01-21,2023-02-21,No,1.3,https://snifa.sma.gob.cl/Sancionatorio/Ficha/2807                          ,17824,LEÑERIA VICTOR MARDONES,Región de Aysén del General Carlos Ibáñez del Campo,Coyhaique,-45.581448,-72.026341,Equipamiento,Centro de comercialización de leña,http://snifa.sma.gob.cl/UnidadFiscalizable/Ficha/17824                         ,2026-09-12,396.0
2808,D-024-2022,Denuncia,Terminado - Sanción,2022-02-01,2022-09-05,No,1.2,https://snifa.sma.gob.cl/Sancionatorio/Ficha/2808                          ,17007,IGLESIA EVANGÉLICA PENTECOSTAL DE LA COMUNIÓN DE LOS SANTOS,Región de los Lagos,Puerto Montt,-41.465303,-72.960975,Equipamiento,Centro de culto religioso / espiritual,http://snifa.sma.gob.cl/UnidadFiscalizable/Ficha/17007                         ,2026-09-12,216.0
2817,D-028-2022,Denuncia,Terminado - Sanción,2022-02-08,2022-10-24,No,1.3,https://snifa.sma.gob.cl/Sancionatorio/Ficha/2817                          ,18872,PUB LA TERRAZA,Región de Atacama,Copiapó,-27.36281772608217,-70.33835210213925,Equipamiento,Discoteca / pub,http://snifa.sma.gob.cl/UnidadFiscalizable/Ficha/18872                         ,2026-09-12,258.0
2822,D-029-2022,Denuncia,Terminado - Sanción,2022-02-15,2026-07-10,No,1.0,https://snifa.sma.gob.cl/Sancionatorio/Ficha/2822                          ,15928,TALLER MECÁNICO AVENIDA DIEGO PORTALES,Región del Libertador General Bernardo O'Higgins,Santa Cruz,-34.6304095,-71.35205439999999,Equipamiento,Otros equipamientos,http://snifa.sma.gob.cl/UnidadFiscalizable/Ficha/15928                         ,2026-09-12,1606.0
2827,D-033-2022,Denuncia,Terminado - Sanción,2022-02-22,2025-09-08,No,2.6,https://snifa.sma.gob.cl/Sancionatorio/Ficha/2827                          ,18658,BROADWAY RESTOBAR,Región de Magallanes y la Antártica Chilena,Punta Arenas,-53.146876,-70.893419,Equipamiento,Discoteca / pub,http://snifa.sma.gob.cl/UnidadFiscalizable/Ficha/18658                         ,2026-09-12,1294.0
2829,D-037-2022,Denuncia,Terminado - Sanción,2022-02-24,2022-11-23,No,70.0,https://snifa.sma.gob.cl/Sancionatorio/Ficha/2829                          ,19119,FUKAI PIO NONO,Región Metropolitana,Providencia,-33.43388178428101,-70.63580672973272,Equipamiento,Restorán / Servicio de comidas,http://snifa.sma.gob.cl/UnidadFiscalizable/Ficha/19119                         ,2026-09-12,272.0
2830,D-036-2022,Denuncia,Terminado - Sanción,2022-02-22,2022-12-01,No,2.1,https://snifa.sma.gob.cl/Sancionatorio/Ficha/2830                          ,18704,BAR RESTAURANTE FRIDA'S,Región de Coquimbo,Coquimbo,-29.9489336,-71.2910354,Equipamiento,Discoteca / pub,http://snifa.sma.gob.cl/UnidadFiscalizable/Ficha/18704                         ,2026-09-12,282.0
2838,D-041-2022,Denuncia,Terminado - Sanción,2022-03-18,2022-11-24,No,1.5,https://snifa.sma.gob.cl/Sancionatorio/Ficha/2838                          ,17018,CLUB CONECTA,Región Metropolitana,Lo Barnechea,-33.353243,-70.521358,Equipamiento,Centro deportivo / gimnasio,http://snifa.sma.gob.cl/UnidadFiscalizable/Ficha/17018                         ,2026-09-12,251.0
2839,D-040-2022,Denuncia,Terminado - Sanción,2022-03-18,2022-11-07,No,1.2,https://snifa.sma.gob.cl/Sancionatorio/Ficha/2839                          ,18619,SOL RESTAURANT,Región Metropolitana,Providencia,-33.43609101812073,-70.59414682242188,Equipamiento,Restorán / Servicio de comidas,http://snifa.sma.gob.cl/UnidadFiscalizable/Ficha/18619                         ,2026-09-12,234.0
2843,D-051-2022,Denuncia,Terminado - Sanción,2022-03-22,2022-11-08,No,1.2,https://snifa.sma.gob.cl/Sancionatorio/Ficha/2843                          ,18787,PUB DEJA VU,Región de Atacama,Vallenar,-28.576802,-70.757053,Equipamiento,Discoteca / pub,http://snifa.sma.gob.cl/UnidadFiscalizable/Ficha/18787                         ,2026-09-12,231.0
2849,D-052-2022,Denuncia,Terminado - Sanción,2022-03-28,2024-10-21,No,18.0,https://snifa.sma.gob.cl/Sancionatorio/Ficha/2849                          ,16531,PLANTA PESQUERA CHILE SEAFOODS PUNTA ARENAS,Región de Magallanes y la Antártica Chilena,Punta Arenas,-53.164053,-70.92726670000002,Pesca y Acuicultura,Elaboración y procesado de recursos hidrobiológicos,http://snifa.sma.gob.cl/UnidadFiscalizable/Ficha/16531                         ,2026-09-12,938.0
2850,D-059-2022,Denuncia,Terminado - Sanción,2022-03-30,2023-07-28,No,55.0,https://snifa.sma.gob.cl/Sancionatorio/Ficha/2850                          ,17120,TELEPIZZA SAN RAMÓN,Región Metropolitana,San Ramón,-33.538687,-70.634579,Equipamiento,Restorán / Servicio de comidas,http://snifa.sma.gob.cl/UnidadFiscalizable/Ficha/17120                         ,2026-09-12,485.0
2853,D-060-2022,Denuncia,Terminado - Sanción,2022-04-04,2024-07-22,No,703.0,https://snifa.sma.gob.cl/Sancionatorio/Ficha/2853                          ,8776,PLANTEL SITIO DESTETE-SECTOR RUCAPEQUEN,Región de Ñuble,Chillán Viejo,-36.689898,-72.246382,Agroindustrias,Plantel de cerdos,http://snifa.sma.gob.cl/UnidadFiscalizable/Ficha/8776                          ,2026-09-12,840.0
2854,D-063-2022,Denuncia,Terminado - Sanción,2022-04-06,2023-06-13,No,9.3,https://snifa.sma.gob.cl/Sancionatorio/Ficha/2854                          ,17469,CENTRO DE DISTRIBUCIÓN AGROSUPER,Región de Coquimbo,La Serena,-29.935038,-71.260182,Agroindustrias,Planta procesadora de productos agrícolas,http://snifa.sma.gob.cl/UnidadFiscalizable/Ficha/17469                         ,2026-09-12,433.0
2855,D-045-2022,Denuncia,Terminado - Sanción,2022-03-25,2023-01-12,No,1.3,https://snifa.sma.gob.cl/Sancionatorio/Ficha/2855                          ,17128,CENTRO COMERCIAL PORTAL MAYOR,Región Metropolitana,Peñalolén,-33.475542,-70.544817,Equipamiento,Centro comercial,http://snifa.sma.gob.cl/UnidadFiscalizable/Ficha/17128                         ,2026-09-12,293.0
2856,F-020-2022,Fiscalización,Terminado - Sanción,2022-04-06,2023-01-06,No,1.1,https://snifa.sma.gob.cl/Sancionatorio/Ficha/2856                          ,17092,EDIFICIO SAN FRANCISCO - OSORNO,Región de los Lagos,Osorno,-40.573686,-73.131278,Vivienda e Inmobiliarios,Edificio Habitacional,http://snifa.sma.gob.cl/UnidadFiscalizable/Ficha/17092                         ,2026-09-12,275.0
2860,D-067-2022,Denuncia,Terminado - Sanción,2022-04-06,2023-08-01,No,59.0,https://snifa.sma.gob.cl/Sancionatorio/Ficha/2860                          ,2963,CONSTRUCCIÓN EDIFICIO ANTONIO BELLET 327,Región Metropolitana,Providencia,-33.424205,-70.619298,Vivienda e Inmobiliarios,Edificio Habitacional,http://snifa.sma.gob.cl/UnidadFiscalizable/Ficha/2963                          ,2026-09-12,482.0
2861,D-065-2022,Denuncia,Terminado - Sanción,2022-04-01,2022-12-07,No,1.4,https://snifa.sma.gob.cl/Sancionatorio/Ficha/2861                          ,16987,GIMNASIO GOLDEN GYM,Región de Atacama,Copiapó,-27.3643793,-70.33667200000002,Equipamiento,Centro deportivo / gimnasio,http://snifa.sma.gob.cl/UnidadFiscalizable/Ficha/16987                         ,2026-09-12,250.0
2863,D-068-2022,Denuncia,Terminado - Sanción,2022-04-08,2022-12-19,No,52.0,https://snifa.sma.gob.cl/Sancionatorio/Ficha/2863                          ,16910,EDIFICIO LONTUE FREIRE 1780- CONCEPCION,Región del Biobío,Concepción,-36.81974860092687,-73.03696185350418,Vivienda e Inmobiliarios,Edificio Habitacional,http://snifa.sma.gob.cl/UnidadFiscalizable/Ficha/16910                         ,2026-09-12,255.0
2865,D-071-2022,Denuncia,Terminado - Sanción,2022-04-11,2023-07-05,No,26.0,https://snifa.sma.gob.cl/Sancionatorio/Ficha/2865                          ,16743,HOTEL IBIS BUDGET MANUEL MONTT,Región Metropolitana,Providencia,-33.4307712,-70.6188842,Equipamiento,Establecimiento / Infraestructura para turismo,http://snifa.sma.gob.cl/UnidadFiscalizable/Ficha/16743                         ,2026-09-12,450.0
2870,D-073-2022,Denuncia,Terminado - Sanción,2022-04-18,2023-05-08,No,2.5,https://snifa.sma.gob.cl/Sancionatorio/Ficha/2870                          ,16745,BAR BUENA BARRA,Región Metropolitana,Providencia,-33.4201069,-70.60839379999999,Equipamiento,Restorán / Servicio de comidas,http://snifa.sma.gob.cl/UnidadFiscalizable/Ficha/16745                         ,2026-09-12,385.0
2872,D-076-2022,Denuncia,Terminado - Sanción,2022-04-19,2022-12-29,No,1.2,https://snifa.sma.gob.cl/Sancionatorio/Ficha/2872                          ,17121,IGLESIA METODISTA PENTECOSTAL ES TIEMPO DE CRECER,Región Metropolitana,La Granja,-33.538714,-70.634547,Equipamiento,Centro de culto religioso / espiritual,http://snifa.sma.gob.cl/UnidadFiscalizable/Ficha/17121                         ,2026-09-12,254.0
2874,D-080-2022,Denuncia,Terminado - Sanción,2022-04-22,2022-12-19,No,1.2,https://snifa.sma.gob.cl/Sancionatorio/Ficha/2874                          ,19371,BARROKS RESTAURANT Y PUB,Región de Atacama,Copiapó,-27.36830579907134,-70.32974580213909,Equipamiento,Discoteca / pub,http://snifa.sma.gob.cl/UnidadFiscalizable/Ficha/19371                         ,2026-09-12,241.0
2876,D-084-2022,Denuncia,Terminado - Sanción,2022-04-26,2023-01-13,No,11.2,https://snifa.sma.gob.cl/Sancionatorio/Ficha/2876                          ,17487,Congelados Ñuble Spa (EX FROZEN FRUT),Región de Ñuble,San Carlos,-36.444648,-71.857631,Equipamiento,Otros equipamientos,http://snifa.sma.gob.cl/UnidadFiscalizable/Ficha/17487                         ,2026-09-12,262.0
2878,D-085-2022,Denuncia,Terminado - Sanción,2022-05-04,2023-01-23,No,1.1,https://snifa.sma.gob.cl/Sancionatorio/Ficha/2878                          ,16574,COMPLEJO DEPORTIVO FLORIDA SOCCER,Región Metropolitana,La Florida,-33.552835,-70.57579369999996,Equipamiento,Centro deportivo / gimnasio,http://snifa.sma.gob.cl/UnidadFiscalizable/Ficha/16574                         ,2026-09-12,264.0
2879,D-086-2022,Denuncia,Terminado - Sanción,2022-04-29,2022-12-20,No,1.3,https://snifa.sma.gob.cl/Sancionatorio/Ficha/2879                          ,16730,BODEGA DE MATERIALES Y HERRAMIENTAS,Región Metropolitana,Pudahuel,-33.4486053,-70.74585150000001,Transportes y almacenajes,Centro de almacenamiento de otras materias,http://snifa.sma.gob.cl/UnidadFiscalizable/Ficha/16730                         ,2026-09-12,235.0
2880,F-022-2022,Fiscalización,Terminado - Sanción,2022-04-29,2023-01-27,No,360.8,https://snifa.sma.gob.cl/Sancionatorio/Ficha/2880                          ,2032,FRUANDEX - CODEGUA,Región del Libertador General Bernardo O'Higgins,Codegua,-34.043467,-70.714368,Agroindustrias,Planta procesadora de productos agrícolas,http://snifa.sma.gob.cl/UnidadFiscalizable/Ficha/2032                          ,2026-09-12,273.0
2885,D-090-2022,Denuncia,Terminado - Sanción,2022-05-05,2025-02-19,No,2.3,https://snifa.sma.gob.cl/Sancionatorio/Ficha/2885                          ,19368,TEMPLO RESTOBAR,Región de Coquimbo,La Serena,-29.90506907450595,-71.26391205752017,Equipamiento,Discoteca / pub,http://snifa.sma.gob.cl/UnidadFiscalizable/Ficha/19368                         ,2026-09-12,1021.0
2887,D-077-2022,Denuncia,Terminado - Sanción,2022-05-10,2023-02-08,No,1.5,https://snifa.sma.gob.cl/Sancionatorio/Ficha/2887                          ,13847,IGLESIA EVANGÉLICA RESTAURANDO ALTARES,Región Metropolitana,La Pintana,-33.5855462,-70.647625,Equipamiento,Centro de culto religioso / espiritual,http://snifa.sma.gob.cl/UnidadFiscalizable/Ficha/13847                         ,2026-09-12,274.0
2895,D-066-2022,Denuncia,Terminado - Sanción,2022-05-17,2025-02-05,No,82.0,https://snifa.sma.gob.cl/Sancionatorio/Ficha/2895                          ,17263,CONSTRUCCIÓN HOTEL PEDRO DE VALDIVIA Y EDIFICIO EUROPA,Región Metropolitana,Providencia,-33.427338,-70.610647,Equipamiento,Establecimiento / Infraestructura para turismo,http://snifa.sma.gob.cl/UnidadFiscalizable/Ficha/17263                         ,2026-09-12,995.0
2900,D-083-2022,Denuncia,Terminado - Sanción,2022-05-17,2023-03-28,No,5.8,https://snifa.sma.gob.cl/Sancionatorio/Ficha/2900                          ,18510,ASERRADERO SAN FABIÁN,Región de Ñuble,San Fabián,-36.543604,-71.558612,Forestal,Aserradero / procesadora de madera,http://snifa.sma.gob.cl/UnidadFiscalizable/Ficha/18510                         ,2026-09-12,315.0
2904,F-029-2022,Fiscalización,Terminado - Sanción,2022-05-24,2023-02-16,No,2.7,https://snifa.sma.gob.cl/Sancionatorio/Ficha/2904                          ,15728,MOTEL CARRIOT (EX “MOTEL ENTRE PUENTES”),Región de la Araucanía,Padre las Casas,-38.75601959999999,-72.59486349999997,Equipamiento,Establecimiento / Infraestructura para turismo,http://snifa.sma.gob.cl/UnidadFiscalizable/Ficha/15728                         ,2026-09-12,268.0
2906,D-099-2022,Denuncia,Terminado - Sanción,2022-05-27,2023-05-24,No,211.9,https://snifa.sma.gob.cl/Sancionatorio/Ficha/2906                          ,1344,MINERA LOS PELAMBRES,Región de Coquimbo,Illapel,-31.7426,-70.4956,Minería,Minera metálica,http://snifa.sma.gob.cl/UnidadFiscalizable/Ficha/1344                          ,2026-09-12,362.0
2908,D-101-2022,Denuncia,Terminado - Sanción,2022-05-30,2025-02-05,No,119.0,https://snifa.sma.gob.cl/Sancionatorio/Ficha/2908                          ,17029,CONSTRUCCION EDIFICIO CONCEPTO ADVANCE,Región Metropolitana,Providencia,-33.431901,-70.612922,Vivienda e Inmobiliarios,Edificio Habitacional,http://snifa.sma.gob.cl/UnidadFiscalizable/Ficha/17029                         ,2026-09-12,982.0
2915,D-111-2022,Denuncia,Terminado - Sanción,2022-06-10,2023-02-24,No,5.8,https://snifa.sma.gob.cl/Sancionatorio/Ficha/2915                          ,17234,LA FRITOMANÍA DE CASA VIEJA,Región Metropolitana,Santiago,-33.444953,-70.646287,Equipamiento,Restorán / Servicio de comidas,http://snifa.sma.gob.cl/UnidadFiscalizable/Ficha/17234                         ,2026-09-12,259.0
2918,D-114-2022,Denuncia,Terminado - Sanción,2022-06-14,2026-07-21,No,1.2,https://snifa.sma.gob.cl/Sancionatorio/Ficha/2918                          ,18173,TERMINAL MICROBUSES SOL Y MAR,Región de Valparaíso,Villa Alemana,-33.040123,-71.35744134,Infraestructura de Transporte,"Terminal de taxis, buses y/o camiones",http://snifa.sma.gob.cl/UnidadFiscalizable/Ficha/18173                         ,2026-09-12,1498.0
2919,F-032-2022,Fiscalización,Terminado - Sanción,2022-06-13,2023-01-25,No,1.2,https://snifa.sma.gob.cl/Sancionatorio/Ficha/2919                          ,18975,FOCUS SAX,Región de Antofagasta,Antofagasta,-23.697665,-70.422361,Equipamiento,Establecimiento / Infraestructura para turismo,http://snifa.sma.gob.cl/UnidadFiscalizable/Ficha/18975                         ,2026-09-12,226.0
2924,D-109-2022,Denuncia,Terminado - Sanción,2022-06-15,2023-07-26,No,11.0,https://snifa.sma.gob.cl/Sancionatorio/Ficha/2924                          ,18776,COPEC ANGAMOS,Región de Antofagasta,Antofagasta,-23.678705,-70.409958,Equipamiento,Estación de servicio,http://snifa.sma.gob.cl/UnidadFiscalizable/Ficha/18776                         ,2026-09-12,406.0
2927,D-121-2022,Denuncia,Terminado - Sanción,2022-06-17,2023-03-20,No,1.5,https://snifa.sma.gob.cl/Sancionatorio/Ficha/2927                          ,17712,RESTAURANT LA BOUGIE,Región Metropolitana,San Bernardo,-33.594561,-70.703042,Equipamiento,Restorán / Servicio de comidas,http://snifa.sma.gob.cl/UnidadFiscalizable/Ficha/17712                         ,2026-09-12,276.0
2929,D-122-2022,Denuncia,Terminado - Sanción,2022-06-20,2025-12-31,No,8.7,https://snifa.sma.gob.cl/Sancionatorio/Ficha/2929                          ,19384,LOLA CAFÉ Y RESTAURANTE,Región de Antofagasta,San Pedro de Atacama,-22.91132817291155,-68.1997097310508,Equipamiento,Restorán / Servicio de comidas,http://snifa.sma.gob.cl/UnidadFiscalizable/Ficha/19384                         ,2026-09-12,1290.0
2930,D-118-2022,Denuncia,Terminado - Sanción,2022-06-17,2023-01-24,No,1.2,https://snifa.sma.gob.cl/Sancionatorio/Ficha/2930                          ,17984,BS COFFEE CAFETERÍA,Región Metropolitana,Providencia,-33.4285714652808,-70.62153924212667,Equipamiento,Restorán / Servicio de comidas,http://snifa.sma.gob.cl/UnidadFiscalizable/Ficha/17984                         ,2026-09-12,221.0
2931,D-119-2022,Denuncia,Terminado - Sanción,2022-06-17,2023-03-20,No,2.9,https://snifa.sma.gob.cl/Sancionatorio/Ficha/2931                          ,17995,ALTERACIÓN HUELÉN 164,Región Metropolitana,Providencia,-33.4322936270183,-70.62218084250962,Vivienda e Inmobiliarios,Edificio Habitacional,http://snifa.sma.gob.cl/UnidadFiscalizable/Ficha/17995                         ,2026-09-12,276.0
2935,D-124-2022,Denuncia,Terminado - Sanción,2022-06-22,2023-06-09,No,84.0,https://snifa.sma.gob.cl/Sancionatorio/Ficha/2935                          ,17000,CONSTRUCCIÓN EDIFICIO REFUGIO LA DEHESA,Región Metropolitana,Lo Barnechea,-33.36459861112714,-70.52083253860474,Vivienda e Inmobiliarios,Edificio Habitacional,http://snifa.sma.gob.cl/UnidadFiscalizable/Ficha/17000                         ,2026-09-12,352.0
2937,D-127-2022,Denuncia,Terminado - Sanción,2022-06-28,2022-12-21,No,1.7,https://snifa.sma.gob.cl/Sancionatorio/Ficha/2937                          ,19230,IGLESIA EVANGÉLISTICA CRISTO VIENE -CORONEL,Región del Biobío,Coronel,-36.984253,-73.148839,Equipamiento,Centro de culto religioso / espiritual,http://snifa.sma.gob.cl/UnidadFiscalizable/Ficha/19230                         ,2026-09-12,176.0
2940,D-130-2022,Denuncia,Terminado - Sanción,2022-06-30,2026-05-25,No,82.0,https://snifa.sma.gob.cl/Sancionatorio/Ficha/2940                          ,17117,CONSTRUCCIÓN EDIFICIO POCURO 2135,Región Metropolitana,Providencia,-33.435545,-70.605775,Vivienda e Inmobiliarios,Edificio Habitacional,http://snifa.sma.gob.cl/UnidadFiscalizable/Ficha/17117                         ,2026-09-12,1425.0
2945,F-034-2022,Fiscalización,Terminado - Sanción,2022-07-01,2023-05-24,No,5.1,https://snifa.sma.gob.cl/Sancionatorio/Ficha/2945                          ,8772,PLANTEL ENGORDA GANADO MOLLENDO,Región del Biobío,Los Ángeles,-37.23530520149792,-72.33110676973635,Agroindustrias,Plantel de bovinos / equinos / ovinos,http://snifa.sma.gob.cl/UnidadFiscalizable/Ficha/8772                          ,2026-09-12,327.0
2946,D-133-2022,Denuncia,Terminado - Sanción,2022-07-08,2026-06-24,No,25.0,https://snifa.sma.gob.cl/Sancionatorio/Ficha/2946                          ,18131,EDIFICIO SAN THOMAS LOTE A1,Región de Antofagasta,Antofagasta,-23.69339290042889,-70.41961008430377,Vivienda e Inmobiliarios,Edificio Habitacional,http://snifa.sma.gob.cl/UnidadFiscalizable/Ficha/18131                         ,2026-09-12,1447.0
2957,D-143-2022,Denuncia,Terminado - Sanción,2022-07-21,2025-07-01,No,59.0,https://snifa.sma.gob.cl/Sancionatorio/Ficha/2957                          ,17956,CONSTRUCTORA E INVERSIONES VITAL SPA  PROYECTO DE LA BARRA,Región Metropolitana,Providencia,-33.44551307627626,-70.61233238445388,Vivienda e Inmobiliarios,Edificio Habitacional,http://snifa.sma.gob.cl/UnidadFiscalizable/Ficha/17956                         ,2026-09-12,1076.0
2958,D-137-2022,Denuncia,Terminado - Sanción,2022-07-25,2024-07-12,No,1.7,https://snifa.sma.gob.cl/Sancionatorio/Ficha/2958                          ,19559,BARRACUDA BAR,Región Metropolitana,Providencia,-33.44597243738973,-70.62428444886733,Equipamiento,Restorán / Servicio de comidas,http://snifa.sma.gob.cl/UnidadFiscalizable/Ficha/19559                         ,2026-09-12,718.0
2959,D-145-2022,Denuncia,Terminado - Sanción,2022-07-27,2023-03-31,No,2.1,https://snifa.sma.gob.cl/Sancionatorio/Ficha/2959                          ,19602,CLUB PINGUINO,Región de Coquimbo,La Serena,-29.91201618358217,-71.24637643053835,Equipamiento,Discoteca / pub,http://snifa.sma.gob.cl/UnidadFiscalizable/Ficha/19602                         ,2026-09-12,247.0
2960,D-147-2022,Denuncia,Terminado - Sanción,2022-07-28,2026-06-03,No,86.0,https://snifa.sma.gob.cl/Sancionatorio/Ficha/2960                          ,19681,HELL STREET BAR IQUIQUE,Región de Tarapacá,Iquique,-20.2204842,-70.152002,Equipamiento,Discoteca / pub,http://snifa.sma.gob.cl/UnidadFiscalizable/Ficha/19681                         ,2026-09-12,1406.0
2962,D-144-2022,Denuncia,Terminado - Sanción,2022-07-27,2023-03-28,No,1.5,https://snifa.sma.gob.cl/Sancionatorio/Ficha/2962                          ,19396,BAR VERDE SECRETO,Región del Biobío,Concepción,-36.831356,-73.052497,Equipamiento,Discoteca / pub,http://snifa.sma.gob.cl/UnidadFiscalizable/Ficha/19396                         ,2026-09-12,244.0
2968,D-153-2022,Denuncia,Terminado - Sanción,2022-08-02,2023-05-08,No,8.9,https://snifa.sma.gob.cl/Sancionatorio/Ficha/2968                          ,19579,BRASAS KING,Región de Coquimbo,La Serena,-29.89315406908198,-71.24528407286604,Equipamiento,Restorán / Servicio de comidas,http://snifa.sma.gob.cl/UnidadFiscalizable/Ficha/19579                         ,2026-09-12,279.0
2976,D-159-2022,Denuncia,Terminado - Sanción,2022-08-10,2025-03-26,No,16.0,https://snifa.sma.gob.cl/Sancionatorio/Ficha/2976                          ,17997,EDIFICIO LUIS THAYER OJEDA 530,Región Metropolitana,Providencia,-33.42327977624598,-70.60068148997752,Vivienda e Inmobiliarios,Edificio Habitacional,http://snifa.sma.gob.cl/UnidadFiscalizable/Ficha/17997                         ,2026-09-12,959.0
2983,D-167-2022,Denuncia,Terminado - Sanción,2022-08-23,2025-04-21,No,2.5,https://snifa.sma.gob.cl/Sancionatorio/Ficha/2983                          ,19285,COMERCIO LEÑAS CONTRERAS,Región de Los Ríos,La Unión,-40.261132,-73.05478600000001,Equipamiento,Centro de comercialización de leña,http://snifa.sma.gob.cl/UnidadFiscalizable/Ficha/19285                         ,2026-09-12,972.0
2985,D-165-2022,Denuncia,Terminado - Sanción,2022-08-18,2023-03-08,No,37.0,https://snifa.sma.gob.cl/Sancionatorio/Ficha/2985                          ,18014,ADEXUS S.A,Región Metropolitana,Santiago,-33.43832415450861,-70.64544340409913,Equipamiento,Otros equipamientos,http://snifa.sma.gob.cl/UnidadFiscalizable/Ficha/18014                         ,2026-09-12,202.0
2989,D-171-2022,Denuncia,Terminado - Sanción,2022-08-23,2023-06-16,No,1.0,https://snifa.sma.gob.cl/Sancionatorio/Ficha/2989                          ,18989,COUNTRY CLUB CONCEPCIÓN,Región del Biobío,Concepción,-36.853303,-73.046068,Equipamiento,Restorán / Servicio de comidas,http://snifa.sma.gob.cl/UnidadFiscalizable/Ficha/18989                         ,2026-09-12,297.0
2990,F-043-2022,Fiscalización,Terminado - Sanción,2022-08-24,2025-02-11,No,26.0,https://snifa.sma.gob.cl/Sancionatorio/Ficha/2990                          ,16803,HOTEL VERONA,Región de Ñuble,Chillán Viejo,-36.56922116989933,-72.09737637742614,Equipamiento,Establecimiento / Infraestructura para turismo,http://snifa.sma.gob.cl/UnidadFiscalizable/Ficha/16803                         ,2026-09-12,902.0
2991,D-170-2022,Denuncia,Terminado - Sanción,2022-08-23,2023-02-15,No,21.0,https://snifa.sma.gob.cl/Sancionatorio/Ficha/2991                          ,18109,STARKEN - CHILLÁN,Región de Ñuble,Chillán,-36.59720446636541,-72.10539044812103,Equipamiento,Otros equipamientos,http://snifa.sma.gob.cl/UnidadFiscalizable/Ficha/18109                         ,2026-09-12,176.0
2992,D-174-2022,Denuncia,Terminado - Sanción,2022-08-23,2023-05-08,No,6.6,https://snifa.sma.gob.cl/Sancionatorio/Ficha/2992                          ,18172,TERMINAL MICROBUSES FENUR - LINEA 103,Región de Valparaíso,Villa Alemana,-33.0649826,-71.3621261,Infraestructura de Transporte,"Terminal de taxis, buses y/o camiones",http://snifa.sma.gob.cl/UnidadFiscalizable/Ficha/18172                         ,2026-09-12,258.0
2996,D-175-2022,Denuncia,Terminado - Sanción,2022-08-23,2025-05-20,No,23.0,https://snifa.sma.gob.cl/Sancionatorio/Ficha/2996                          ,19379,IDÍLICO-SCHOPERÍA 4 1/2,Región de Valparaíso,Viña del Mar,-32.97031697403862,-71.54308000163246,Equipamiento,Restorán / Servicio de comidas,http://snifa.sma.gob.cl/UnidadFiscalizable/Ficha/19379                         ,2026-09-12,1001.0
2997,D-177-2022,Denuncia,Terminado - Sanción,2022-08-29,2023-06-12,No,1.2,https://snifa.sma.gob.cl/Sancionatorio/Ficha/2997                          ,18950,PUB SAMOA,Región de Antofagasta,Antofagasta,-23.6266,-70.39013,Equipamiento,Discoteca / pub,http://snifa.sma.gob.cl/UnidadFiscalizable/Ficha/18950                         ,2026-09-12,287.0
2998,F-044-2022,Fiscalización,Terminado - Sanción,2022-08-24,2025-05-26,No,13.7,https://snifa.sma.gob.cl/Sancionatorio/Ficha/2998                          ,19721,EASY CHILLÁN,Región de Ñuble,Chillán,-36.593021,-72.104631,Equipamiento,Centro comercial,http://snifa.sma.gob.cl/UnidadFiscalizable/Ficha/19721                         ,2026-09-12,1006.0
3001,D-181-2022,Denuncia,Terminado - Sanción,2022-08-29,2023-07-27,No,57.0,https://snifa.sma.gob.cl/Sancionatorio/Ficha/3001                          ,18127,CONSTRUCCIÓN EDIFICIO ALDERETE COOK,Región Metropolitana,Las Condes,-33.39623846590955,-70.56187343933975,Vivienda e Inmobiliarios,Edificio Habitacional,http://snifa.sma.gob.cl/UnidadFiscalizable/Ficha/18127                         ,2026-09-12,332.0
3003,D-182-2022,Denuncia,Terminado - Sanción,2022-08-30,2023-05-04,No,1.1,https://snifa.sma.gob.cl/Sancionatorio/Ficha/3003                          ,18168,TALLER MUEBLERÍA FUNDO EL CARMEN,Región de la Araucanía,Temuco,-38.71389521251586,-72.6613589901171,Instalación fabril,Otras,http://snifa.sma.gob.cl/UnidadFiscalizable/Ficha/18168                         ,2026-09-12,247.0
3004,D-183-2022,Denuncia,Terminado - Sanción,2022-08-31,2025-12-31,No,145.0,https://snifa.sma.gob.cl/Sancionatorio/Ficha/3004                          ,9412,RILES AL SUELO MEDIANTE MICRO ASPERSORES - COMERCIAL TORO Y NEGRONI,Región del Maule,Curicó,-35.0588,-71.13,Agroindustrias,Planta procesadora de productos agrícolas,http://snifa.sma.gob.cl/UnidadFiscalizable/Ficha/9412                          ,2026-09-12,1218.0
3006,D-184-2022,Denuncia,Terminado - Sanción,2022-09-06,2023-06-08,No,10.0,https://snifa.sma.gob.cl/Sancionatorio/Ficha/3006                          ,17362,HOTEL NODO,Región Metropolitana,Providencia,-33.42253,-70.60705,Equipamiento,Establecimiento / Infraestructura para turismo,http://snifa.sma.gob.cl/UnidadFiscalizable/Ficha/17362                         ,2026-09-12,275.0
3010,D-186-2022,Denuncia,Terminado - Sanción,2022-09-08,2025-05-30,No,65.0,https://snifa.sma.gob.cl/Sancionatorio/Ficha/3010                          ,18947,EDIFICIO LYNCH- RVC,Región de Tarapacá,Iquique,-20.211199,-70.1531829,,,http://snifa.sma.gob.cl/UnidadFiscalizable/Ficha/18947                         ,2026-09-12,995.0
3011,D-196-2022,Denuncia,Terminado - Sanción,2022-08-24,2023-05-26,No,3.1,https://snifa.sma.gob.cl/Sancionatorio/Ficha/3011                          ,16700,RESTAURANTE UNIKO,Región de Antofagasta,Antofagasta,-23.6768519,-70.40846870000001,Equipamiento,Restorán / Servicio de comidas,http://snifa.sma.gob.cl/UnidadFiscalizable/Ficha/16700                         ,2026-09-12,275.0
3012,D-197-2022,Denuncia,Terminado - Sanción,2022-09-09,2025-12-26,No,1.9,https://snifa.sma.gob.cl/Sancionatorio/Ficha/3012                          ,14592,PUB LA TORRE,Región de Atacama,Copiapó,-27.3640868,-70.34061459999998,Equipamiento,Discoteca / pub,http://snifa.sma.gob.cl/UnidadFiscalizable/Ficha/14592                         ,2026-09-12,1204.0
3014,D-192-2022,Denuncia,Terminado - Sanción,2022-09-09,2023-01-13,No,5.4,https://snifa.sma.gob.cl/Sancionatorio/Ficha/3014                          ,13180,PLANTA RYMAK,Región Metropolitana,Pudahuel,-33.433276,-70.778717,Saneamiento Ambiental,Planta de tratamiento de RILes,http://snifa.sma.gob.cl/UnidadFiscalizable/Ficha/13180                         ,2026-09-12,126.0
3017,D-194-2022,Denuncia,Terminado - Sanción,2022-09-09,2023-05-29,No,1.0,https://snifa.sma.gob.cl/Sancionatorio/Ficha/3017                          ,18935,GIMNASIO MUTANT,Región de Antofagasta,Antofagasta,-23.65641223009438,-70.39932931569662,Equipamiento,Centro deportivo / gimnasio,http://snifa.sma.gob.cl/UnidadFiscalizable/Ficha/18935                         ,2026-09-12,262.0
3020,D-187-2022,Denuncia,Terminado - Sanción,2022-09-14,2025-03-03,No,2.6,https://snifa.sma.gob.cl/Sancionatorio/Ficha/3020                          ,15899,PUB EX-SALA7,Región del Biobío,Concepción,-36.814018,-73.04904579999999,Equipamiento,Discoteca / pub,http://snifa.sma.gob.cl/UnidadFiscalizable/Ficha/15899                         ,2026-09-12,901.0
3021,D-188-2022,Denuncia,Terminado - Sanción,2022-09-12,2023-07-31,No,1.4,https://snifa.sma.gob.cl/Sancionatorio/Ficha/3021                          ,19004,HERRADURA EXPERIENCE,Región de Coquimbo,La Serena,-29.91462328307619,-71.26452920208996,Equipamiento,Centro deportivo / gimnasio,http://snifa.sma.gob.cl/UnidadFiscalizable/Ficha/19004                         ,2026-09-12,322.0
3023,D-200-2022,Denuncia,Terminado - Sanción,2022-08-23,2025-03-03,No,6.7,https://snifa.sma.gob.cl/Sancionatorio/Ficha/3023                          ,19377,SCHOPERÍA 4 1/2,Región de Valparaíso,Viña del Mar,-33.02203337799826,-71.55408464682871,Equipamiento,Restorán / Servicio de comidas,http://snifa.sma.gob.cl/UnidadFiscalizable/Ficha/19377                         ,2026-09-12,923.0
3025,D-201-2022,Denuncia,Terminado - Sanción,2022-09-20,2024-07-12,No,5.2,https://snifa.sma.gob.cl/Sancionatorio/Ficha/3025                          ,11547,SUNSET DISCOTEQUE,Región de Arica y Parinacota,Arica,-18.497424,-70.263365,Equipamiento,Discoteca / pub,http://snifa.sma.gob.cl/UnidadFiscalizable/Ficha/11547                         ,2026-09-12,661.0
3028,F-046-2022,Fiscalización,Terminado - Sanción,2022-09-27,2026-07-01,No,1.0,https://snifa.sma.gob.cl/Sancionatorio/Ficha/3028                          ,18639,LEÑERÍA SANDRA OJEDA,Región de los Lagos,Osorno,-40.564235,-73.231305,Equipamiento,Centro de comercialización de leña,http://snifa.sma.gob.cl/UnidadFiscalizable/Ficha/18639                         ,2026-09-12,1373.0
3032,D-208-2022,Denuncia,Terminado - Sanción,2022-09-28,2023-06-27,No,1.2,https://snifa.sma.gob.cl/Sancionatorio/Ficha/3032                          ,17887,COMUNIDAD COMPLEJO URBANÍSTICO PLAZA LYON,Región Metropolitana,Providencia,-33.423045,-70.608356,Equipamiento,Centro comercial,http://snifa.sma.gob.cl/UnidadFiscalizable/Ficha/17887                         ,2026-09-12,272.0
3035,D-207-2022,Denuncia,Terminado - Sanción,2022-09-30,,No,4162.4,https://snifa.sma.gob.cl/Sancionatorio/Ficha/3035                          ,10296,CANDELARIA-OJOS DEL SALADO,Región de Atacama,Tierra Amarilla,-27.475629,-70.2681214,Minería,Minera metálica,http://snifa.sma.gob.cl/UnidadFiscalizable/Ficha/10296                         ,2026-09-12,
3037,D-205-2022,Denuncia,Terminado - Sanción,2022-09-26,2025-02-03,No,61.0,https://snifa.sma.gob.cl/Sancionatorio/Ficha/3037                          ,18664,CONSTRUCCIÓN SANTA ISABEL 330 - INGEVEC,Región Metropolitana,Santiago,-33.44856954162476,-70.63617648997025,Vivienda e Inmobiliarios,Edificio Habitacional,http://snifa.sma.gob.cl/UnidadFiscalizable/Ficha/18664                         ,2026-09-12,861.0
3045,D-216-2022,Denuncia,Terminado - Sanción,2022-10-07,2026-05-19,No,120.0,https://snifa.sma.gob.cl/Sancionatorio/Ficha/3045                          ,18149,PROYECTO HABITACIONAL GUACAMAYO 2,Región de Los Ríos,Valdivia,-39.858049,-73.243764,Vivienda e Inmobiliarios,Conjunto habitacional,http://snifa.sma.gob.cl/UnidadFiscalizable/Ficha/18149                         ,2026-09-12,1320.0
3047,D-218-2022,Denuncia,Terminado - Sanción,2022-09-13,2026-07-30,No,1.2,https://snifa.sma.gob.cl/Sancionatorio/Ficha/3047                          ,16207,TALLER LUBRICENTRO LYNCH,Región de la Araucanía,Collipulli,-37.95358212768711,-72.43914608761901,Instalación fabril,Otras,http://snifa.sma.gob.cl/UnidadFiscalizable/Ficha/16207                         ,2026-09-12,1416.0
3049,D-221-2022,Denuncia,Terminado - Sanción,2022-10-13,2025-02-05,No,82.0,https://snifa.sma.gob.cl/Sancionatorio/Ficha/3049                          ,18430,EDIFICIO ROTTERDAM-IQUIQUE,Región de Tarapacá,Iquique,-20.257647,-70.131803,Vivienda e Inmobiliarios,Conjunto habitacional,http://snifa.sma.gob.cl/UnidadFiscalizable/Ficha/18430                         ,2026-09-12,846.0
3057,D-228-2022,Denuncia,Terminado - Sanción,2022-10-24,2023-10-17,No,26.0,https://snifa.sma.gob.cl/Sancionatorio/Ficha/3057                          ,18163,PROYECTO EDIFICIO HUASCAR 1300,Región Metropolitana,Providencia,-33.44748549546434,-70.61843980806677,Vivienda e Inmobiliarios,Edificio Habitacional,http://snifa.sma.gob.cl/UnidadFiscalizable/Ficha/18163                         ,2026-09-12,358.0
3058,D-231-2022,Denuncia,Terminado - Sanción,2022-10-25,2023-06-29,No,1.0,https://snifa.sma.gob.cl/Sancionatorio/Ficha/3058                          ,11618,BAR BARBUDOS,Región de la Araucanía,Temuco,-38.742253,-72.599964,Equipamiento,Discoteca / pub,http://snifa.sma.gob.cl/UnidadFiscalizable/Ficha/11618                         ,2026-09-12,247.0
3060,D-227-2022,Denuncia,Terminado - Sanción,2022-10-24,2023-07-26,No,1.3,https://snifa.sma.gob.cl/Sancionatorio/Ficha/3060                          ,17861,EDIFICIO ENTRE PARQUES PROVIDENCIA,Región Metropolitana,Providencia,-33.428517,-70.58962,Vivienda e Inmobiliarios,Edificio Habitacional,http://snifa.sma.gob.cl/UnidadFiscalizable/Ficha/17861                         ,2026-09-12,275.0
3062,D-234-2022,Denuncia,Terminado - Sanción,2022-10-26,2025-02-20,No,64.0,https://snifa.sma.gob.cl/Sancionatorio/Ficha/3062                          ,17632,HORMIGONES FULL MIXER,Región del Maule,Cauquenes,-35.973639,-72.202758,Instalación fabril,Planta cementera,http://snifa.sma.gob.cl/UnidadFiscalizable/Ficha/17632                         ,2026-09-12,848.0
3064,D-236-2022,Denuncia,Terminado - Sanción,2022-10-27,2023-08-07,No,1.2,https://snifa.sma.gob.cl/Sancionatorio/Ficha/3064                          ,19227,PUB BLESS HOUSE,Región del Biobío,Coronel,-36.982693,-73.159911,Equipamiento,Discoteca / pub,http://snifa.sma.gob.cl/UnidadFiscalizable/Ficha/19227                         ,2026-09-12,284.0
3069,D-238-2022,Denuncia,Terminado - Sanción,2022-10-28,2023-09-26,No,8.1,https://snifa.sma.gob.cl/Sancionatorio/Ficha/3069                          ,8605,PLANTA DE PROCESO DE RECURSOS HIDROBIOLOGICOS,Región de los Lagos,Chonchi,-42.614089,-73.787509,Pesca y Acuicultura,Elaboración y procesado de recursos hidrobiológicos,http://snifa.sma.gob.cl/UnidadFiscalizable/Ficha/8605                          ,2026-09-12,333.0
3071,F-056-2022,Fiscalización,Terminado - Sanción,2022-10-28,2023-08-03,No,2.0,https://snifa.sma.gob.cl/Sancionatorio/Ficha/3071                          ,8711,PLANTA PROCESADORA DE OSTRAS Y CHORITOS,Región de los Lagos,Chonchi,-42.548055,-73.815278,Pesca y Acuicultura,Elaboración y procesado de recursos hidrobiológicos,http://snifa.sma.gob.cl/UnidadFiscalizable/Ficha/8711                          ,2026-09-12,279.0
3073,F-052-2022,Fiscalización,Terminado - Sanción,2022-10-28,2026-07-30,No,115.8,https://snifa.sma.gob.cl/Sancionatorio/Ficha/3073                          ,3179,ALIMENTOS DIANA NATURAL S.A. - BUIN,Región Metropolitana,Paine,-33.773839,-70.742462,Agroindustrias,Planta procesadora de productos agrícolas,http://snifa.sma.gob.cl/UnidadFiscalizable/Ficha/3179                          ,2026-09-12,1371.0
3088,F-066-2022,Fiscalización,Terminado - Sanción,2022-11-11,2023-11-28,No,7.4,https://snifa.sma.gob.cl/Sancionatorio/Ficha/3088                          ,11453,SOCIEDAD COMERCIAL RIO PANGAL LTDA. (PUERTO AYSEN),Región de Aysén del General Carlos Ibáñez del Campo,Aysén,-45.391709,-72.700745,Agroindustrias,Matadero / frigorífico,http://snifa.sma.gob.cl/UnidadFiscalizable/Ficha/11453                         ,2026-09-12,382.0
3089,F-067-2022,Fiscalización,Terminado - Sanción,2022-11-11,2023-10-02,No,1.4,https://snifa.sma.gob.cl/Sancionatorio/Ficha/3089                          ,2519,PISCICULTURA DON PACO,Región de Aysén del General Carlos Ibáñez del Campo,Coyhaique,-45.665926,-72.202267,Pesca y Acuicultura,Centro de cultivo de peces,http://snifa.sma.gob.cl/UnidadFiscalizable/Ficha/2519                          ,2026-09-12,325.0
3090,D-242-2022,Denuncia,Terminado - Sanción,2022-11-10,2025-07-23,No,1.3,https://snifa.sma.gob.cl/Sancionatorio/Ficha/3090                          ,19458,Montaje Industrial Santa Catalina,Región del Libertador General Bernardo O'Higgins,San Fernando,-34.586988979688,-70.9708773717138,Equipamiento,Otros equipamientos,http://snifa.sma.gob.cl/UnidadFiscalizable/Ficha/19458                         ,2026-09-12,986.0
3091,D-233-2022,Denuncia,Terminado - Sanción,2022-11-14,2024-09-13,No,1.8,https://snifa.sma.gob.cl/Sancionatorio/Ficha/3091                          ,17112,CENTRO DE EVENTOS MR. DUCK,Región de Antofagasta,Antofagasta,-23.6590558,-70.4016386,Equipamiento,Establecimiento / Infraestructura para turismo,http://snifa.sma.gob.cl/UnidadFiscalizable/Ficha/17112                         ,2026-09-12,669.0
3093,F-061-2022,Fiscalización,Terminado - Sanción,2022-11-15,2025-09-10,No,3.3,https://snifa.sma.gob.cl/Sancionatorio/Ficha/3093                          ,8733,PLANTA PRODUCTOS MARINOS PUERTO WILLIAMS,Región de Magallanes y la Antártica Chilena,Cabo de Hornos,-54.931492,-67.574519,Pesca y Acuicultura,Elaboración y procesado de recursos hidrobiológicos,http://snifa.sma.gob.cl/UnidadFiscalizable/Ficha/8733                          ,2026-09-12,1030.0
3103,F-080-2022,Fiscalización,Terminado - Sanción,2022-11-17,2023-08-21,No,2.2,https://snifa.sma.gob.cl/Sancionatorio/Ficha/3103                          ,8253,PISCICULTURA ASTILLEROS,Región de los Lagos,Dalcahue,-42.39762,-73.674459,Pesca y Acuicultura,Centro de cultivo de peces,http://snifa.sma.gob.cl/UnidadFiscalizable/Ficha/8253                          ,2026-09-12,277.0
3107,F-071-2022,Fiscalización,Terminado - Sanción,2022-11-18,2025-11-14,No,1.2,https://snifa.sma.gob.cl/Sancionatorio/Ficha/3107                          ,19668,HOTEL GERLACH,Región de Los Ríos,Valdivia,-39.81949133898542,-73.24929600145951,Equipamiento,Establecimiento / Infraestructura para turismo,http://snifa.sma.gob.cl/UnidadFiscalizable/Ficha/19668                         ,2026-09-12,1092.0
3108,F-072-2022,Fiscalización,Terminado - Sanción,2022-11-18,2023-08-22,No,2.9,https://snifa.sma.gob.cl/Sancionatorio/Ficha/3108                          ,19671,BAR LA CANTERA,Región de Los Ríos,Valdivia,-39.81034199634307,-73.2551039591325,Equipamiento,Discoteca / pub,http://snifa.sma.gob.cl/UnidadFiscalizable/Ficha/19671                         ,2026-09-12,277.0
3112,D-246-2022,Denuncia,Terminado - Sanción,2022-11-21,2023-08-23,No,1.4,https://snifa.sma.gob.cl/Sancionatorio/Ficha/3112                          ,17836,MAESTRANZA COFAR SPA,Región de Valparaíso,Quintero,-32.796093,-71.499272,Equipamiento,Otros equipamientos,http://snifa.sma.gob.cl/UnidadFiscalizable/Ficha/17836                         ,2026-09-12,275.0
3113,F-083-2022,Fiscalización,Terminado - Sanción,2022-11-21,2023-08-23,No,1.2,https://snifa.sma.gob.cl/Sancionatorio/Ficha/3113                          ,2525,PISCICULTURA GARO,Región de Aysén del General Carlos Ibáñez del Campo,Coyhaique,-45.7342165,-72.146853,Pesca y Acuicultura,Centro de cultivo de peces,http://snifa.sma.gob.cl/UnidadFiscalizable/Ficha/2525                          ,2026-09-12,275.0
3115,F-077-2022,Fiscalización,Terminado - Sanción,2022-11-17,2025-11-14,No,1.0,https://snifa.sma.gob.cl/Sancionatorio/Ficha/3115                          ,19670,PIZZERIA PABLITO VALLEJOS,Región de Los Ríos,Valdivia,-39.81265477309517,-73.2402167302961,Equipamiento,Restorán / Servicio de comidas,http://snifa.sma.gob.cl/UnidadFiscalizable/Ficha/19670                         ,2026-09-12,1093.0
3116,F-084-2022,Fiscalización,Terminado - Sanción,2022-11-21,2023-08-23,No,16.5,https://snifa.sma.gob.cl/Sancionatorio/Ficha/3116                          ,11351,FRUTAL LTDA.,Región del Libertador General Bernardo O'Higgins,Quinta de Tilcoco,-34.338964,-70.974831,Agroindustrias,Planta procesadora de productos agrícolas,http://snifa.sma.gob.cl/UnidadFiscalizable/Ficha/11351                         ,2026-09-12,275.0
3118,F-073-2022,Fiscalización,Terminado - Sanción,2022-11-18,2023-08-21,No,1.2,https://snifa.sma.gob.cl/Sancionatorio/Ficha/3118                          ,19715,BAR CERVEZA BUNEMANN,Región de Los Ríos,Valdivia,-33.4410555755751,-70.74616461510332,Equipamiento,Discoteca / pub,http://snifa.sma.gob.cl/UnidadFiscalizable/Ficha/19715                         ,2026-09-12,276.0
3121,F-085-2022,Fiscalización,Terminado - Sanción,2022-11-21,2023-11-23,No,6.2,https://snifa.sma.gob.cl/Sancionatorio/Ficha/3121                          ,1693,TERMINAL DE CONTENEDORES CORMORAN III,Región de Valparaíso,San Antonio,-33.575731,-71.53734,Infraestructura Portuaria,Terminal marítimo,http://snifa.sma.gob.cl/UnidadFiscalizable/Ficha/1693                          ,2026-09-12,367.0
3131,F-089-2022,Fiscalización,Terminado - Sanción,2022-12-05,2023-10-18,No,32.0,https://snifa.sma.gob.cl/Sancionatorio/Ficha/3131                          ,9667,SISTEMA DE TRATAMIENTO DE AGUAS SERVIDAS DE POSESION,Región de Magallanes y la Antártica Chilena,San Gregorio,-52.260681,-68.930158,Saneamiento Ambiental,Planta de Tratamiento de Aguas Servidas,http://snifa.sma.gob.cl/UnidadFiscalizable/Ficha/9667                          ,2026-09-12,317.0
3132,F-088-2022,Fiscalización,Terminado - Sanción,2022-12-05,2025-09-12,No,3.0,https://snifa.sma.gob.cl/Sancionatorio/Ficha/3132                          ,7514,LACTEOS TINGUIRIRICA,Región del Libertador General Bernardo O'Higgins,Chimbarongo,-34.679572,-71.005767,Agroindustrias,Elaboración de productos lácteos,http://snifa.sma.gob.cl/UnidadFiscalizable/Ficha/7514                          ,2026-09-12,1012.0
3134,D-254-2022,Denuncia,Terminado - Sanción,2022-12-06,2026-01-13,No,809.0,https://snifa.sma.gob.cl/Sancionatorio/Ficha/3134                          ,11667,MINERA CENTINELA,Región de Antofagasta,Sierra Gorda,-22.96320227,-69.07031557,Minería,Minera metálica,http://snifa.sma.gob.cl/UnidadFiscalizable/Ficha/11667                         ,2026-09-12,1134.0
3135,D-255-2022,Denuncia,Terminado - Sanción,2022-12-07,2025-12-31,No,2.5,https://snifa.sma.gob.cl/Sancionatorio/Ficha/3135                          ,20912,RESTOBAR NEW VICE,Región de Coquimbo,Coquimbo,-29.942567,-71.286745,Equipamiento,Discoteca / pub,http://snifa.sma.gob.cl/UnidadFiscalizable/Ficha/20912                         ,2026-09-12,1120.0
3137,F-090-2022,Fiscalización,Terminado - Sanción,2022-12-06,2023-09-07,No,1.0,https://snifa.sma.gob.cl/Sancionatorio/Ficha/3137                          ,11380,SCHORR Y CONCHA S.A.,Región del Maule,Talca,-35.42972352738916,-71.67597914429895,,,http://snifa.sma.gob.cl/UnidadFiscalizable/Ficha/11380                         ,2026-09-12,275.0
3139,D-261-2022,Denuncia,Terminado - Sanción,2022-12-12,2025-10-03,No,33.0,https://snifa.sma.gob.cl/Sancionatorio/Ficha/3139                          ,20500,DEMOLICIÓN EX UNIVERSIDAD GABRIELA MISTRAL – PAZ CORP.,Región Metropolitana,Providencia,-33.432148,-70.606187,Vivienda e Inmobiliarios,Proyecto Inmobiliario,http://snifa.sma.gob.cl/UnidadFiscalizable/Ficha/20500                         ,2026-09-12,1026.0
3145,D-265-2022,Denuncia,Terminado - Sanción,2022-12-14,2023-07-24,No,1.6,https://snifa.sma.gob.cl/Sancionatorio/Ficha/3145                          ,13130,LIVE BAR RESTAURANT,Región de los Lagos,Puerto Montt,-41.470812,-72.938468,Equipamiento,Discoteca / pub,http://snifa.sma.gob.cl/UnidadFiscalizable/Ficha/13130                         ,2026-09-12,222.0
3148,D-264-2022,Denuncia,Terminado - Sanción,2022-12-14,2023-09-12,No,2.0,https://snifa.sma.gob.cl/Sancionatorio/Ficha/3148                          ,20338,Restobar Columpio,Región de Los Ríos,Valdivia,-39.81525,-73.23933,Equipamiento,Discoteca / pub,http://snifa.sma.gob.cl/UnidadFiscalizable/Ficha/20338                         ,2026-09-12,272.0
3152,D-268-2022,Denuncia,Terminado - Sanción,2022-12-15,2025-09-05,No,12.0,https://snifa.sma.gob.cl/Sancionatorio/Ficha/3152                          ,19016,FRIGORÍFICO DUERO - TIL TIL,Región Metropolitana,Til til,-33.1005335600311,-70.75952709628768,Agroindustrias,Matadero / frigorífico,http://snifa.sma.gob.cl/UnidadFiscalizable/Ficha/19016                         ,2026-09-12,995.0
3154,F-099-2022,Fiscalización,Terminado - Sanción,2022-12-20,2026-07-13,No,1.3,https://snifa.sma.gob.cl/Sancionatorio/Ficha/3154                          ,11381,SERVICIOS DE FRIO SERVIFRIO LONTUE LTDA.,Región del Maule,Molina,-35.060909,-71.290523,Agroindustrias,Matadero / frigorífico,http://snifa.sma.gob.cl/UnidadFiscalizable/Ficha/11381                         ,2026-09-12,1301.0
3155,F-100-2022,Fiscalización,Terminado - Sanción,2022-12-23,2024-07-12,No,8.6,https://snifa.sma.gob.cl/Sancionatorio/Ficha/3155                          ,11365,COOPERATIVA AGRICOLA VITIVINICOLA DE CAUQUENES LTDA.,Región del Maule,Cauquenes,-35.980498,-72.317929,Agroindustrias,Vinificación / producción de alcohol,http://snifa.sma.gob.cl/UnidadFiscalizable/Ficha/11365                         ,2026-09-12,567.0
3162,F-105-2022,Fiscalización,Terminado - Sanción,2022-12-28,2023-12-04,No,1.3,https://snifa.sma.gob.cl/Sancionatorio/Ficha/3162                          ,21013,Mueblería House Coyhaique,Región de Aysén del General Carlos Ibáñez del Campo,Coyhaique,-45.572892,-72.060343,Equipamiento,Oficina comercial,http://snifa.sma.gob.cl/UnidadFiscalizable/Ficha/21013                         ,2026-09-12,341.0
3165,D-003-2023,Denuncia,Terminado - Sanción,2023-01-04,2023-08-02,No,5.3,https://snifa.sma.gob.cl/Sancionatorio/Ficha/3165                          ,7246,INMOBILIARIO EDIFICIO PROVIDENCIA 435 - PROVIDENCIA,Región Metropolitana,Providencia,-33.43502,-70.628125,Vivienda e Inmobiliarios,Edificio Habitacional,http://snifa.sma.gob.cl/UnidadFiscalizable/Ficha/7246                          ,2026-09-12,210.0
3166,D-002-2023,Denuncia,Terminado - Sanción,2023-01-09,2025-03-25,No,1.3,https://snifa.sma.gob.cl/Sancionatorio/Ficha/3166                          ,19587,PADEL ALTO SERENA,Región de Coquimbo,La Serena,-29.9425737528065,-71.2404625903334,Equipamiento,Centro deportivo / gimnasio,http://snifa.sma.gob.cl/UnidadFiscalizable/Ficha/19587                         ,2026-09-12,806.0
3168,D-001-2023,Denuncia,Terminado - Sanción,2023-01-10,2025-12-31,No,2.3,https://snifa.sma.gob.cl/Sancionatorio/Ficha/3168                          ,19606,ASERRRADERO AUSTRAL,Región de los Lagos,Puerto Montt,-41.485045,-72.839561,Forestal,Aserradero / procesadora de madera,http://snifa.sma.gob.cl/UnidadFiscalizable/Ficha/19606                         ,2026-09-12,1086.0
3169,D-005-2023,Denuncia,Terminado - Sanción,2023-02-10,2023-11-22,No,1.9,https://snifa.sma.gob.cl/Sancionatorio/Ficha/3169                          ,17158,BIMBA DISCOTEQUE,Región de Los Ríos,Valdivia,-39.8141525456945,-73.2470326858292,Equipamiento,Discoteca / pub,http://snifa.sma.gob.cl/UnidadFiscalizable/Ficha/17158                         ,2026-09-12,285.0
3175,D-017-2023,Denuncia,Terminado - Sanción,2023-01-19,2025-09-10,No,1.2,https://snifa.sma.gob.cl/Sancionatorio/Ficha/3175                          ,19290,RESTAURANT EL DIABLILLO,Región de Antofagasta,San Pedro de Atacama,-22.90963255483617,-68.19616181570855,Equipamiento,Restorán / Servicio de comidas,http://snifa.sma.gob.cl/UnidadFiscalizable/Ficha/19290                         ,2026-09-12,965.0
3185,D-021-2023,Denuncia,Terminado - Sanción,2023-01-31,2025-02-11,No,87.0,https://snifa.sma.gob.cl/Sancionatorio/Ficha/3185                          ,19448,RESTOBAR EL CARRETE,Región de Coquimbo,La Serena,-29.92774630536975,-71.27539053053806,Equipamiento,Discoteca / pub,http://snifa.sma.gob.cl/UnidadFiscalizable/Ficha/19448                         ,2026-09-12,742.0
3187,D-028-2023,Denuncia,Terminado - Sanción,2023-02-01,2024-12-30,No,2.9,https://snifa.sma.gob.cl/Sancionatorio/Ficha/3187                          ,20327,CANCHAS SOCCER ONE,Región Metropolitana,Padre Hurtado,-33.571685,-70.797689,Equipamiento,Centro deportivo / gimnasio,http://snifa.sma.gob.cl/UnidadFiscalizable/Ficha/20327                         ,2026-09-12,698.0
3197,F-011-2023,Fiscalización,Terminado - Sanción,2023-02-17,2023-11-17,No,6.1,https://snifa.sma.gob.cl/Sancionatorio/Ficha/3197                          ,15614,FRUTERIA EL MACUTITO,Región de Aysén del General Carlos Ibáñez del Campo,Coyhaique,-45.5720654,-72.06260900000001,Equipamiento,Centro comercial,http://snifa.sma.gob.cl/UnidadFiscalizable/Ficha/15614                         ,2026-09-12,273.0
3202,D-016-2023,Denuncia,Terminado - Sanción,2023-02-17,2025-12-15,No,91.0,https://snifa.sma.gob.cl/Sancionatorio/Ficha/3202                          ,3119,ALCANTARILLADO FLOR DEL LLANO,Región del Maule,San Clemente,-35.48400263827553,-71.5362084021942,Saneamiento Ambiental,Planta de Tratamiento de Aguas Servidas,http://snifa.sma.gob.cl/UnidadFiscalizable/Ficha/3119                          ,2026-09-12,1032.0
3204,D-045-2023,Denuncia,Terminado - Sanción,2023-02-20,2023-11-23,No,5.1,https://snifa.sma.gob.cl/Sancionatorio/Ficha/3204                          ,17304,EXTRACCIÓN DE ÁRIDOS Y CHANCADORA-VISTA HERMOSA,Región de Ñuble,San Ignacio,-36.533333,-72.433333,Minería,Áridos,http://snifa.sma.gob.cl/UnidadFiscalizable/Ficha/17304                         ,2026-09-12,276.0
3205,D-046-2023,Denuncia,Terminado - Sanción,2023-02-20,2024-06-17,No,18.0,https://snifa.sma.gob.cl/Sancionatorio/Ficha/3205                          ,18951,SAINT GABRIEL'S SCHOOL,Región Metropolitana,Providencia,-33.42732352943742,-70.59284736664834,Equipamiento,Establecimiento educacional,http://snifa.sma.gob.cl/UnidadFiscalizable/Ficha/18951                         ,2026-09-12,483.0
3208,D-011-2023,Denuncia,Terminado - Sanción,2023-02-22,2024-02-09,No,1.8,https://snifa.sma.gob.cl/Sancionatorio/Ficha/3208                          ,19717,COMICS BAR IQUIQUE,Región de Tarapacá,Iquique,-20.21713714326625,-70.15274714970134,Equipamiento,Discoteca / pub,http://snifa.sma.gob.cl/UnidadFiscalizable/Ficha/19717                         ,2026-09-12,352.0
3210,D-022-2023,Denuncia,Terminado - Sanción,2023-02-24,2023-11-30,No,19.0,https://snifa.sma.gob.cl/Sancionatorio/Ficha/3210                          ,18395,PROYECTO EDIFICIO KTEDRAL,Región Metropolitana,Santiago,-33.43884719254216,-70.6664722077519,Vivienda e Inmobiliarios,Edificio Habitacional,http://snifa.sma.gob.cl/UnidadFiscalizable/Ficha/18395                         ,2026-09-12,279.0
3215,D-034-2023,Denuncia,Terminado - Sanción,2023-02-28,2023-11-15,No,1.7,https://snifa.sma.gob.cl/Sancionatorio/Ficha/3215                          ,18405,CANTERA CERRO LO ÁGUILA,Región Metropolitana,Paine,-33.883113,-70.762603,Minería,Áridos,http://snifa.sma.gob.cl/UnidadFiscalizable/Ficha/18405                         ,2026-09-12,260.0
3218,D-023-2023,Denuncia,Terminado - Sanción,2023-03-08,2024-08-20,No,1.0,https://snifa.sma.gob.cl/Sancionatorio/Ficha/3218                          ,19277,SNOW PUB,Región de Ñuble,Chillán,-36.91483395581705,-71.50110448793396,Equipamiento,Discoteca / pub,http://snifa.sma.gob.cl/UnidadFiscalizable/Ficha/19277                         ,2026-09-12,531.0
3219,D-050-2023,Denuncia,Terminado - Sanción,2023-03-09,2023-12-07,No,17.0,https://snifa.sma.gob.cl/Sancionatorio/Ficha/3219                          ,18412,PROYECTO EDIFICIO ARGOMEDO 461,Región Metropolitana,Santiago,-33.45060824112468,-70.64023224948174,Vivienda e Inmobiliarios,Edificio Habitacional,http://snifa.sma.gob.cl/UnidadFiscalizable/Ficha/18412                         ,2026-09-12,273.0
3221,D-037-2023,Denuncia,Terminado - Sanción,2023-03-09,2024-03-11,No,3.3,https://snifa.sma.gob.cl/Sancionatorio/Ficha/3221                          ,19359,Koh Beach Bar (Ex Terraza República),Región de Antofagasta,Antofagasta,-23.6790040567629,-70.4129920153186,Equipamiento,Discoteca / pub,http://snifa.sma.gob.cl/UnidadFiscalizable/Ficha/19359                         ,2026-09-12,368.0
3227,D-052-2023,Denuncia,Terminado - Sanción,2023-03-14,2023-09-26,No,53.0,https://snifa.sma.gob.cl/Sancionatorio/Ficha/3227                          ,18665,EDIFICIO ÁLVAREZ DE TOLEDO 978,Región Metropolitana,San Miguel,-33.49055370420527,-70.64928851579081,Vivienda e Inmobiliarios,Edificio Habitacional,http://snifa.sma.gob.cl/UnidadFiscalizable/Ficha/18665                         ,2026-09-12,196.0
3228,D-049-2023,Denuncia,Terminado - Sanción,2023-03-14,2023-12-19,No,1.3,https://snifa.sma.gob.cl/Sancionatorio/Ficha/3228                          ,17007,IGLESIA EVANGÉLICA PENTECOSTAL DE LA COMUNIÓN DE LOS SANTOS,Región de los Lagos,Puerto Montt,-41.465303,-72.960975,Equipamiento,Centro de culto religioso / espiritual,http://snifa.sma.gob.cl/UnidadFiscalizable/Ficha/17007                         ,2026-09-12,280.0
3230,D-054-2023,Denuncia,Terminado - Sanción,2023-03-15,2026-05-20,No,108.0,https://snifa.sma.gob.cl/Sancionatorio/Ficha/3230                          ,18518,PROYECTO EDIFICIO CASTILLO URÍZAR RVC,Región Metropolitana,Ñuñoa,-33.47196737776965,-70.61022228285466,Vivienda e Inmobiliarios,Edificio Habitacional,http://snifa.sma.gob.cl/UnidadFiscalizable/Ficha/18518                         ,2026-09-12,1162.0
3231,D-056-2023,Denuncia,Terminado - Sanción,2023-03-17,2023-12-18,No,25.0,https://snifa.sma.gob.cl/Sancionatorio/Ficha/3231                          ,19143,EDIFICIO ESTEBAN DELL'ORTO,Región Metropolitana,Las Condes,-33.40946423801555,-70.56252634764547,Vivienda e Inmobiliarios,Edificio Habitacional,http://snifa.sma.gob.cl/UnidadFiscalizable/Ficha/19143                         ,2026-09-12,276.0
3233,D-057-2023,Denuncia,Terminado - Sanción,2023-03-22,2024-01-10,No,3.3,https://snifa.sma.gob.cl/Sancionatorio/Ficha/3233                          ,21051,LAGERHAUS BAR IQUIQUE,Región de Tarapacá,Iquique,-20.21833,-70.15211,Equipamiento,Discoteca / pub,http://snifa.sma.gob.cl/UnidadFiscalizable/Ficha/21051                         ,2026-09-12,294.0
3235,D-062-2023,Denuncia,Terminado - Sanción,2023-03-23,2023-12-19,No,17.0,https://snifa.sma.gob.cl/Sancionatorio/Ficha/3235                          ,20523,BE NICE RESTOBAR,Región de Valparaíso,Algarrobo,-33.36434,-71.67214,Equipamiento,Restorán / Servicio de comidas,http://snifa.sma.gob.cl/UnidadFiscalizable/Ficha/20523                         ,2026-09-12,271.0
3243,D-064-2023,Denuncia,Terminado - Sanción,2023-03-28,2025-02-03,No,31.0,https://snifa.sma.gob.cl/Sancionatorio/Ficha/3243                          ,18368,PROYECTO EDIFICIO MANUEL MONTT,Región Metropolitana,Ñuñoa,-33.45168878387931,-70.61256864622423,Vivienda e Inmobiliarios,Edificio Habitacional,http://snifa.sma.gob.cl/UnidadFiscalizable/Ficha/18368                         ,2026-09-12,678.0
3246,D-071-2023,Denuncia,Terminado - Sanción,2023-03-29,2026-05-25,No,18.0,https://snifa.sma.gob.cl/Sancionatorio/Ficha/3246                          ,19045,CONSTRUCCIÓN CONDOMINIO LAS UVAS Y EL VIENTO,Región Metropolitana,La Granja,-33.54692208196655,-70.62720774141808,Vivienda e Inmobiliarios,Conjunto habitacional,http://snifa.sma.gob.cl/UnidadFiscalizable/Ficha/19045                         ,2026-09-12,1153.0
3252,D-072-2023,Denuncia,Terminado - Sanción,2023-03-30,2024-01-04,No,2.6,https://snifa.sma.gob.cl/Sancionatorio/Ficha/3252                          ,19216,RESTAURANT TENTAO CHILLÁN,Región de Ñuble,Chillán,-36.612007,-72.094086,Equipamiento,Restorán / Servicio de comidas,http://snifa.sma.gob.cl/UnidadFiscalizable/Ficha/19216                         ,2026-09-12,280.0
3254,D-073-2023,Denuncia,Terminado - Sanción,2023-03-31,2024-01-10,No,4.0,https://snifa.sma.gob.cl/Sancionatorio/Ficha/3254                          ,21197,Barros Restaurante,Región de Antofagasta,Antofagasta,-22.90953,-68.19884,Equipamiento,Discoteca / pub,http://snifa.sma.gob.cl/UnidadFiscalizable/Ficha/21197                         ,2026-09-12,285.0
3255,D-077-2023,Denuncia,Terminado - Sanción,2023-03-31,2025-11-14,No,53.0,https://snifa.sma.gob.cl/Sancionatorio/Ficha/3255                          ,17998,HOTEL NH CUIDAD DE SANTIAGO,Región Metropolitana,Providencia,-33.43548536219038,-70.62795856666466,Equipamiento,Establecimiento / Infraestructura para turismo,http://snifa.sma.gob.cl/UnidadFiscalizable/Ficha/17998                         ,2026-09-12,959.0
3256,D-074-2023,Denuncia,Terminado - Sanción,2023-03-31,2024-03-18,No,17.0,https://snifa.sma.gob.cl/Sancionatorio/Ficha/3256                          ,18464,RICA AVENTURA BOETSCH,Región de Antofagasta,Antofagasta,-23.55377533171503,-70.39515114353888,Vivienda e Inmobiliarios,Conjunto habitacional,http://snifa.sma.gob.cl/UnidadFiscalizable/Ficha/18464                         ,2026-09-12,353.0
3258,D-080-2023,Denuncia,Terminado - Sanción,2023-03-31,2024-01-10,No,17.0,https://snifa.sma.gob.cl/Sancionatorio/Ficha/3258                          ,17914,ANTENA CELULAR (PRODARK SPA),Región de Coquimbo,La Serena,-29.922999,-71.220508,Instalación fabril,Otras,http://snifa.sma.gob.cl/UnidadFiscalizable/Ficha/17914                         ,2026-09-12,285.0
3259,D-081-2023,Denuncia,Terminado - Sanción,2023-03-31,2024-01-10,No,1.4,https://snifa.sma.gob.cl/Sancionatorio/Ficha/3259                          ,18831,CLUB CARAMELO,Región de Ñuble,Chillán,-36.61080995580686,-72.10537775921613,Equipamiento,Discoteca / pub,http://snifa.sma.gob.cl/UnidadFiscalizable/Ficha/18831                         ,2026-09-12,285.0
3260,D-082-2023,Denuncia,Terminado - Sanción,2023-03-31,2024-01-24,No,32.0,https://snifa.sma.gob.cl/Sancionatorio/Ficha/3260                          ,18133,CONDOMINIO QUILACANTA,Región Metropolitana,Renca,-33.4050622257759,-70.7102227089894,Vivienda e Inmobiliarios,Edificio Habitacional,http://snifa.sma.gob.cl/UnidadFiscalizable/Ficha/18133                         ,2026-09-12,299.0
3266,D-079-2023,Denuncia,Terminado - Sanción,2023-04-10,2025-12-02,No,17.0,https://snifa.sma.gob.cl/Sancionatorio/Ficha/3266                          ,17659,HOSPITAL CLÍNICO UC,Región Metropolitana,Santiago,-33.441902,-70.640311,Equipamiento,Centro de salud humana,http://snifa.sma.gob.cl/UnidadFiscalizable/Ficha/17659                         ,2026-09-12,967.0
3272,D-055-2023,Denuncia,Terminado - Sanción,2023-04-13,2024-01-22,No,14.0,https://snifa.sma.gob.cl/Sancionatorio/Ficha/3272                          ,19144,CONSTRUCCIÓN PORTOFINO,Región Metropolitana,Las Condes,-33.42068690967725,-70.58245532863096,Vivienda e Inmobiliarios,Edificio Habitacional,http://snifa.sma.gob.cl/UnidadFiscalizable/Ficha/19144                         ,2026-09-12,284.0
3283,F-017-2023,Fiscalización,Terminado - Sanción,2023-04-21,2024-05-07,No,214.0,https://snifa.sma.gob.cl/Sancionatorio/Ficha/3283                          ,1632,COMPLEJO TERMOELECTRICO VENTANAS,Región de Valparaíso,Puchuncaví,-32.7494,-71.4833,Energía,Central termoeléctrica,http://snifa.sma.gob.cl/UnidadFiscalizable/Ficha/1632                          ,2026-09-12,382.0
3287,D-086-2023,Denuncia,Terminado - Sanción,2023-04-25,2025-09-03,No,88.0,https://snifa.sma.gob.cl/Sancionatorio/Ficha/3287                          ,19380,PROYECTO ALTO MIRADOR TORRE 1-RVC,Región de Valparaíso,Valparaíso,-33.06019403820142,-71.58412798813957,Vivienda e Inmobiliarios,Proyecto Inmobiliario,http://snifa.sma.gob.cl/UnidadFiscalizable/Ficha/19380                         ,2026-09-12,862.0
3295,D-103-2023,Denuncia,Terminado - Sanción,2023-04-27,2023-11-24,No,1.3,https://snifa.sma.gob.cl/Sancionatorio/Ficha/3295                          ,17398,EDIFICIO LUNA,Región Metropolitana,Las Condes,-33.420822,-70.57719,Vivienda e Inmobiliarios,Edificio Habitacional,http://snifa.sma.gob.cl/UnidadFiscalizable/Ficha/17398                         ,2026-09-12,211.0
3296,D-087-2023,Denuncia,Terminado - Sanción,2023-04-27,2026-05-19,No,28.0,https://snifa.sma.gob.cl/Sancionatorio/Ficha/3296                          ,19378,PROYECTO ALBAMAR 2,Región de Valparaíso,Viña del Mar,-32.96079077505077,-71.54222585930552,Vivienda e Inmobiliarios,Proyecto Inmobiliario,http://snifa.sma.gob.cl/UnidadFiscalizable/Ficha/19378                         ,2026-09-12,1118.0
3297,D-088-2023,Denuncia,Terminado - Sanción,2023-04-27,2024-04-03,No,2.8,https://snifa.sma.gob.cl/Sancionatorio/Ficha/3297                          ,21331,BROMUS BAR,Región de los Lagos,Osorno,-40.593707,-73.123075,Equipamiento,Discoteca / pub,http://snifa.sma.gob.cl/UnidadFiscalizable/Ficha/21331                         ,2026-09-12,342.0
3299,D-101-2023,Denuncia,Terminado - Sanción,2023-04-28,2025-02-12,No,1.9,https://snifa.sma.gob.cl/Sancionatorio/Ficha/3299                          ,21311,Yass Pub,Región de Atacama,Huasco,-28.4645,-71.2207,Equipamiento,Discoteca / pub,http://snifa.sma.gob.cl/UnidadFiscalizable/Ficha/21311                         ,2026-09-12,656.0
3305,D-112-2023,Denuncia,Terminado - Sanción,2023-05-05,2026-04-14,No,2.3,https://snifa.sma.gob.cl/Sancionatorio/Ficha/3305                          ,19507,ESCOMBRERA FAMILIA PARRA HUMEDAL VASCO DA GAMA,Región del Biobío,Hualpén,-36.795376,-73.073158,Equipamiento,Otros equipamientos,http://snifa.sma.gob.cl/UnidadFiscalizable/Ficha/19507                         ,2026-09-12,1075.0
3307,D-110-2023,Denuncia,Terminado - Sanción,2023-05-09,2024-02-14,No,6.7,https://snifa.sma.gob.cl/Sancionatorio/Ficha/3307                          ,20965,MATANZA BAR,Región de Atacama,Copiapó,-27.362319,-70.340732,Equipamiento,Discoteca / pub,http://snifa.sma.gob.cl/UnidadFiscalizable/Ficha/20965                         ,2026-09-12,281.0
3309,F-018-2023,Fiscalización,Terminado - Sanción,2023-05-10,2024-02-15,No,3.7,https://snifa.sma.gob.cl/Sancionatorio/Ficha/3309                          ,15427,COMUNIDAD EDIFICIO PLAZA - OSORNO,Región de los Lagos,Osorno,-40.5747778,-73.1351459,Vivienda e Inmobiliarios,Edificio Habitacional,http://snifa.sma.gob.cl/UnidadFiscalizable/Ficha/15427                         ,2026-09-12,281.0
3310,F-019-2023,Fiscalización,Terminado - Sanción,2023-05-10,2024-02-15,No,1.1,https://snifa.sma.gob.cl/Sancionatorio/Ficha/3310                          ,20894,Astillero Etchepare,Región de Los Ríos,Valdivia,-39.83423,-73.2555,Infraestructura Portuaria,Astillero,http://snifa.sma.gob.cl/UnidadFiscalizable/Ficha/20894                         ,2026-09-12,281.0
3321,F-021-2023,Fiscalización,Terminado - Sanción,2023-05-25,2024-04-29,No,30.0,https://snifa.sma.gob.cl/Sancionatorio/Ficha/3321                          ,19531,NEUS 2,Región Metropolitana,Ñuñoa,-33.47443831515207,-70.61854235072062,Vivienda e Inmobiliarios,Edificio Habitacional,http://snifa.sma.gob.cl/UnidadFiscalizable/Ficha/19531                         ,2026-09-12,340.0
3324,D-126-2023,Denuncia,Terminado - Sanción,2023-05-29,2024-02-27,No,1.3,https://snifa.sma.gob.cl/Sancionatorio/Ficha/3324                          ,19530,EDIFICIO COPPER,Región Metropolitana,Ñuñoa,-33.47328408899197,-70.61927744507726,Vivienda e Inmobiliarios,Edificio Habitacional,http://snifa.sma.gob.cl/UnidadFiscalizable/Ficha/19530                         ,2026-09-12,274.0
3325,D-127-2023,Denuncia,Terminado - Sanción,2023-05-30,2024-03-06,No,1.7,https://snifa.sma.gob.cl/Sancionatorio/Ficha/3325                          ,18157,SOCIEDAD DE INVERSIONES VEROCAR SPA,Región Metropolitana,Quilicura,-33.35802444423489,-70.73949681751104,Equipamiento,Otros equipamientos,http://snifa.sma.gob.cl/UnidadFiscalizable/Ficha/18157                         ,2026-09-12,281.0
3329,D-128-2023,Denuncia,Terminado - Sanción,2023-05-31,2025-06-09,No,15.0,https://snifa.sma.gob.cl/Sancionatorio/Ficha/3329                          ,21190,ALAMEDA PADEL,Región de Atacama,Copiapó,-27.363721,-70.335516,Equipamiento,Centro deportivo / gimnasio,http://snifa.sma.gob.cl/UnidadFiscalizable/Ficha/21190                         ,2026-09-12,740.0
3335,D-138-2023,Denuncia,Terminado - Sanción,2023-06-07,2025-10-14,No,14.5,https://snifa.sma.gob.cl/Sancionatorio/Ficha/3335                          ,21492,PROPADEL - MACHALÍ,Región del Libertador General Bernardo O'Higgins,Machalí,-34.164927,-70.666037,Equipamiento,Centro deportivo / gimnasio,http://snifa.sma.gob.cl/UnidadFiscalizable/Ficha/21492                         ,2026-09-12,860.0
3338,F-024-2023,Fiscalización,Terminado - Sanción,2023-06-08,2024-02-23,No,3.4,https://snifa.sma.gob.cl/Sancionatorio/Ficha/3338                          ,15486,POLIDEPORTIVO ENRIQUE SORO,Región Metropolitana,Independencia,-33.4174108,-70.67114959999998,Equipamiento,Centro deportivo / gimnasio,http://snifa.sma.gob.cl/UnidadFiscalizable/Ficha/15486                         ,2026-09-12,260.0
3347,D-135-2023,Denuncia,Terminado - Sanción,2023-06-19,2024-03-19,No,37.0,https://snifa.sma.gob.cl/Sancionatorio/Ficha/3347                          ,19168,"MANTENIMIENTO, MEJORAMIENTO Y MODERNIZACIÓN ANTONIO VARAS 1438",Región Metropolitana,Providencia,-33.44004072910536,-70.61321634765393,Vivienda e Inmobiliarios,Edificio Habitacional,http://snifa.sma.gob.cl/UnidadFiscalizable/Ficha/19168                         ,2026-09-12,274.0
3348,D-136-2023,Denuncia,Terminado - Sanción,2023-06-20,2024-03-27,No,3.5,https://snifa.sma.gob.cl/Sancionatorio/Ficha/3348                          ,18110,ESPACIO PUNTO PEÑUELAS,Región de Coquimbo,Coquimbo,-29.94987799744568,-71.29067664652547,Equipamiento,Centro comercial,http://snifa.sma.gob.cl/UnidadFiscalizable/Ficha/18110                         ,2026-09-12,281.0
3349,D-141-2023,Denuncia,Terminado - Sanción,2023-06-23,2025-11-14,No,49.0,https://snifa.sma.gob.cl/Sancionatorio/Ficha/3349                          ,16904,CONSTRUCCIÓN EDIFICIO PADRE MARIANO 94,Región Metropolitana,Providencia,-33.42549587279024,-70.61644792556763,Vivienda e Inmobiliarios,Proyecto Inmobiliario,http://snifa.sma.gob.cl/UnidadFiscalizable/Ficha/16904                         ,2026-09-12,875.0
3350,F-026-2023,Fiscalización,Terminado - Sanción,2023-06-22,2024-12-30,No,9.3,https://snifa.sma.gob.cl/Sancionatorio/Ficha/3350                          ,14106,COMUNIDAD EDIFICIO INSTITUTO ALEMÁN,Región de los Lagos,Osorno,-40.572983,-73.13515860000001,Vivienda e Inmobiliarios,Edificio Habitacional,http://snifa.sma.gob.cl/UnidadFiscalizable/Ficha/14106                         ,2026-09-12,557.0
3352,D-150-2023,Denuncia,Terminado - Sanción,2023-06-27,2025-03-03,No,1.3,https://snifa.sma.gob.cl/Sancionatorio/Ficha/3352                          ,18303,PROCESADORA PRODUCTOS DEL MAR,Región de Coquimbo,Coquimbo,-29.99287317571056,-71.32703307784799,Instalación fabril,Otras,http://snifa.sma.gob.cl/UnidadFiscalizable/Ficha/18303                         ,2026-09-12,615.0
3356,D-151-2023,Denuncia,Terminado - Sanción,2023-06-29,2025-02-06,No,57.0,https://snifa.sma.gob.cl/Sancionatorio/Ficha/3356                          ,19543,CONSTRUCCIÓN CONDOMINIO EL PASO 2,Región de Arica y Parinacota,Arica,-18.47302881142193,-70.31365845958872,Vivienda e Inmobiliarios,Conjunto habitacional,http://snifa.sma.gob.cl/UnidadFiscalizable/Ficha/19543                         ,2026-09-12,588.0
3359,D-156-2023,Denuncia,Terminado - Sanción,2023-06-30,2026-06-09,No,38.0,https://snifa.sma.gob.cl/Sancionatorio/Ficha/3359                          ,19534,CONSTRUCCIÓN EDIFICIO SANTA INÉS,Región Metropolitana,La Florida,-33.5426243896584,-70.55390280652976,Vivienda e Inmobiliarios,Edificio Habitacional,http://snifa.sma.gob.cl/UnidadFiscalizable/Ficha/19534                         ,2026-09-12,1075.0
3365,F-028-2023,Fiscalización,Terminado - Sanción,2023-07-06,2025-04-30,No,25.0,https://snifa.sma.gob.cl/Sancionatorio/Ficha/3365                          ,17553,PROCESADORA Y EXTRUSORA DE ALIMENTOS S.A.,Región Metropolitana,Renca,-33.418474,-70.682673,Agroindustrias,Planta procesadora de productos agrícolas,http://snifa.sma.gob.cl/UnidadFiscalizable/Ficha/17553                         ,2026-09-12,664.0
3368,D-160-2023,Denuncia,Terminado - Sanción,2023-07-10,2025-02-06,No,49.0,https://snifa.sma.gob.cl/Sancionatorio/Ficha/3368                          ,21593,BODEGA CIAL Coyhaique,Región de Aysén del General Carlos Ibáñez del Campo,Coyhaique,-45.57969,-72.07503,Equipamiento,Otros equipamientos,http://snifa.sma.gob.cl/UnidadFiscalizable/Ficha/21593                         ,2026-09-12,577.0
3376,D-166-2023,Denuncia,Terminado - Sanción,2023-07-25,2024-03-19,No,6.4,https://snifa.sma.gob.cl/Sancionatorio/Ficha/3376                          ,21137,Pub Tercera Estación,Región de Atacama,Copiapó,-27.35762,-70.34678,Equipamiento,Discoteca / pub,http://snifa.sma.gob.cl/UnidadFiscalizable/Ficha/21137                         ,2026-09-12,238.0
3378,D-140-2023,Denuncia,Terminado - Sanción,2023-07-27,2024-05-06,No,44.0,https://snifa.sma.gob.cl/Sancionatorio/Ficha/3378                          ,19739,CONSTRUCCIÓN VALENZUELA CASTILLO 1772 ETAM,Región Metropolitana,Providencia,-33.43372464386798,-70.61233295738857,Vivienda e Inmobiliarios,Edificio Habitacional,http://snifa.sma.gob.cl/UnidadFiscalizable/Ficha/19739                         ,2026-09-12,284.0
3389,D-176-2023,Denuncia,Terminado - Sanción,2023-07-31,2026-05-19,No,73.0,https://snifa.sma.gob.cl/Sancionatorio/Ficha/3389                          ,19738,EDIFICIO SUEÑA MARÍN SANTOLAYA,Región Metropolitana,Santiago,-33.44713922201202,-70.64092288442701,Vivienda e Inmobiliarios,Edificio Habitacional,http://snifa.sma.gob.cl/UnidadFiscalizable/Ficha/19738                         ,2026-09-12,1023.0
3391,D-178-2023,Denuncia,Terminado - Sanción,2023-07-31,2026-01-15,No,24.0,https://snifa.sma.gob.cl/Sancionatorio/Ficha/3391                          ,18517,DOMINOS PIZZA SUCURSAL MACUL,Región Metropolitana,Macul,-33.48246620426185,-70.5994005623345,Equipamiento,Restorán / Servicio de comidas,http://snifa.sma.gob.cl/UnidadFiscalizable/Ficha/18517                         ,2026-09-12,899.0
3395,D-192-2023,Denuncia,Terminado - Sanción,2023-08-08,2025-12-31,No,1.8,https://snifa.sma.gob.cl/Sancionatorio/Ficha/3395                          ,19784,GIMNASIO  KSPORT CONCEPCION,Región del Biobío,Concepción,-36.833236,-73.050705,Equipamiento,Centro deportivo / gimnasio,http://snifa.sma.gob.cl/UnidadFiscalizable/Ficha/19784                         ,2026-09-12,876.0
3397,D-196-2023,Denuncia,Terminado - Sanción,2023-08-09,2025-11-14,No,1.4,https://snifa.sma.gob.cl/Sancionatorio/Ficha/3397                          ,19073,RESTAURANT LA RUTA,Región de Ñuble,Chillán,-36.61794198967058,-72.109423701942,Equipamiento,Restorán / Servicio de comidas,http://snifa.sma.gob.cl/UnidadFiscalizable/Ficha/19073                         ,2026-09-12,828.0
3398,D-179-2023,Denuncia,Terminado - Sanción,2023-08-09,2025-11-14,No,32.0,https://snifa.sma.gob.cl/Sancionatorio/Ficha/3398                          ,21192,Edificio Roosevelt CCP,Región del Biobío,Concepción,-36.821497,-73.0357,Vivienda e Inmobiliarios,Proyecto Inmobiliario,http://snifa.sma.gob.cl/UnidadFiscalizable/Ficha/21192                         ,2026-09-12,828.0
3404,D-185-2023,Denuncia,Terminado - Sanción,2023-08-21,2024-10-18,No,1.4,https://snifa.sma.gob.cl/Sancionatorio/Ficha/3404                          ,18961,RESTAURANT LA CASONA,Región de Atacama,Copiapó,-27.36778224293802,-70.32935200175599,Equipamiento,Restorán / Servicio de comidas,http://snifa.sma.gob.cl/UnidadFiscalizable/Ficha/18961                         ,2026-09-12,424.0
3411,D-183-2023,Denuncia,Terminado - Sanción,2023-08-28,2024-08-30,No,32.0,https://snifa.sma.gob.cl/Sancionatorio/Ficha/3411                          ,15129,ANTEPUERTO CONTENEDORES Y GRANELES CPC EL MANCO,Región del Biobío,Coronel,-37.03738695504411,-73.13054404797975,Infraestructura de Transporte,"Terminal de taxis, buses y/o camiones",http://snifa.sma.gob.cl/UnidadFiscalizable/Ficha/15129                         ,2026-09-12,368.0
3416,D-207-2023,Denuncia,Terminado - Sanción,2023-08-28,2024-05-31,No,13.0,https://snifa.sma.gob.cl/Sancionatorio/Ficha/3416                          ,19267,GASTRONOMÍA PATIO 98,Región de Antofagasta,Antofagasta,-23.67205800197265,-70.40910130182787,Equipamiento,Discoteca / pub,http://snifa.sma.gob.cl/UnidadFiscalizable/Ficha/19267                         ,2026-09-12,277.0
3417,F-033-2023,Fiscalización,Terminado - Sanción,2023-08-28,2024-06-28,No,4.0,https://snifa.sma.gob.cl/Sancionatorio/Ficha/3417                          ,13613,SIDDHARTHA LOUNGE,Región de Tarapacá,Iquique,-20.2364816,-70.1501534,Equipamiento,Discoteca / pub,http://snifa.sma.gob.cl/UnidadFiscalizable/Ficha/13613                         ,2026-09-12,305.0
3418,D-208-2023,Denuncia,Terminado - Sanción,2023-08-29,2024-06-05,No,1.4,https://snifa.sma.gob.cl/Sancionatorio/Ficha/3418                          ,19209,MADERAS LAS GARZAS,Región del Libertador General Bernardo O'Higgins,Marchihue,-34.3026520459,-71.7884458832,Instalación fabril,Planta procesadora de Madera (tratamiento / remanofacturación),http://snifa.sma.gob.cl/UnidadFiscalizable/Ficha/19209                         ,2026-09-12,281.0
3419,D-182-2023,Denuncia,Terminado - Sanción,2023-08-28,2024-10-03,No,1.7,https://snifa.sma.gob.cl/Sancionatorio/Ficha/3419                          ,18867,RENTA ESPACIO,Región de Coquimbo,La Serena,-29.9137115,-71.264309,Equipamiento,Restorán / Servicio de comidas,http://snifa.sma.gob.cl/UnidadFiscalizable/Ficha/18867                         ,2026-09-12,402.0
3422,D-211-2023,Denuncia,Terminado - Sanción,2023-08-29,2023-11-23,No,2.4,https://snifa.sma.gob.cl/Sancionatorio/Ficha/3422                          ,18978,RQ SERVICE CALAMA,Región de Antofagasta,Calama,-22.45328385424883,-68.91617163068639,,,http://snifa.sma.gob.cl/UnidadFiscalizable/Ficha/18978                         ,2026-09-12,86.0
3423,D-212-2023,Denuncia,Terminado - Sanción,2023-08-30,2026-06-22,No,1.3,https://snifa.sma.gob.cl/Sancionatorio/Ficha/3423                          ,17845,COMERCIAL ACEROMEC,Región de los Lagos,Puerto Montt,-41.4627843,-72.9675818,Instalación fabril,Planta metalúrgica,http://snifa.sma.gob.cl/UnidadFiscalizable/Ficha/17845                         ,2026-09-12,1027.0
3425,D-213-2023,Denuncia,Terminado - Sanción,2023-08-31,2026-05-18,No,2.3,https://snifa.sma.gob.cl/Sancionatorio/Ficha/3425                          ,19228,PUB LA JUNTA,Región del Biobío,Coronel,-36.991935,-73.162725,Equipamiento,Discoteca / pub,http://snifa.sma.gob.cl/UnidadFiscalizable/Ficha/19228                         ,2026-09-12,991.0
3427,D-181-2023,Denuncia,Terminado - Sanción,2023-08-31,2025-11-14,No,80.0,https://snifa.sma.gob.cl/Sancionatorio/Ficha/3427                          ,20435,CONDOMINIO FIRENZE -INMOBILIARIA ACONCAGUA,Región de Coquimbo,La Serena,-29.903516,-71.268944,Vivienda e Inmobiliarios,Proyecto Inmobiliario,http://snifa.sma.gob.cl/UnidadFiscalizable/Ficha/20435                         ,2026-09-12,806.0
3444,D-229-2023,Denuncia,Terminado - Sanción,2023-09-27,2024-10-02,No,3.4,https://snifa.sma.gob.cl/Sancionatorio/Ficha/3444                          ,22110,RESTAURANTE JUAN COLO COLO - PUDAHUEL,Región Metropolitana,Pudahuel,-33.43584,-70.76092,Equipamiento,Restorán / Servicio de comidas,http://snifa.sma.gob.cl/UnidadFiscalizable/Ficha/22110                         ,2026-09-12,371.0
3446,D-220-2023,Denuncia,Terminado - Sanción,2023-09-28,2026-06-26,No,21.0,https://snifa.sma.gob.cl/Sancionatorio/Ficha/3446                          ,18809,CARL'S JUNIOR HUECHURABA,Región Metropolitana,Huechuraba,-33.36250001529525,-70.67032373963187,Equipamiento,Restorán / Servicio de comidas,http://snifa.sma.gob.cl/UnidadFiscalizable/Ficha/18809                         ,2026-09-12,1002.0
3448,D-221-2023,Denuncia,Terminado - Sanción,2023-09-28,2025-02-14,No,2.6,https://snifa.sma.gob.cl/Sancionatorio/Ficha/3448                          ,22051,Pub La Calle,Región de Atacama,Huasco,-28.465343,-71.219237,Equipamiento,Discoteca / pub,http://snifa.sma.gob.cl/UnidadFiscalizable/Ficha/22051                         ,2026-09-12,505.0
3449,D-231-2023,Denuncia,Terminado - Sanción,2023-09-28,2025-02-06,No,18.0,https://snifa.sma.gob.cl/Sancionatorio/Ficha/3449                          ,10785,MALL VIVO IMPERIO (EX GALERÍA IMPERIO),Región Metropolitana,Santiago,-33.43948862,-70.64891562,Equipamiento,Centro comercial,http://snifa.sma.gob.cl/UnidadFiscalizable/Ficha/10785                         ,2026-09-12,497.0
3451,D-218-2023,Denuncia,Terminado - Sanción,2023-09-28,2026-06-25,No,5.0,https://snifa.sma.gob.cl/Sancionatorio/Ficha/3451                          ,21476,RESTOBAR MR. BLACK-QUILPUÉ,Región de Valparaíso,Quilpué,-33.047335,-71.448601,Equipamiento,Restorán / Servicio de comidas,http://snifa.sma.gob.cl/UnidadFiscalizable/Ficha/21476                         ,2026-09-12,1001.0
3452,D-222-2023,Denuncia,Terminado - Sanción,2023-09-28,2026-07-21,No,1.9,https://snifa.sma.gob.cl/Sancionatorio/Ficha/3452                          ,19154,TALLER VENTANAS PVC JACQUELINE BRAVO OYARZO,Región de los Lagos,Osorno,-40.5765743,-73.1792574,Equipamiento,Otros equipamientos,http://snifa.sma.gob.cl/UnidadFiscalizable/Ficha/19154                         ,2026-09-12,1027.0
3453,D-233-2023,Denuncia,Terminado - Sanción,2023-09-29,2024-07-01,No,8.5,https://snifa.sma.gob.cl/Sancionatorio/Ficha/3453                          ,19524,BODEGUITA DE NICANOR,Región del Biobío,Concepción,-36.8135,-73.05766,Equipamiento,Discoteca / pub,http://snifa.sma.gob.cl/UnidadFiscalizable/Ficha/19524                         ,2026-09-12,276.0
3454,F-043-2023,Fiscalización,Terminado - Sanción,2023-09-28,2026-07-10,No,21.5,https://snifa.sma.gob.cl/Sancionatorio/Ficha/3454                          ,8675,PLANTA LACTEOS SAN IGNACIO,Región de Ñuble,Bulnes,-36.712916,-72.2974455,Agroindustrias,Elaboración de productos lácteos,http://snifa.sma.gob.cl/UnidadFiscalizable/Ficha/8675                          ,2026-09-12,1016.0
3455,D-235-2023,Denuncia,Terminado - Sanción,2023-09-29,2025-08-28,No,13.0,https://snifa.sma.gob.cl/Sancionatorio/Ficha/3455                          ,19850,Pub Lab Music Club,Región de Ñuble,Chillán,-36.637487,-72.076114,Equipamiento,Discoteca / pub,http://snifa.sma.gob.cl/UnidadFiscalizable/Ficha/19850                         ,2026-09-12,699.0
3456,D-226-2023,Denuncia,Terminado - Sanción,2023-09-29,2024-04-26,No,1.6,https://snifa.sma.gob.cl/Sancionatorio/Ficha/3456                          ,22054,PUB SANTA BISTRO,Región de Antofagasta,Antofagasta,-23.68955,-70.42007,Equipamiento,Discoteca / pub,http://snifa.sma.gob.cl/UnidadFiscalizable/Ficha/22054                         ,2026-09-12,210.0
3457,D-236-2023,Denuncia,Terminado - Sanción,2023-09-29,2024-07-05,No,1.8,https://snifa.sma.gob.cl/Sancionatorio/Ficha/3457                          ,18755,TALLER MECÁNICO IMPORT EXPORT JFCAR,Región de Tarapacá,Iquique,-20.21306251834879,-70.13319533072466,Equipamiento,Otros equipamientos,http://snifa.sma.gob.cl/UnidadFiscalizable/Ficha/18755                         ,2026-09-12,280.0
3458,F-039-2023,Fiscalización,Terminado - Sanción,2023-09-29,2025-06-17,No,1.1,https://snifa.sma.gob.cl/Sancionatorio/Ficha/3458                          ,9667,SISTEMA DE TRATAMIENTO DE AGUAS SERVIDAS DE POSESION,Región de Magallanes y la Antártica Chilena,San Gregorio,-52.260681,-68.930158,Saneamiento Ambiental,Planta de Tratamiento de Aguas Servidas,http://snifa.sma.gob.cl/UnidadFiscalizable/Ficha/9667                          ,2026-09-12,627.0
3460,F-045-2023,Fiscalización,Terminado - Sanción,2023-11-10,2025-12-31,No,40.0,https://snifa.sma.gob.cl/Sancionatorio/Ficha/3460                          ,14189,INMAFOR,Región del Maule,Talca,-35.43153538807623,-71.63715005619451,Forestal,Aserradero / procesadora de madera,http://snifa.sma.gob.cl/UnidadFiscalizable/Ficha/14189                         ,2026-09-12,782.0
3464,F-040-2023,Fiscalización,Terminado - Sanción,2023-10-05,2025-02-07,No,26.1,https://snifa.sma.gob.cl/Sancionatorio/Ficha/3464                          ,8605,PLANTA DE PROCESO DE RECURSOS HIDROBIOLOGICOS,Región de los Lagos,Chonchi,-42.614089,-73.787509,Pesca y Acuicultura,Elaboración y procesado de recursos hidrobiológicos,http://snifa.sma.gob.cl/UnidadFiscalizable/Ficha/8605                          ,2026-09-12,491.0
3467,D-239-2023,Denuncia,Terminado - Sanción,2023-10-06,2024-10-11,No,32.0,https://snifa.sma.gob.cl/Sancionatorio/Ficha/3467                          ,18166,PROYECTO NEW EGAÑA STYLE,Región Metropolitana,Ñuñoa,-33.45614112002575,-70.57184132255146,Vivienda e Inmobiliarios,Edificio Habitacional,http://snifa.sma.gob.cl/UnidadFiscalizable/Ficha/18166                         ,2026-09-12,371.0
3468,D-237-2023,Denuncia,Terminado - Sanción,2023-10-11,2024-10-15,No,14.0,https://snifa.sma.gob.cl/Sancionatorio/Ficha/3468                          ,22049,Hotel del Valle Azapa,Región de Arica y Parinacota,Arica,-18.48973,-70.28493,Equipamiento,Centro de detención / rehabilitación conductual,http://snifa.sma.gob.cl/UnidadFiscalizable/Ficha/22049                         ,2026-09-12,370.0
3484,D-242-2023,Denuncia,Terminado - Sanción,2023-10-30,2026-05-25,No,2.3,https://snifa.sma.gob.cl/Sancionatorio/Ficha/3484                          ,22011,RESTOBAR HUANHUALI 430,Región de Coquimbo,La Serena,,-71.253729,Equipamiento,Discoteca / pub,http://snifa.sma.gob.cl/UnidadFiscalizable/Ficha/22011                         ,2026-09-12,938.0
3485,D-248-2023,Denuncia,Terminado - Sanción,2023-10-30,2024-12-18,No,33.0,https://snifa.sma.gob.cl/Sancionatorio/Ficha/3485                          ,21312,EDIFICIO HERAS 1565 - CONSTRUCTORA AVATAR LTDA,Región del Biobío,Concepción,-36.81755,-73.041653,Vivienda e Inmobiliarios,Edificio Habitacional,http://snifa.sma.gob.cl/UnidadFiscalizable/Ficha/21312                         ,2026-09-12,415.0
3489,D-250-2023,Denuncia,Terminado - Sanción,2023-10-31,2026-06-18,No,29.0,https://snifa.sma.gob.cl/Sancionatorio/Ficha/3489                          ,21310,EDIFICIO VIVO RENGO- CONSTRUCTORA AVATAR LTDA,Región del Biobío,Concepción,-36.82049,-73.05652,Vivienda e Inmobiliarios,Edificio Habitacional,http://snifa.sma.gob.cl/UnidadFiscalizable/Ficha/21310                         ,2026-09-12,961.0
3495,D-254-2023,Denuncia,Terminado - Sanción,2023-10-31,2024-07-29,No,13.0,https://snifa.sma.gob.cl/Sancionatorio/Ficha/3495                          ,21741,PUB Decibel - OHiggins 775,Región de Ñuble,Chillán,-36.60795,-72.109463,Equipamiento,Discoteca / pub,http://snifa.sma.gob.cl/UnidadFiscalizable/Ficha/21741                         ,2026-09-12,272.0
3500,F-061-2023,Fiscalización,Terminado - Sanción,2023-11-03,2024-11-13,No,64.0,https://snifa.sma.gob.cl/Sancionatorio/Ficha/3500                          ,3015,AGRICOLA Y COMERCIAL BODEGA LAS MERCEDES LTDA. (SISTEMA DE TRATAMIENTO DE RILES) - ISLA DE MAIPO,Región Metropolitana,Isla de Maipo,-33.786364,-70.893441,Agroindustrias,Planta procesadora de productos agrícolas,http://snifa.sma.gob.cl/UnidadFiscalizable/Ficha/3015                          ,2026-09-12,376.0
3504,F-065-2023,Fiscalización,Terminado - Sanción,2023-11-10,2024-07-22,No,45.6,https://snifa.sma.gob.cl/Sancionatorio/Ficha/3504                          ,11351,FRUTAL LTDA.,Región del Libertador General Bernardo O'Higgins,Quinta de Tilcoco,-34.338964,-70.974831,Agroindustrias,Planta procesadora de productos agrícolas,http://snifa.sma.gob.cl/UnidadFiscalizable/Ficha/11351                         ,2026-09-12,255.0
3505,F-066-2023,Fiscalización,Terminado - Sanción,2023-11-13,2025-02-07,No,1.5,https://snifa.sma.gob.cl/Sancionatorio/Ficha/3505                          ,11410,SERVICIOS Y PROYECTOS EN ACUICULTURAS LTDA. (PISC. SAN PEDRO),Región de la Araucanía,Curacautín,-38.49861111,-71.86238889,Pesca y Acuicultura,Centro de cultivo de peces,http://snifa.sma.gob.cl/UnidadFiscalizable/Ficha/11410                         ,2026-09-12,452.0
3511,D-262-2023,Denuncia,Terminado - Sanción,2023-11-17,2025-11-26,No,227.0,https://snifa.sma.gob.cl/Sancionatorio/Ficha/3511                          ,22311,UNIVERSIDAD DE LAS AMERICAS REPUBLICA 71 - SANTIAGO,Región Metropolitana,Santiago,-33.44928,-70.66787,Equipamiento,Establecimiento educacional,http://snifa.sma.gob.cl/UnidadFiscalizable/Ficha/22311                         ,2026-09-12,740.0
3524,D-268-2023,Denuncia,Terminado - Sanción,2023-11-30,2024-08-28,No,14.0,https://snifa.sma.gob.cl/Sancionatorio/Ficha/3524                          ,18291,CARNICERÍA RÍO BLANCO,Región de Aysén del General Carlos Ibáñez del Campo,Aysén,-45.40027145861031,-72.68681855787476,Equipamiento,Oficina comercial,http://snifa.sma.gob.cl/UnidadFiscalizable/Ficha/18291                         ,2026-09-12,272.0
3526,D-265-2023,Denuncia,Terminado - Sanción,2023-11-30,2026-06-19,No,1.7,https://snifa.sma.gob.cl/Sancionatorio/Ficha/3526                          ,21368,Restobar el Parque Neltume,Región de Los Ríos,Panguipulli,-39.84929,-71.94358,Equipamiento,Discoteca / pub,http://snifa.sma.gob.cl/UnidadFiscalizable/Ficha/21368                         ,2026-09-12,932.0
3534,F-075-2023,Fiscalización,Terminado - Sanción,2023-11-30,2024-09-04,No,9.4,https://snifa.sma.gob.cl/Sancionatorio/Ficha/3534                          ,3136,ALCANTARILLADO PUERTO OCTAY,Región de los Lagos,Puerto Octay,-40.97825123579881,-72.88546272132649,Saneamiento Ambiental,Planta de Tratamiento de Aguas Servidas,http://snifa.sma.gob.cl/UnidadFiscalizable/Ficha/3136                          ,2026-09-12,279.0
3535,D-269-2023,Denuncia,Terminado - Sanción,2023-11-30,2026-06-15,No,59.0,https://snifa.sma.gob.cl/Sancionatorio/Ficha/3535                          ,21551,PROYECTO DEPTHOUSE MIGUEL CLARO 1207 – 360 INMOBILIARIA - PROVIDENCIA,Región Metropolitana,Providencia,-33.44053,-70.61819,Vivienda e Inmobiliarios,Proyecto Inmobiliario,http://snifa.sma.gob.cl/UnidadFiscalizable/Ficha/21551                         ,2026-09-12,928.0
3539,D-276-2023,Denuncia,Terminado - Sanción,2023-12-07,2024-09-11,No,1.4,https://snifa.sma.gob.cl/Sancionatorio/Ficha/3539                          ,18410,ASERRADERO CERRO NEGRO,Región de Aysén del General Carlos Ibáñez del Campo,Coyhaique,-45.5874873522924,-72.0094154159985,Forestal,Aserradero / procesadora de madera,http://snifa.sma.gob.cl/UnidadFiscalizable/Ficha/18410                         ,2026-09-12,279.0
3549,D-282-2023,Denuncia,Terminado - Sanción,2023-12-18,2026-01-20,Sí,2.8,https://snifa.sma.gob.cl/Sancionatorio/Ficha/3549                          ,18208,ASTILLERO VAROMAR,Región de los Lagos,Puerto Montt,-41.498177,-72.986995,Infraestructura Portuaria,Astillero,http://snifa.sma.gob.cl/UnidadFiscalizable/Ficha/18208                         ,2026-09-12,764.0
3550,D-281-2023,Denuncia,Terminado - Sanción,2023-12-21,2024-09-26,No,2.0,https://snifa.sma.gob.cl/Sancionatorio/Ficha/3550                          ,15828,EDIFICIO ALFREDO BARROS ERRAZURIZ 1954,Región Metropolitana,Providencia,-33.4268479,-70.61261200000001,Vivienda e Inmobiliarios,Edificio Habitacional,http://snifa.sma.gob.cl/UnidadFiscalizable/Ficha/15828                         ,2026-09-12,280.0
3551,D-283-2023,Denuncia,Terminado - Sanción,2023-12-19,2024-09-30,No,1.1,https://snifa.sma.gob.cl/Sancionatorio/Ficha/3551                          ,18297,PORTAL MAYOR DE CURAUMA,Región de Valparaíso,Valparaíso,-33.12537720857475,-71.57849679218573,Equipamiento,Centro comercial,http://snifa.sma.gob.cl/UnidadFiscalizable/Ficha/18297                         ,2026-09-12,286.0
3555,D-286-2023,Denuncia,Terminado - Sanción,2023-12-28,2025-03-24,No,1.2,https://snifa.sma.gob.cl/Sancionatorio/Ficha/3555                          ,21228,Edificio Los Piñones 100,Región Metropolitana,Providencia,-33.42853,-70.62653,Vivienda e Inmobiliarios,Edificio Habitacional,http://snifa.sma.gob.cl/UnidadFiscalizable/Ficha/21228                         ,2026-09-12,452.0
3560,D-288-2023,Denuncia,Terminado - Sanción,2023-12-28,2024-10-14,No,53.4,https://snifa.sma.gob.cl/Sancionatorio/Ficha/3560                          ,14191,FORESTAL RÍO CLARO,Región del Maule,Maule,-35.52084262684715,-71.68814334692382,Forestal,Aserradero / procesadora de madera,http://snifa.sma.gob.cl/UnidadFiscalizable/Ficha/14191                         ,2026-09-12,291.0
3568,D-009-2024,Denuncia,Terminado - Sanción,2024-01-19,2024-10-24,No,6.0,https://snifa.sma.gob.cl/Sancionatorio/Ficha/3568                          ,19390,PREFABRICADOS DE HORMIGÓN CUMBRES,Región Metropolitana,Paine,-33.81188,-70.75135,Instalación fabril,Otras,http://snifa.sma.gob.cl/UnidadFiscalizable/Ficha/19390                         ,2026-09-12,279.0
3572,D-002-2024,Denuncia,Terminado - Sanción,2024-01-22,2024-10-24,No,1.8,https://snifa.sma.gob.cl/Sancionatorio/Ficha/3572                          ,22411,IGLESIA EL ÚLTIMO TIEMPO - LO PRADO,Región Metropolitana,Lo Prado,-33.43724,-70.73771,Equipamiento,Centro de culto religioso / espiritual,http://snifa.sma.gob.cl/UnidadFiscalizable/Ficha/22411                         ,2026-09-12,276.0
3574,D-012-2024,Denuncia,Terminado - Sanción,2024-01-23,2024-05-31,No,5.8,https://snifa.sma.gob.cl/Sancionatorio/Ficha/3574                          ,20898,Barraca Rodrigo Fonseca Fernández,Región de Ñuble,Chillán,-36.625146,-72.086106,Forestal,Aserradero / procesadora de madera,http://snifa.sma.gob.cl/UnidadFiscalizable/Ficha/20898                         ,2026-09-12,129.0
3579,D-007-2024,Denuncia,Terminado - Sanción,2024-01-26,2026-05-13,No,8.8,https://snifa.sma.gob.cl/Sancionatorio/Ficha/3579                          ,17105,TSUNAMI BAR,Región de Coquimbo,La Serena,-29.9404061,-71.2882744,Equipamiento,Discoteca / pub,http://snifa.sma.gob.cl/UnidadFiscalizable/Ficha/17105                         ,2026-09-12,838.0
3591,D-028-2024,Denuncia,Terminado - Sanción,2024-02-28,2024-08-29,No,2.0,https://snifa.sma.gob.cl/Sancionatorio/Ficha/3591                          ,21041,Club Secret Room (ex Club Aitue-Discoteque Dejavú Aysén),Región de Aysén del General Carlos Ibáñez del Campo,Aysén,-45.40327,-72.69389,Equipamiento,Discoteca / pub,http://snifa.sma.gob.cl/UnidadFiscalizable/Ficha/21041                         ,2026-09-12,183.0
3592,D-027-2024,Denuncia,Terminado - Sanción,2024-02-28,2025-02-26,No,29.0,https://snifa.sma.gob.cl/Sancionatorio/Ficha/3592                          ,19620,MOLINO SANTA ELENA,Región de Valparaíso,San Felipe,-32.784792,-70.716439,Agroindustrias,Planta procesadora de productos agrícolas,http://snifa.sma.gob.cl/UnidadFiscalizable/Ficha/19620                         ,2026-09-12,364.0
3593,D-026-2024,Denuncia,Terminado - Sanción,2024-02-28,2024-12-06,No,1.6,https://snifa.sma.gob.cl/Sancionatorio/Ficha/3593                          ,21198,Camping de Extracción - Calama,Región de Antofagasta,Calama,-22.46441,-68.91148,Equipamiento,Otros equipamientos,http://snifa.sma.gob.cl/UnidadFiscalizable/Ficha/21198                         ,2026-09-12,282.0
3595,D-034-2024,Denuncia,Terminado - Sanción,2024-02-29,2026-07-29,No,1.6,https://snifa.sma.gob.cl/Sancionatorio/Ficha/3595                          ,19585,CAFÉ EL BAÚL,Región de Valparaíso,Viña del Mar,-33.017877,-71.553951,Equipamiento,Discoteca / pub,http://snifa.sma.gob.cl/UnidadFiscalizable/Ficha/19585                         ,2026-09-12,881.0
3597,D-035-2024,Denuncia,Terminado - Sanción,2024-02-29,2024-12-05,No,13.0,https://snifa.sma.gob.cl/Sancionatorio/Ficha/3597                          ,19395,RESTAURANT MISTURA DEL PERÚ SANTA ISABEL,Región Metropolitana,Providencia,-33.4459658988899,-70.62452900224055,Equipamiento,Restorán / Servicio de comidas,http://snifa.sma.gob.cl/UnidadFiscalizable/Ficha/19395                         ,2026-09-12,280.0
3598,D-031-2024,Denuncia,Terminado - Sanción,2024-02-29,2024-12-06,No,2.3,https://snifa.sma.gob.cl/Sancionatorio/Ficha/3598                          ,19389,RESTAURANT HE HIN,Región Metropolitana,Providencia,-33.44014029763034,-70.62137766745015,Equipamiento,Restorán / Servicio de comidas,http://snifa.sma.gob.cl/UnidadFiscalizable/Ficha/19389                         ,2026-09-12,281.0
3600,D-040-2024,Denuncia,Terminado - Sanción,2024-02-29,2024-12-06,No,6.9,https://snifa.sma.gob.cl/Sancionatorio/Ficha/3600                          ,19375,MITO SUSHI NIKKEI,Región de Valparaíso,Viña del Mar,-33.00988718395238,-71.54742427318935,Equipamiento,Restorán / Servicio de comidas,http://snifa.sma.gob.cl/UnidadFiscalizable/Ficha/19375                         ,2026-09-12,281.0
3601,D-030-2024,Denuncia,Terminado - Sanción,2024-02-29,2025-04-08,No,1.5,https://snifa.sma.gob.cl/Sancionatorio/Ficha/3601                          ,21254,"PANADERÍA DUAO, LICANTÉN",Región del Maule,Licantén,-34.884288,-72.160434,Equipamiento,Panadería,http://snifa.sma.gob.cl/UnidadFiscalizable/Ficha/21254                         ,2026-09-12,404.0
3607,D-025-2024,Denuncia,Terminado - Sanción,2024-02-29,2025-03-04,No,2.0,https://snifa.sma.gob.cl/Sancionatorio/Ficha/3607                          ,22626,Espacio Endemico,Región de Antofagasta,Antofagasta,-33.35837,-70.75098,Equipamiento,Discoteca / pub,http://snifa.sma.gob.cl/UnidadFiscalizable/Ficha/22626                         ,2026-09-12,369.0
3609,D-046-2024,Denuncia,Terminado - Sanción,2024-02-29,2025-06-04,No,6.9,https://snifa.sma.gob.cl/Sancionatorio/Ficha/3609                          ,21259,NATEI SUSHI BAR LOUNGE,Región Metropolitana,San Miguel,-33.4823,-70.65016,Equipamiento,Restorán / Servicio de comidas,http://snifa.sma.gob.cl/UnidadFiscalizable/Ficha/21259                         ,2026-09-12,461.0
3614,D-049-2024,Denuncia,Terminado - Sanción,2024-03-15,2024-12-13,No,5.1,https://snifa.sma.gob.cl/Sancionatorio/Ficha/3614                          ,20953,Terraza Sunset Vicuña,Región de Coquimbo,Vicuña,-30.03351,-70.71202,Equipamiento,Discoteca / pub,http://snifa.sma.gob.cl/UnidadFiscalizable/Ficha/20953                         ,2026-09-12,273.0
3616,D-051-2024,Denuncia,Terminado - Sanción,2024-03-21,2024-12-30,No,1.3,https://snifa.sma.gob.cl/Sancionatorio/Ficha/3616                          ,19086,MUEBLERÍA PABLO INFANTAS,Región Metropolitana,La Granja,-33.52569565131137,-70.61950853108742,Equipamiento,Otros equipamientos,http://snifa.sma.gob.cl/UnidadFiscalizable/Ficha/19086                         ,2026-09-12,284.0
3617,D-036-2024,Denuncia,Terminado - Sanción,2024-03-21,2024-12-24,No,2.4,https://snifa.sma.gob.cl/Sancionatorio/Ficha/3617                          ,18418,CORPORACIÓN DEL DEPORTE SAN PEDRO DE ATACAMA,Región de Antofagasta,San Pedro de Atacama,-22.90876919748744,-68.19986189185286,Equipamiento,Centro deportivo / gimnasio,http://snifa.sma.gob.cl/UnidadFiscalizable/Ficha/18418                         ,2026-09-12,278.0
3623,D-058-2024,Denuncia,Terminado - Sanción,2024-03-27,2025-10-10,No,3.9,https://snifa.sma.gob.cl/Sancionatorio/Ficha/3623                          ,21206,VIZENTA RESTO BAR,Región Metropolitana,Huechuraba,-33.35405,-70.67047,Equipamiento,Restorán / Servicio de comidas,http://snifa.sma.gob.cl/UnidadFiscalizable/Ficha/21206                         ,2026-09-12,562.0
3629,D-062-2024,Denuncia,Terminado - Sanción,2024-03-27,2026-06-25,No,1.5,https://snifa.sma.gob.cl/Sancionatorio/Ficha/3629                          ,21381,Espacio Vicar Lican Ray,Región de la Araucanía,Villarrica,-39.473409,-72.168031,Equipamiento,Discoteca / pub,http://snifa.sma.gob.cl/UnidadFiscalizable/Ficha/21381                         ,2026-09-12,820.0
3631,D-066-2024,Denuncia,Terminado - Sanción,2024-03-28,2024-11-15,No,22.0,https://snifa.sma.gob.cl/Sancionatorio/Ficha/3631                          ,19792,FESILUZ-LA SERENA,Región de Coquimbo,La Serena,-29.898518,-71.254128,Otras categorías,Actividades y/o proyectos en sitios protegidos,http://snifa.sma.gob.cl/UnidadFiscalizable/Ficha/19792                         ,2026-09-12,232.0
3638,D-071-2024,Denuncia,Terminado - Sanción,2024-03-26,2024-12-31,No,46.0,https://snifa.sma.gob.cl/Sancionatorio/Ficha/3638                          ,22714,CLUB ORQUIDEA,Región de los Lagos,Puerto Varas,,,Equipamiento,Restorán / Servicio de comidas,http://snifa.sma.gob.cl/UnidadFiscalizable/Ficha/22714                         ,2026-09-12,280.0
3643,D-075-2024,Denuncia,Terminado - Sanción,2024-04-18,2026-06-24,No,1.7,https://snifa.sma.gob.cl/Sancionatorio/Ficha/3643                          ,20177,QUINTA NEWKA,Región del Biobío,Los Ángeles,-37.47141,-72.347918,Equipamiento,Restorán / Servicio de comidas,http://snifa.sma.gob.cl/UnidadFiscalizable/Ficha/20177                         ,2026-09-12,797.0
3645,D-076-2024,Denuncia,Terminado - Sanción,2024-04-25,2025-02-03,No,7.4,https://snifa.sma.gob.cl/Sancionatorio/Ficha/3645                          ,21528,La Taberna,Región de Antofagasta,Antofagasta,-23.64835,-70.39559,Equipamiento,Discoteca / pub,http://snifa.sma.gob.cl/UnidadFiscalizable/Ficha/21528                         ,2026-09-12,284.0
3646,D-079-2024,Denuncia,Terminado - Sanción,2024-04-25,2025-02-06,No,7.1,https://snifa.sma.gob.cl/Sancionatorio/Ficha/3646                          ,16076,CLUB LOS ANGELES,Región de Atacama,Copiapó,-27.3989269,-70.29421059999999,Equipamiento,Establecimiento / Infraestructura para turismo,http://snifa.sma.gob.cl/UnidadFiscalizable/Ficha/16076                         ,2026-09-12,287.0
3648,D-081-2024,Denuncia,Terminado - Sanción,2024-04-26,2024-09-11,No,3.1,https://snifa.sma.gob.cl/Sancionatorio/Ficha/3648                          ,22161,Discoteca Tokio,Región de Los Ríos,Valdivia,-39.8165,-73.24333,Equipamiento,Discoteca / pub,http://snifa.sma.gob.cl/UnidadFiscalizable/Ficha/22161                         ,2026-09-12,138.0
3658,D-093-2024,Denuncia,Terminado - Sanción,2024-04-30,2025-05-05,No,3.7,https://snifa.sma.gob.cl/Sancionatorio/Ficha/3658                          ,22805,RESTOBAR LA ROCCA BEACH,Región de Coquimbo,La Serena,-29.927198,-71.275784,Equipamiento,Discoteca / pub,http://snifa.sma.gob.cl/UnidadFiscalizable/Ficha/22805                         ,2026-09-12,370.0
3660,D-089-2024,Denuncia,Terminado - Sanción,2024-04-30,2025-04-23,No,49.0,https://snifa.sma.gob.cl/Sancionatorio/Ficha/3660                          ,17487,Congelados Ñuble Spa (EX FROZEN FRUT),Región de Ñuble,San Carlos,-36.444648,-71.857631,Equipamiento,Otros equipamientos,http://snifa.sma.gob.cl/UnidadFiscalizable/Ficha/17487                         ,2026-09-12,358.0
3666,D-098-2024,Denuncia,Terminado - Sanción,2024-05-10,2025-05-13,No,1.4,https://snifa.sma.gob.cl/Sancionatorio/Ficha/3666                          ,18408,MADERAS JV,Región de Aysén del General Carlos Ibáñez del Campo,Coyhaique,-45.5870255952789,-72.0112551974688,Instalación fabril,Planta procesadora de Madera (tratamiento / remanofacturación),http://snifa.sma.gob.cl/UnidadFiscalizable/Ficha/18408                         ,2026-09-12,368.0
3671,D-101-2024,Denuncia,Terminado - Sanción,2024-05-23,2025-02-27,No,89.0,https://snifa.sma.gob.cl/Sancionatorio/Ficha/3671                          ,21309,Condominio Paseo San Carlos VII,Región de Coquimbo,Coquimbo,-29.9786,-71.2554,Vivienda e Inmobiliarios,Proyecto Inmobiliario,http://snifa.sma.gob.cl/UnidadFiscalizable/Ficha/21309                         ,2026-09-12,280.0
3673,D-103-2024,Denuncia,Terminado - Sanción,2024-05-27,2025-03-03,No,2.5,https://snifa.sma.gob.cl/Sancionatorio/Ficha/3673                          ,15759,PUB ENTRE JOTES,Región de Atacama,Caldera,-27.0668382,-70.8257858,Equipamiento,Discoteca / pub,http://snifa.sma.gob.cl/UnidadFiscalizable/Ficha/15759                         ,2026-09-12,280.0
3678,D-107-2024,Denuncia,Terminado - Sanción,2024-05-29,2025-05-30,No,46.0,https://snifa.sma.gob.cl/Sancionatorio/Ficha/3678                          ,19495,HOLLYWOOD BAR-VIÑA DEL MAR,Región de Valparaíso,Viña del Mar,-33.0171159960523,-71.5593187304677,Equipamiento,Discoteca / pub,http://snifa.sma.gob.cl/UnidadFiscalizable/Ficha/19495                         ,2026-09-12,366.0
3680,D-111-2024,Denuncia,Terminado - Sanción,2024-05-30,2025-03-07,No,178.0,https://snifa.sma.gob.cl/Sancionatorio/Ficha/3680                          ,22489,MEGAPROYECTO PAMPA NUEVA LOTE R-7,Región de Arica y Parinacota,Arica,-18.50049,-70.302392,Vivienda e Inmobiliarios,Conjunto habitacional,http://snifa.sma.gob.cl/UnidadFiscalizable/Ficha/22489                         ,2026-09-12,281.0
3682,F-006-2024,Fiscalización,Terminado - Sanción,2024-05-30,2025-03-06,No,1.1,https://snifa.sma.gob.cl/Sancionatorio/Ficha/3682                          ,14155,LEÑERÍA SAN PABLO,Región del Libertador General Bernardo O'Higgins,Rancagua,-34.1536405,-70.7703992,Equipamiento,Centro de comercialización de leña,http://snifa.sma.gob.cl/UnidadFiscalizable/Ficha/14155                         ,2026-09-12,280.0
3685,D-114-2024,Denuncia,Terminado - Sanción,2024-05-30,2024-12-13,No,3.3,https://snifa.sma.gob.cl/Sancionatorio/Ficha/3685                          ,21552,DISTRITO POP FOODTRUCKS - PROVIDENCIA,Región Metropolitana,Providencia,-33.44371,-70.6202,Equipamiento,Restorán / Servicio de comidas,http://snifa.sma.gob.cl/UnidadFiscalizable/Ficha/21552                         ,2026-09-12,197.0
3695,D-123-2024,Denuncia,Terminado - Sanción,2024-05-31,2025-03-05,No,1.7,https://snifa.sma.gob.cl/Sancionatorio/Ficha/3695                          ,19087,CLUB GALLOPER,Región del Biobío,Los Ángeles,-37.461392,-72.325245,Equipamiento,Discoteca / pub,http://snifa.sma.gob.cl/UnidadFiscalizable/Ficha/19087                         ,2026-09-12,278.0
3703,D-131-2024,Denuncia,Terminado - Sanción,2024-06-26,2025-04-01,No,42.0,https://snifa.sma.gob.cl/Sancionatorio/Ficha/3703                          ,14680,CLINICA INDISA,Región Metropolitana,Providencia,-33.4210873,-70.6184298,Equipamiento,Centro de salud humana,http://snifa.sma.gob.cl/UnidadFiscalizable/Ficha/14680                         ,2026-09-12,279.0
3711,D-138-2024,Denuncia,Terminado - Sanción,2024-06-28,2025-04-02,No,2.4,https://snifa.sma.gob.cl/Sancionatorio/Ficha/3711                          ,20976,ESPACIO DE LA MUSICA,Región Metropolitana,Recoleta,-33.43482,-70.63724,Equipamiento,Discoteca / pub,http://snifa.sma.gob.cl/UnidadFiscalizable/Ficha/20976                         ,2026-09-12,278.0
3713,D-139-2024,Denuncia,Terminado - Sanción,2024-06-28,2025-03-31,No,1.7,https://snifa.sma.gob.cl/Sancionatorio/Ficha/3713                          ,22351,MUEBLERIA GONZALO JOFRE,Región del Biobío,Yumbel,-37.15842,-72.462694,Equipamiento,Taller,http://snifa.sma.gob.cl/UnidadFiscalizable/Ficha/22351                         ,2026-09-12,276.0
3715,D-137-2024,Denuncia,Terminado - Sanción,2024-06-28,2025-07-29,No,27.0,https://snifa.sma.gob.cl/Sancionatorio/Ficha/3715                          ,19188,PF CHANG'S ISIDORA - LAS CONDES,Región Metropolitana,Las Condes,-33.41390105284449,-70.60017588386131,Equipamiento,Restorán / Servicio de comidas,http://snifa.sma.gob.cl/UnidadFiscalizable/Ficha/19188                         ,2026-09-12,396.0
3723,D-146-2024,Denuncia,Terminado - Sanción,2024-06-28,2025-04-03,No,5.5,https://snifa.sma.gob.cl/Sancionatorio/Ficha/3723                          ,13957,SUNSET BEACH - INSOMNIO GROUP (EX DISCOTEQUE KAMIKAZE - LA SERENA),Región de Coquimbo,La Serena,-29.933567342293,-71.28194147116392,Equipamiento,Discoteca / pub,http://snifa.sma.gob.cl/UnidadFiscalizable/Ficha/13957                         ,2026-09-12,279.0
3727,D-145-2024,Denuncia,Terminado - Sanción,2024-07-11,2025-07-15,No,2.5,https://snifa.sma.gob.cl/Sancionatorio/Ficha/3727                          ,19717,COMICS BAR IQUIQUE,Región de Tarapacá,Iquique,-20.21713714326625,-70.15274714970134,Equipamiento,Discoteca / pub,http://snifa.sma.gob.cl/UnidadFiscalizable/Ficha/19717                         ,2026-09-12,369.0
3730,D-150-2024,Denuncia,Terminado - Sanción,2024-07-15,2025-04-16,No,27.0,https://snifa.sma.gob.cl/Sancionatorio/Ficha/3730                          ,19553,JUST BURGER PROVIDENCIA,Región Metropolitana,Providencia,-33.42316196136067,-70.6107123827995,Equipamiento,Restorán / Servicio de comidas,http://snifa.sma.gob.cl/UnidadFiscalizable/Ficha/19553                         ,2026-09-12,275.0
3741,D-157-2024,Denuncia,Terminado - Sanción,2024-07-25,2025-08-19,No,1.6,https://snifa.sma.gob.cl/Sancionatorio/Ficha/3741                          ,22726,Galpon Pellet Futrono,Región de Los Ríos,Futrono,-40.116565,-72.356403,Forestal,Aserradero / procesadora de madera,http://snifa.sma.gob.cl/UnidadFiscalizable/Ficha/22726                         ,2026-09-12,390.0
3745,D-154-2024,Denuncia,Terminado - Sanción,2024-07-25,2025-04-30,No,9.9,https://snifa.sma.gob.cl/Sancionatorio/Ficha/3745                          ,22017,Distribuidora JV e Hijos,Región de Ñuble,Chillán,-36.6057,-72.12018,Agroindustrias,Matadero / frigorífico,http://snifa.sma.gob.cl/UnidadFiscalizable/Ficha/22017                         ,2026-09-12,279.0
3747,D-161-2024,Denuncia,Terminado - Sanción,2024-07-26,2025-04-30,No,1.5,https://snifa.sma.gob.cl/Sancionatorio/Ficha/3747                          ,19271,ROYAL EAGLE EVENTOS,Región de Antofagasta,Antofagasta,-23.66196236981657,-70.39423117299185,Equipamiento,Discoteca / pub,http://snifa.sma.gob.cl/UnidadFiscalizable/Ficha/19271                         ,2026-09-12,278.0
3749,D-165-2024,Denuncia,Terminado - Sanción,2024-07-30,2025-05-20,No,1.0,https://snifa.sma.gob.cl/Sancionatorio/Ficha/3749                          ,17235,COMPLEJO DEPORTIVO SAN JOAQUÍN ORIENTE,Región Metropolitana,San Joaquín,-33.510663,-70.622091,Equipamiento,Centro deportivo / gimnasio,http://snifa.sma.gob.cl/UnidadFiscalizable/Ficha/17235                         ,2026-09-12,294.0
3750,D-164-2024,Denuncia,Terminado - Sanción,2024-07-30,2025-08-04,No,3.0,https://snifa.sma.gob.cl/Sancionatorio/Ficha/3750                          ,21523,Iglesia Centro Cristiano Integral Manos que Salvan,Región de Los Ríos,Valdivia,-39.82577,-73.21569,Equipamiento,Centro de culto religioso / espiritual,http://snifa.sma.gob.cl/UnidadFiscalizable/Ficha/21523                         ,2026-09-12,370.0
3759,D-174-2024,Denuncia,Terminado - Sanción,2024-07-31,2025-05-06,No,2.1,https://snifa.sma.gob.cl/Sancionatorio/Ficha/3759                          ,21183,CLUB HÍPICO DE PUNTA ARENAS,Región de Magallanes y la Antártica Chilena,Punta Arenas,-53.147732,-70.892938,Equipamiento,Otros equipamientos,http://snifa.sma.gob.cl/UnidadFiscalizable/Ficha/21183                         ,2026-09-12,279.0
3778,D-183-2024,Denuncia,Terminado - Sanción,2024-08-14,2025-05-20,No,9.1,https://snifa.sma.gob.cl/Sancionatorio/Ficha/3778                          ,22429,Club de Rodeo Antofagasta,Región de Antofagasta,Antofagasta,-23.67949,-70.41022,Equipamiento,Otros equipamientos,http://snifa.sma.gob.cl/UnidadFiscalizable/Ficha/22429                         ,2026-09-12,279.0
3786,D-186-2024,Denuncia,Terminado - Sanción,2024-08-19,2025-05-26,No,2.1,https://snifa.sma.gob.cl/Sancionatorio/Ficha/3786                          ,9465,RILES PRODUCTORA DE AGAR S.A,Región de los Lagos,Llanquihue,-41.265999,-73.003695,Pesca y Acuicultura,Elaboración y procesado de recursos hidrobiológicos,http://snifa.sma.gob.cl/UnidadFiscalizable/Ficha/9465                          ,2026-09-12,280.0
3788,D-188-2024,Denuncia,Terminado - Sanción,2024-08-21,2025-05-28,No,1.4,https://snifa.sma.gob.cl/Sancionatorio/Ficha/3788                          ,21210,SUBURBIA RESTOBAR,Región Metropolitana,Providencia,-33.42698,-70.61881,Equipamiento,Restorán / Servicio de comidas,http://snifa.sma.gob.cl/UnidadFiscalizable/Ficha/21210                         ,2026-09-12,280.0
3791,D-193-2024,Denuncia,Terminado - Sanción,2024-08-26,2026-06-09,No,13.0,https://snifa.sma.gob.cl/Sancionatorio/Ficha/3791                          ,21461,PUEBLITO PEÑUELAS,Región de Coquimbo,Coquimbo,-29.94787,-71.29096,Equipamiento,Centro comercial,http://snifa.sma.gob.cl/UnidadFiscalizable/Ficha/21461                         ,2026-09-12,652.0
3795,D-196-2024,Denuncia,Terminado - Sanción,2024-08-28,2025-08-13,No,2.2,https://snifa.sma.gob.cl/Sancionatorio/Ficha/3795                          ,22651,Marmoteck,Región del Maule,Talca,-35.390842,-71.612494,Equipamiento,Taller,http://snifa.sma.gob.cl/UnidadFiscalizable/Ficha/22651                         ,2026-09-12,350.0
3797,D-199-2024,Denuncia,Terminado - Sanción,2024-08-29,2025-06-05,No,17.0,https://snifa.sma.gob.cl/Sancionatorio/Ficha/3797                          ,22667,Club Chicureo Los Pimientos - Colina,Región Metropolitana,Colina,-33.275584,-70.70502,Equipamiento,Centro deportivo / gimnasio,http://snifa.sma.gob.cl/UnidadFiscalizable/Ficha/22667                         ,2026-09-12,280.0
3798,D-201-2024,Denuncia,Terminado - Sanción,2024-08-30,2026-07-29,No,2.0,https://snifa.sma.gob.cl/Sancionatorio/Ficha/3798                          ,22134,ARAGUANEY RESTO BAR - SANTIAGO,Región Metropolitana,Santiago,-33.43942,-70.64528,Equipamiento,Restorán / Servicio de comidas,http://snifa.sma.gob.cl/UnidadFiscalizable/Ficha/22134                         ,2026-09-12,698.0
3801,D-192-2024,Denuncia,Terminado - Sanción,2024-08-30,2024-12-31,No,2.9,https://snifa.sma.gob.cl/Sancionatorio/Ficha/3801                          ,22781,CENTRO DE EVENTOS DON ELIAS,Región de Valparaíso,Valparaíso,,,Equipamiento,Centro de eventos,http://snifa.sma.gob.cl/UnidadFiscalizable/Ficha/22781                         ,2026-09-12,123.0
3804,D-203-2024,Denuncia,Terminado - Sanción,2024-08-30,2025-06-10,No,5.9,https://snifa.sma.gob.cl/Sancionatorio/Ficha/3804                          ,19437,Juegos Fisa,Región de Arica y Parinacota,Arica,-18.4864266664121,-70.2890914663915,Otras categorías,Otros,http://snifa.sma.gob.cl/UnidadFiscalizable/Ficha/19437                         ,2026-09-12,284.0
3805,D-197-2024,Denuncia,Terminado - Sanción,2024-08-30,2025-06-05,No,7.5,https://snifa.sma.gob.cl/Sancionatorio/Ficha/3805                          ,21441,PANADERIA LA VENEZOLANA,Región de la Araucanía,Lautaro,,,Equipamiento,Panadería,http://snifa.sma.gob.cl/UnidadFiscalizable/Ficha/21441                         ,2026-09-12,279.0
3806,D-200-2024,Denuncia,Terminado - Sanción,2024-08-30,2025-09-01,No,68.0,https://snifa.sma.gob.cl/Sancionatorio/Ficha/3806                          ,22120,AGROSUPER IQUIQUE,Región de Tarapacá,Iquique,-20.23046,-70.13529,Equipamiento,Centro comercial,http://snifa.sma.gob.cl/UnidadFiscalizable/Ficha/22120                         ,2026-09-12,367.0
3810,D-204-2024,Denuncia,Terminado - Sanción,2024-08-30,2025-09-03,No,2.4,https://snifa.sma.gob.cl/Sancionatorio/Ficha/3810                          ,17237,BAR RAÍCES BEER & FOOD (EX BAR RAÍCES),Región de Aysén del General Carlos Ibáñez del Campo,Coyhaique,-45.569321,-72.0690965,Equipamiento,Discoteca / pub,http://snifa.sma.gob.cl/UnidadFiscalizable/Ficha/17237                         ,2026-09-12,369.0
3815,F-035-2024,Fiscalización,Terminado - Sanción,2024-09-06,2025-05-09,No,1.3,https://snifa.sma.gob.cl/Sancionatorio/Ficha/3815                          ,14918,ETFA 025-01- SERPRAM S.A.,Región Metropolitana,Ñuñoa,-33.4709708,-70.60325239999997,ETFA,Aire - MP,http://snifa.sma.gob.cl/UnidadFiscalizable/Ficha/14918                         ,2026-09-12,245.0
3830,D-221-2024,Denuncia,Terminado - Sanción,2024-09-30,2025-07-02,No,20.0,https://snifa.sma.gob.cl/Sancionatorio/Ficha/3830                          ,21444,SUPERMERCADO SANTA ISABEL HUÉRFANOS - SANTIAGO,Región Metropolitana,Santiago,-33.44016512359742,-70.65728084723962,Equipamiento,Centro comercial,http://snifa.sma.gob.cl/UnidadFiscalizable/Ficha/21444                         ,2026-09-12,275.0
3832,F-040-2024,Fiscalización,Terminado - Sanción,2024-09-30,2025-07-02,No,31.0,https://snifa.sma.gob.cl/Sancionatorio/Ficha/3832                          ,11339,ALCALDE S.A.,Región del Libertador General Bernardo O'Higgins,Olivar,-34.208037,-70.818408,Agroindustrias,Producción agrícola / cultivos,http://snifa.sma.gob.cl/UnidadFiscalizable/Ficha/11339                         ,2026-09-12,275.0
3836,D-227-2024,Denuncia,Terminado - Sanción,2024-09-30,2025-07-03,No,3.7,https://snifa.sma.gob.cl/Sancionatorio/Ficha/3836                          ,22502,RESTAURANT DA FRANCO L’UMANITARIA - SANTIAGO,Región Metropolitana,Santiago,-33.441001,-70.634333,Equipamiento,Restorán / Servicio de comidas,http://snifa.sma.gob.cl/UnidadFiscalizable/Ficha/22502                         ,2026-09-12,276.0
3837,D-220-2024,Denuncia,Terminado - Sanción,2024-09-30,2025-07-03,No,2.8,https://snifa.sma.gob.cl/Sancionatorio/Ficha/3837                          ,18619,SOL RESTAURANT,Región Metropolitana,Providencia,-33.43609101812073,-70.59414682242188,Equipamiento,Restorán / Servicio de comidas,http://snifa.sma.gob.cl/UnidadFiscalizable/Ficha/18619                         ,2026-09-12,276.0
3838,F-041-2024,Fiscalización,Terminado - Sanción,2024-10-02,2025-06-30,No,1.0,https://snifa.sma.gob.cl/Sancionatorio/Ficha/3838                          ,1362,PESQUERA ALCAR,Región de Coquimbo,Coquimbo,-30.322929,-71.570917,Pesca y Acuicultura,Centro de cultivo de moluscos / crustáceos,http://snifa.sma.gob.cl/UnidadFiscalizable/Ficha/1362                          ,2026-09-12,271.0
3845,F-045-2024,Fiscalización,Terminado - Sanción,2024-10-11,2025-07-24,No,21.0,https://snifa.sma.gob.cl/Sancionatorio/Ficha/3845                          ,11417,LANDCATCH CHILE LTDA. (PISC.CULULI),Región de los Lagos,Cochamó,-41.482411,-72.330502,Pesca y Acuicultura,Centro de cultivo de peces,http://snifa.sma.gob.cl/UnidadFiscalizable/Ficha/11417                         ,2026-09-12,286.0
3848,D-233-2024,Denuncia,Terminado - Sanción,2024-10-15,2025-07-18,No,13.0,https://snifa.sma.gob.cl/Sancionatorio/Ficha/3848                          ,22074,GIMNASIO MUNICIPAL CHIGUAYANTE,Región del Biobío,Chiguayante,-36.910626,-73.029868,Equipamiento,Centro deportivo / gimnasio,http://snifa.sma.gob.cl/UnidadFiscalizable/Ficha/22074                         ,2026-09-12,276.0
3867,F-055-2024,Fiscalización,Terminado - Sanción,2024-10-25,2025-07-31,No,9.7,https://snifa.sma.gob.cl/Sancionatorio/Ficha/3867                          ,18786,PFV AUSTRIAN SOLAR,Región de Atacama,Diego de Almagro,-26.310823,-69.870319,Energía,Parque solar,http://snifa.sma.gob.cl/UnidadFiscalizable/Ficha/18786                         ,2026-09-12,279.0
3869,D-251-2024,Denuncia,Terminado - Sanción,2024-10-25,2026-03-18,No,5.5,https://snifa.sma.gob.cl/Sancionatorio/Ficha/3869                          ,22414,PÁDEL POINT PARQUE PUYEHUE SUR– PEÑALOLÉN,Región Metropolitana,Peñalolén,-33.490298,-70.543799,Equipamiento,Centro deportivo / gimnasio,http://snifa.sma.gob.cl/UnidadFiscalizable/Ficha/22414                         ,2026-09-12,509.0
3894,F-063-2024,Fiscalización,Terminado - Sanción,2024-11-13,2025-10-29,No,2.3,https://snifa.sma.gob.cl/Sancionatorio/Ficha/3894                          ,17673,EDIFICIO PICARTE,Región de Los Ríos,Valdivia,-39.814484,-73.243792,Equipamiento,Otros equipamientos,http://snifa.sma.gob.cl/UnidadFiscalizable/Ficha/17673                         ,2026-09-12,350.0
3899,D-263-2024,Denuncia,Terminado - Sanción,2024-11-19,2026-06-16,No,1.3,https://snifa.sma.gob.cl/Sancionatorio/Ficha/3899                          ,22118,Lavandería la Moderna,Región de Arica y Parinacota,Arica,-18.478921,-70.317269,Equipamiento,Otros equipamientos,http://snifa.sma.gob.cl/UnidadFiscalizable/Ficha/22118                         ,2026-09-12,574.0
3900,D-264-2024,Denuncia,Terminado - Sanción,2024-11-19,2025-08-22,No,2.5,https://snifa.sma.gob.cl/Sancionatorio/Ficha/3900                          ,21579,RESTAURANTE YU LUNG – PROVIDENCIA,Región Metropolitana,Providencia,-33.43681,-70.60116,Equipamiento,Restorán / Servicio de comidas,http://snifa.sma.gob.cl/UnidadFiscalizable/Ficha/21579                         ,2026-09-12,276.0
3902,D-265-2024,Denuncia,Terminado - Sanción,2024-11-19,2026-06-04,No,7.9,https://snifa.sma.gob.cl/Sancionatorio/Ficha/3902                          ,22493,LA CASA DEL CHEF - PROVIDENCIA,Región Metropolitana,Providencia,-33.44178,-70.63313,Equipamiento,Restorán / Servicio de comidas,http://snifa.sma.gob.cl/UnidadFiscalizable/Ficha/22493                         ,2026-09-12,562.0
3903,D-259-2024,Denuncia,Terminado - Sanción,2024-11-21,2026-05-28,No,7.5,https://snifa.sma.gob.cl/Sancionatorio/Ficha/3903                          ,21275,PUB LA PINTA CCP,Región del Biobío,Concepción,-36.825076,-73.040966,Equipamiento,Discoteca / pub,http://snifa.sma.gob.cl/UnidadFiscalizable/Ficha/21275                         ,2026-09-12,553.0
3906,D-271-2024,Denuncia,Terminado - Sanción,2024-11-25,2026-03-04,No,1.9,https://snifa.sma.gob.cl/Sancionatorio/Ficha/3906                          ,21276,CENTRO DE EVENTOS AGUAYO CCP,Región del Biobío,Concepción,-36.81345,-73.064277,Equipamiento,Otros equipamientos,http://snifa.sma.gob.cl/UnidadFiscalizable/Ficha/21276                         ,2026-09-12,464.0
3931,D-280-2024,Denuncia,Terminado - Sanción,2024-11-29,2025-09-02,No,3.6,https://snifa.sma.gob.cl/Sancionatorio/Ficha/3931                          ,22388,RESTAURANTE BLUE MOON,Región de Coquimbo,Coquimbo,-29.94864,-71.33686,Equipamiento,Restorán / Servicio de comidas,http://snifa.sma.gob.cl/UnidadFiscalizable/Ficha/22388                         ,2026-09-12,277.0
3932,D-283-2024,Denuncia,Terminado - Sanción,2024-11-29,2025-08-29,No,1.9,https://snifa.sma.gob.cl/Sancionatorio/Ficha/3932                          ,21279,BREAK LOMAS OUTDOORPARK CCP,Región del Biobío,Concepción,-36.78818119546611,-73.05377346023288,Equipamiento,Otros equipamientos,http://snifa.sma.gob.cl/UnidadFiscalizable/Ficha/21279                         ,2026-09-12,273.0
3933,D-279-2024,Denuncia,Terminado - Sanción,2024-11-29,2025-11-13,No,1.4,https://snifa.sma.gob.cl/Sancionatorio/Ficha/3933                          ,21374,La Barra Sport & Bar,Región de Tarapacá,Iquique,-20.256021,-70.13366,Equipamiento,Discoteca / pub,http://snifa.sma.gob.cl/UnidadFiscalizable/Ficha/21374                         ,2026-09-12,349.0
3946,F-079-2024,Fiscalización,Terminado - Sanción,2024-12-09,2025-09-26,No,21.3,https://snifa.sma.gob.cl/Sancionatorio/Ficha/3946                          ,1265,EMISARIO SUBMARINO PESQUERA SAN JOSE - LA PAMPILLA,Región de Coquimbo,Coquimbo,-29.9625,-71.3625,Pesca y Acuicultura,Elaboración y procesado de recursos hidrobiológicos,http://snifa.sma.gob.cl/UnidadFiscalizable/Ficha/1265                          ,2026-09-12,291.0
3951,D-292-2024,Denuncia,Terminado - Sanción,2024-12-11,2025-10-01,No,2.7,https://snifa.sma.gob.cl/Sancionatorio/Ficha/3951                          ,23119,Casa Rustika Pizzería,Región del Maule,Talca,-35.432682,-71.61015,Equipamiento,Restorán / Servicio de comidas,http://snifa.sma.gob.cl/UnidadFiscalizable/Ficha/23119                         ,2026-09-12,294.0
3958,D-294-2024,Denuncia,Terminado - Sanción,2024-12-13,2026-05-08,No,8.8,https://snifa.sma.gob.cl/Sancionatorio/Ficha/3958                          ,22062,Eagles’ College,Región de Tarapacá,Iquique,-20.25517,-70.13245,Equipamiento,Establecimiento educacional,http://snifa.sma.gob.cl/UnidadFiscalizable/Ficha/22062                         ,2026-09-12,511.0
3972,D-303-2024,Denuncia,Terminado - Sanción,2024-12-20,2025-10-02,No,2.4,https://snifa.sma.gob.cl/Sancionatorio/Ficha/3972                          ,22725,REFUGIO AUSTRAL SPA,Región de los Lagos,Puerto Montt,,,Equipamiento,Restorán / Servicio de comidas,http://snifa.sma.gob.cl/UnidadFiscalizable/Ficha/22725                         ,2026-09-12,286.0
3979,D-304-2024,Denuncia,Terminado - Sanción,2024-12-23,2025-09-26,No,3.2,https://snifa.sma.gob.cl/Sancionatorio/Ficha/3979                          ,22707,SUPERMERCADO SUREÑOS - PUERTO MONTT,Región de los Lagos,Puerto Montt,-41.4683,-72.91774,Equipamiento,Otros equipamientos,http://snifa.sma.gob.cl/UnidadFiscalizable/Ficha/22707                         ,2026-09-12,277.0
3983,D-301-2024,Denuncia,Terminado - Sanción,2024-12-23,2025-09-26,No,3.4,https://snifa.sma.gob.cl/Sancionatorio/Ficha/3983                          ,22070,Gimnasio Entrigym,Región de Antofagasta,Tocopilla,-22.08726,-70.18997,Equipamiento,Centro deportivo / gimnasio,http://snifa.sma.gob.cl/UnidadFiscalizable/Ficha/22070                         ,2026-09-12,277.0
3998,D-015-2025,Denuncia,Terminado - Sanción,2025-01-22,2026-05-19,No,1.4,https://snifa.sma.gob.cl/Sancionatorio/Ficha/3998                          ,17074,NIGHT CLUB PARAÍSO,Región del Biobío,Concepción,-36.819171,-73.042757,Equipamiento,Discoteca / pub,http://snifa.sma.gob.cl/UnidadFiscalizable/Ficha/17074                         ,2026-09-12,482.0
4001,D-012-2025,Denuncia,Terminado - Sanción,2025-01-24,2025-10-14,No,1.0,https://snifa.sma.gob.cl/Sancionatorio/Ficha/4001                          ,19879,RESTAURANTE LOMITOS QUILPUÉ,Región de Valparaíso,Quilpué,-33.045732,-71.44619,Equipamiento,Restorán / Servicio de comidas,http://snifa.sma.gob.cl/UnidadFiscalizable/Ficha/19879                         ,2026-09-12,263.0
4009,D-024-2025,Denuncia,Terminado - Sanción,2025-01-29,2026-01-30,No,3.9,https://snifa.sma.gob.cl/Sancionatorio/Ficha/4009                          ,22696,PUB MADRIGUERA - CCP,Región del Biobío,Concepción,-36.826379,-73.039238,Equipamiento,Discoteca / pub,http://snifa.sma.gob.cl/UnidadFiscalizable/Ficha/22696                         ,2026-09-12,366.0
4022,D-036-2025,Denuncia,Terminado - Sanción,2025-02-14,2026-02-06,No,1.6,https://snifa.sma.gob.cl/Sancionatorio/Ficha/4022                          ,22869,Restaurant La Aldea,Región de Ñuble,Chillán,-36.60666,-72.10023,Equipamiento,Restorán / Servicio de comidas,http://snifa.sma.gob.cl/UnidadFiscalizable/Ficha/22869                         ,2026-09-12,357.0
4029,D-037-2025,Denuncia,Terminado - Sanción,2025-02-21,2025-11-25,No,1.4,https://snifa.sma.gob.cl/Sancionatorio/Ficha/4029                          ,21277,LOMO ALEMÁN SPP,Región del Biobío,San Pedro de la Paz,-36.85416671369864,-73.1400437737043,Equipamiento,Restorán / Servicio de comidas,http://snifa.sma.gob.cl/UnidadFiscalizable/Ficha/21277                         ,2026-09-12,277.0
4046,F-004-2025,Fiscalización,Terminado - Sanción,2025-03-18,2026-02-27,No,1.6,https://snifa.sma.gob.cl/Sancionatorio/Ficha/4046                          ,16836,LEÑERÍA JUAN ZÚÑIGA,Región del Libertador General Bernardo O'Higgins,Machalí,-34.1748288,-70.6911991,Equipamiento,Centro de comercialización de leña,http://snifa.sma.gob.cl/UnidadFiscalizable/Ficha/16836                         ,2026-09-12,346.0
4052,F-006-2025,Fiscalización,Terminado - Sanción,2025-03-21,2026-06-16,No,5.4,https://snifa.sma.gob.cl/Sancionatorio/Ficha/4052                          ,14891,ETFA 003-01-LABORATORIO HIDROLAB  SANTIAGO,Región Metropolitana,Quilicura,-33.3835507,-70.74569129999998,ETFA,Agua potable/bebida,http://snifa.sma.gob.cl/UnidadFiscalizable/Ficha/14891                         ,2026-09-12,452.0
4054,D-060-2025,Denuncia,Terminado - Sanción,2025-03-24,2026-05-15,No,2.3,https://snifa.sma.gob.cl/Sancionatorio/Ficha/4054                          ,23125,Canchas Santa Laura,Región de Los Ríos,Valdivia,-39.851815,-73.203103,Equipamiento,Centro deportivo / gimnasio,http://snifa.sma.gob.cl/UnidadFiscalizable/Ficha/23125                         ,2026-09-12,417.0
4055,D-061-2025,Denuncia,Terminado - Sanción,2025-03-25,2026-03-25,No,13.0,https://snifa.sma.gob.cl/Sancionatorio/Ficha/4055                          ,23674,FÁBRICA MABOPLAS – SAN MIGUEL,Región Metropolitana,San Miguel,-33.490493,-70.641988,Instalación fabril,Planta de Polímeros sintéticos (Producción / tratamiento / reciclaje),http://snifa.sma.gob.cl/UnidadFiscalizable/Ficha/23674                         ,2026-09-12,365.0
4064,D-065-2025,Denuncia,Terminado - Sanción,2025-03-31,2026-01-22,No,11.0,https://snifa.sma.gob.cl/Sancionatorio/Ficha/4064                          ,22692,Aridos Fe Blanca San Carlos,Región de Ñuble,San Carlos,-36.517912,-71.92826,Minería,Áridos,http://snifa.sma.gob.cl/UnidadFiscalizable/Ficha/22692                         ,2026-09-12,297.0
4073,D-077-2025,Denuncia,Terminado - Sanción,2025-04-17,2026-04-17,No,2.7,https://snifa.sma.gob.cl/Sancionatorio/Ficha/4073                          ,23745,FUNDO EL PANGUI - MACHALI,Región del Libertador General Bernardo O'Higgins,Machalí,-34.196,-70.649492,Equipamiento,Centro de eventos,http://snifa.sma.gob.cl/UnidadFiscalizable/Ficha/23745                         ,2026-09-12,365.0
4074,D-084-2025,Denuncia,Terminado - Sanción,2025-04-17,2026-04-20,No,3.5,https://snifa.sma.gob.cl/Sancionatorio/Ficha/4074                          ,23053,RESTAURANTE SAPIENS - PROVIDENCIA,Región Metropolitana,Providencia,-33.44563,-70.62503,Equipamiento,Restorán / Servicio de comidas,http://snifa.sma.gob.cl/UnidadFiscalizable/Ficha/23053                         ,2026-09-12,368.0
4077,D-080-2025,Denuncia,Terminado - Sanción,2025-04-17,2026-01-23,No,1.5,https://snifa.sma.gob.cl/Sancionatorio/Ficha/4077                          ,23449,CLUB DEPORTIVO ESMERALDA,Región de Magallanes y la Antártica Chilena,Natales,-51.72856,-72.50139,Equipamiento,Centro deportivo / gimnasio,http://snifa.sma.gob.cl/UnidadFiscalizable/Ficha/23449                         ,2026-09-12,281.0
4080,D-089-2025,Denuncia,Terminado - Sanción,2025-04-24,2026-01-30,No,6.3,https://snifa.sma.gob.cl/Sancionatorio/Ficha/4080                          ,19547,SELINCON,Región del Maule,Talca,-35.42410060923354,-71.64753030229883,,,http://snifa.sma.gob.cl/UnidadFiscalizable/Ficha/19547                         ,2026-09-12,281.0
4088,D-097-2025,Denuncia,Terminado - Sanción,2025-04-25,2026-02-02,No,7.2,https://snifa.sma.gob.cl/Sancionatorio/Ficha/4088                          ,23804,CONCESIÓN MARÍTIMA MAYOR ROCK AND SOCCER,Región de Antofagasta,Antofagasta,-23.697556,-70.422401,Equipamiento,Discoteca / pub,http://snifa.sma.gob.cl/UnidadFiscalizable/Ficha/23804                         ,2026-09-12,283.0
4090,D-099-2025,Denuncia,Terminado - Sanción,2025-04-28,2026-02-03,No,1.4,https://snifa.sma.gob.cl/Sancionatorio/Ficha/4090                          ,19647,BRUNA GASTROBAR,Región de Magallanes y la Antártica Chilena,Punta Arenas,-53.146474,-70.894374,Equipamiento,Discoteca / pub,http://snifa.sma.gob.cl/UnidadFiscalizable/Ficha/19647                         ,2026-09-12,281.0
4091,D-101-2025,Denuncia,Terminado - Sanción,2025-04-28,2026-02-03,No,3.0,https://snifa.sma.gob.cl/Sancionatorio/Ficha/4091                          ,23008,PORTAL PADEL - MAIPÚ,Región Metropolitana,Macul,-33.51628,-70.76004,Equipamiento,Centro deportivo / gimnasio,http://snifa.sma.gob.cl/UnidadFiscalizable/Ficha/23008                         ,2026-09-12,281.0
4098,D-107-2025,Denuncia,Terminado - Sanción,2025-04-30,2026-02-05,No,2.4,https://snifa.sma.gob.cl/Sancionatorio/Ficha/4098                          ,23759,RESTOBAR DONDE LA CARITO,Región de Valparaíso,Cartagena,,,Equipamiento,Discoteca / pub,http://snifa.sma.gob.cl/UnidadFiscalizable/Ficha/23759                         ,2026-09-12,281.0
4101,D-098-2025,Denuncia,Terminado - Sanción,2025-04-30,2026-02-05,No,1.4,https://snifa.sma.gob.cl/Sancionatorio/Ficha/4101                          ,21578,Fire House,Región de Antofagasta,Antofagasta,-23.68955,-70.42007,Equipamiento,Discoteca / pub,http://snifa.sma.gob.cl/UnidadFiscalizable/Ficha/21578                         ,2026-09-12,281.0
4110,D-091-2025,Denuncia,Terminado - Sanción,2025-05-12,2026-02-16,No,1.7,https://snifa.sma.gob.cl/Sancionatorio/Ficha/4110                          ,22721,LOCAL COMERCIAL NOVAKING OSORNO,Región de los Lagos,Osorno,-40.57734,-73.123029,Equipamiento,Restorán / Servicio de comidas,http://snifa.sma.gob.cl/UnidadFiscalizable/Ficha/22721                         ,2026-09-12,280.0
4113,D-118-2025,Denuncia,Terminado - Sanción,2025-05-16,2026-02-16,No,5.9,https://snifa.sma.gob.cl/Sancionatorio/Ficha/4113                          ,22127,LA DAMA JUANA RESTAURANT – PROVIDENCIA,Región Metropolitana,Providencia,-33.44344,-70.62657,Equipamiento,Restorán / Servicio de comidas,http://snifa.sma.gob.cl/UnidadFiscalizable/Ficha/22127                         ,2026-09-12,276.0
4115,D-120-2025,Denuncia,Terminado - Sanción,2025-05-19,2025-08-18,No,7.7,https://snifa.sma.gob.cl/Sancionatorio/Ficha/4115                          ,23864,INSTABAR LA CALERA,Región de Valparaíso,Calera,,,Equipamiento,Otros equipamientos,http://snifa.sma.gob.cl/UnidadFiscalizable/Ficha/23864                         ,2026-09-12,91.0
4124,D-127-2025,Denuncia,Terminado - Sanción,2025-05-23,2026-02-26,No,2.2,https://snifa.sma.gob.cl/Sancionatorio/Ficha/4124                          ,19520,RESTAURANT EMBORA,Región del Biobío,Concepción,-36.82834,-73.05345,Equipamiento,Restorán / Servicio de comidas,http://snifa.sma.gob.cl/UnidadFiscalizable/Ficha/19520                         ,2026-09-12,279.0
4125,D-130-2025,Denuncia,Terminado - Sanción,2025-05-27,2026-02-26,No,1.8,https://snifa.sma.gob.cl/Sancionatorio/Ficha/4125                          ,23686,BAR MOZZAFIATO,Región del Maule,Constitución,-35.331893,-72.410483,Equipamiento,Discoteca / pub,http://snifa.sma.gob.cl/UnidadFiscalizable/Ficha/23686                         ,2026-09-12,275.0
4129,D-135-2025,Denuncia,Terminado - Sanción,2025-05-28,2026-02-26,No,2.7,https://snifa.sma.gob.cl/Sancionatorio/Ficha/4129                          ,23670,Bartolomeo Coyhaique,Región de Aysén del General Carlos Ibáñez del Campo,Coyhaique,-45.570747,-72.064752,Equipamiento,Discoteca / pub,http://snifa.sma.gob.cl/UnidadFiscalizable/Ficha/23670                         ,2026-09-12,274.0
4136,D-141-2025,Denuncia,Terminado - Sanción,2025-05-29,2026-04-20,No,4.1,https://snifa.sma.gob.cl/Sancionatorio/Ficha/4136                          ,23730,CLUB DE YATES ANTOFAGASTA,Región de Antofagasta,Antofagasta,-23.644688,-70.398552,Equipamiento,Centro de eventos,http://snifa.sma.gob.cl/UnidadFiscalizable/Ficha/23730                         ,2026-09-12,326.0
4141,D-142-2025,Denuncia,Terminado - Sanción,2025-05-30,2026-03-03,No,1.9,https://snifa.sma.gob.cl/Sancionatorio/Ficha/4141                          ,17454,SUSHI SAKE,Región de Tarapacá,Iquique,-20.24178,-70.143156,Equipamiento,Restorán / Servicio de comidas,http://snifa.sma.gob.cl/UnidadFiscalizable/Ficha/17454                         ,2026-09-12,277.0
4142,D-145-2025,Denuncia,Terminado - Sanción,2025-05-30,2026-02-20,No,2.0,https://snifa.sma.gob.cl/Sancionatorio/Ficha/4142                          ,22900,Mesón de Baco Restobar,Región de Los Ríos,Valdivia,-39.80968,-73.25399,Equipamiento,Discoteca / pub,http://snifa.sma.gob.cl/UnidadFiscalizable/Ficha/22900                         ,2026-09-12,266.0
4150,D-149-2025,Denuncia,Terminado - Sanción,2025-06-10,2026-03-20,No,1.7,https://snifa.sma.gob.cl/Sancionatorio/Ficha/4150                          ,23679,CLUB GORDOS,Región de Antofagasta,Antofagasta,,,Equipamiento,Discoteca / pub,http://snifa.sma.gob.cl/UnidadFiscalizable/Ficha/23679                         ,2026-09-12,283.0
4152,D-151-2025,Denuncia,Terminado - Sanción,2025-06-13,2026-03-20,No,2.2,https://snifa.sma.gob.cl/Sancionatorio/Ficha/4152                          ,13847,IGLESIA EVANGÉLICA RESTAURANDO ALTARES,Región Metropolitana,La Pintana,-33.5855462,-70.647625,Equipamiento,Centro de culto religioso / espiritual,http://snifa.sma.gob.cl/UnidadFiscalizable/Ficha/13847                         ,2026-09-12,280.0
4154,D-152-2025,Denuncia,Terminado - Sanción,2025-06-13,2026-04-09,No,2.3,https://snifa.sma.gob.cl/Sancionatorio/Ficha/4154                          ,23150,HOSTEL CARTEL 405 BAR CAFE DE ANGOL,Región de la Araucanía,Angol,-37.79821,-72.70572,Equipamiento,Discoteca / pub,http://snifa.sma.gob.cl/UnidadFiscalizable/Ficha/23150                         ,2026-09-12,300.0
4157,D-150-2025,Denuncia,Terminado - Sanción,2025-06-19,2026-03-25,No,1.0,https://snifa.sma.gob.cl/Sancionatorio/Ficha/4157                          ,22857,La Fuente Carrera - La Reina,Región Metropolitana,La Reina,-33.453357,-70.566845,Equipamiento,Restorán / Servicio de comidas,http://snifa.sma.gob.cl/UnidadFiscalizable/Ficha/22857                         ,2026-09-12,279.0
4161,D-153-2025,Denuncia,Terminado - Sanción,2025-06-24,2026-03-27,No,7.7,https://snifa.sma.gob.cl/Sancionatorio/Ficha/4161                          ,23177,OSTRAS BILBAO - PROVIDENCIA,Región Metropolitana,Providencia,-33.43494,-70.58881,Equipamiento,Otros equipamientos,http://snifa.sma.gob.cl/UnidadFiscalizable/Ficha/23177                         ,2026-09-12,276.0
4169,D-162-2025,Denuncia,Terminado - Sanción,2025-06-27,2026-04-01,No,1.1,https://snifa.sma.gob.cl/Sancionatorio/Ficha/4169                          ,17316,EDIFICIOSALA DE BOMBAS EDIFICIO VISTA LAGUNA-CCP,Región del Biobío,Concepción,-36.812127,-73.047421,Vivienda e Inmobiliarios,Edificio Habitacional,http://snifa.sma.gob.cl/UnidadFiscalizable/Ficha/17316                         ,2026-09-12,278.0
4173,D-169-2025,Denuncia,Terminado - Sanción,2025-06-30,2026-06-01,No,2.8,https://snifa.sma.gob.cl/Sancionatorio/Ficha/4173                          ,23866,Bar Moloko Tobalaba - Providencia,Región Metropolitana,Providencia,-33.423701,-70.594746,Equipamiento,Discoteca / pub,http://snifa.sma.gob.cl/UnidadFiscalizable/Ficha/23866                         ,2026-09-12,336.0
4174,D-170-2025,Denuncia,Terminado - Sanción,2025-06-30,2026-04-08,No,1.9,https://snifa.sma.gob.cl/Sancionatorio/Ficha/4174                          ,17179,SANTOS Y DEMONIOS - SAN CARLOS (EX DISCOTECA SUNRISE),Región de Ñuble,San Carlos,-36.4343361,-71.9618694,Equipamiento,Discoteca / pub,http://snifa.sma.gob.cl/UnidadFiscalizable/Ficha/17179                         ,2026-09-12,282.0
4192,D-180-2025,Denuncia,Terminado - Sanción,2025-07-18,2026-04-21,No,11.0,https://snifa.sma.gob.cl/Sancionatorio/Ficha/4192                          ,23875,CLÍNICA VETERINARIA NERVET - PROVIDENCIA,Región Metropolitana,Providencia,-33.437758,-70.61458,Equipamiento,Centro de salud animal,http://snifa.sma.gob.cl/UnidadFiscalizable/Ficha/23875                         ,2026-09-12,277.0
4193,D-183-2025,Denuncia,Terminado - Sanción,2025-07-21,2026-04-17,No,2.2,https://snifa.sma.gob.cl/Sancionatorio/Ficha/4193                          ,23663,Banús Lounge,Región de la Araucanía,Pucón,-39.276712,-71.979607,Equipamiento,Restorán / Servicio de comidas,http://snifa.sma.gob.cl/UnidadFiscalizable/Ficha/23663                         ,2026-09-12,270.0
4199,D-188-2025,Denuncia,Terminado - Sanción,2025-07-25,2026-04-28,No,64.0,https://snifa.sma.gob.cl/Sancionatorio/Ficha/4199                          ,23777,Santa Isabel - El Boldo Curicó,Región del Maule,Curicó,-34.970283,-71.229194,Equipamiento,Centro comercial,http://snifa.sma.gob.cl/UnidadFiscalizable/Ficha/23777                         ,2026-09-12,277.0
4202,D-182-2025,Denuncia,Terminado - Sanción,2025-07-28,2026-04-24,No,4.2,https://snifa.sma.gob.cl/Sancionatorio/Ficha/4202                          ,23738,Áridos Inversiones Doña Ermelinda SpA,Región de los Lagos,Calbuco,-41.684021,-73.126275,Minería,Áridos,http://snifa.sma.gob.cl/UnidadFiscalizable/Ficha/23738                         ,2026-09-12,270.0
4203,D-179-2025,Denuncia,Terminado - Sanción,2025-07-28,2026-04-29,No,1.6,https://snifa.sma.gob.cl/Sancionatorio/Ficha/4203                          ,22729,Bar La Fortuna,Región de Tarapacá,Iquique,-20.21258,-70.14725,Equipamiento,Discoteca / pub,http://snifa.sma.gob.cl/UnidadFiscalizable/Ficha/22729                         ,2026-09-12,275.0
4206,D-193-2025,Denuncia,Terminado - Sanción,2025-07-30,2026-05-04,No,4.9,https://snifa.sma.gob.cl/Sancionatorio/Ficha/4206                          ,23894,BAR CALABRIA MANUEL MONTT– PROVIDENCIA,Región Metropolitana,Providencia,-33.42866,-70.618559,Equipamiento,Discoteca / pub,http://snifa.sma.gob.cl/UnidadFiscalizable/Ficha/23894                         ,2026-09-12,278.0
4227,D-210-2025,Denuncia,Terminado - Sanción,2025-08-22,2026-05-27,No,1.5,https://snifa.sma.gob.cl/Sancionatorio/Ficha/4227                          ,23531,COMUNIDAD EDIFICIO BARROS ERRAZURIZ 1925,Región Metropolitana,Providencia,-33.42753,-70.61313,Vivienda e Inmobiliarios,Edificio Habitacional,http://snifa.sma.gob.cl/UnidadFiscalizable/Ficha/23531                         ,2026-09-12,278.0
4243,D-221-2025,Denuncia,Terminado - Sanción,2025-08-29,2026-06-01,No,15.0,https://snifa.sma.gob.cl/Sancionatorio/Ficha/4243                          ,19379,IDÍLICO-SCHOPERÍA 4 1/2,Región de Valparaíso,Viña del Mar,-32.97031697403862,-71.54308000163246,Equipamiento,Restorán / Servicio de comidas,http://snifa.sma.gob.cl/UnidadFiscalizable/Ficha/19379                         ,2026-09-12,276.0
4277,D-249-2025,Denuncia,Terminado - Sanción,2025-09-30,2026-07-02,No,1.4,https://snifa.sma.gob.cl/Sancionatorio/Ficha/4277                          ,23657,Restaurant Juan Criollo (San Carlos),Región de Ñuble,San Carlos,-36.420315,-71.959027,Equipamiento,Restorán / Servicio de comidas,http://snifa.sma.gob.cl/UnidadFiscalizable/Ficha/23657                         ,2026-09-12,275.0
4280,D-251-2025,Denuncia,Terminado - Sanción,2025-09-30,2026-07-03,No,40.0,https://snifa.sma.gob.cl/Sancionatorio/Ficha/4280                          ,24320,Clínica Integramédica Santa Lucía - San Bernardo,Región Metropolitana,San Bernardo,-33.59244,-70.70224,Equipamiento,Centro de salud humana,http://snifa.sma.gob.cl/UnidadFiscalizable/Ficha/24320                         ,2026-09-12,276.0
4299,F-050-2025,Fiscalización,Terminado - Sanción,2025-10-14,2026-07-09,No,3.0,https://snifa.sma.gob.cl/Sancionatorio/Ficha/4299                          ,17719,ETFA 066-01 VIBROACUSTICA - LA CAPITANÍA,Región Metropolitana,Las Condes,-33.4108423,-70.5739709,ETFA,Medición de ruido,http://snifa.sma.gob.cl/UnidadFiscalizable/Ficha/17719                         ,2026-09-12,268.0
4301,F-048-2025,Fiscalización,Terminado - Sanción,2025-10-14,2026-07-20,No,21.0,https://snifa.sma.gob.cl/Sancionatorio/Ficha/4301                          ,14192,MADERAS SANTA ELISA (EX VENTURELLI PLANTA TALCA),Región del Maule,Maule,-35.4397695,-71.6399078,Forestal,Aserradero / procesadora de madera,http://snifa.sma.gob.cl/UnidadFiscalizable/Ficha/14192                         ,2026-09-12,279.0
4318,D-268-2025,Denuncia,Terminado - Sanción,2025-10-23,2026-07-30,No,1.6,https://snifa.sma.gob.cl/Sancionatorio/Ficha/4318                          ,23840,PUB EL DELFÍN,Región de los Lagos,Llanquihue,-41.25946,-73.004506,Equipamiento,Discoteca / pub,http://snifa.sma.gob.cl/UnidadFiscalizable/Ficha/23840                         ,2026-09-12,280.0
4335,D-286-2025,Denuncia,Terminado - Sanción,2025-10-30,2026-08-05,No,1.6,https://snifa.sma.gob.cl/Sancionatorio/Ficha/4335                          ,24449,Bar Flama Merced - Santiago,Región Metropolitana,Santiago,-33.437408,-70.641347,Equipamiento,Restorán / Servicio de comidas,http://snifa.sma.gob.cl/UnidadFiscalizable/Ficha/24449                         ,2026-09-12,279.0
